-- Protected Lua Module | Hash: DEB7A2E09192E855
-- Runtime: Luau Compatible | Anti-Tamper Enabled

return (function()
local _cf2_lIIllIllIlIll_101 = string.char
local _bf2_lIlIlIlIIIIll_102 = string.byte
local _cn2__lllIlIII_103 = table.concat

local _d__IllIIllIlIl_114 = 0; for _d___lIlIlIllIl_115 = 1, 3 do _d__IllIIllIlIl_114 = _d__IllIIllIlIl_114 + _d___lIlIlIllIl_115 end
local _d__lIIIlIlllIIlIIl_117 = "VNPQNJEOBBsVfRUkBiSwJLzUxcg"; local _d_lIIIlllllIlII_118 = string.len(_d__lIIIlIlllIIlIIl_117) + 54
local _d__lIlIlIlI_120 = 0; for _d__IlIllIllIlIlI_121 = 1, 4 do _d__lIlIlIlI_120 = _d__lIlIlIlI_120 + _d__IlIllIllIlIlI_121 end
local _d_lIlIllIIIIIlIl_123 = 67; if _d_lIlIllIIIIIlIl_123 > 129 then local _d_IIllIIlI_124 = _d_lIlIllIIIIIlIl_123 * 2 end
local _d___lllIlIlIIlIl_126 = 0; for _d__IllllllIIIIIlI_127 = 1, 5 do _d___lllIlIlIIlIl_126 = _d___lllIlIlIIlIl_126 + _d__IllllllIIIIIlI_127 end
local _d__llllllIIIlIIIll_129 = "nQYHziPiLzVCHdbSXINv"; local _d___IllIlIIIIlllIl_130 = string.len(_d__llllllIIIlIIIll_129) + 81

local _dt2___IlIIllllllIl_97 = {
136, 113, 213, 175, 156, 193, 33, 207, 168, 146, 69, 11, 187, 152, 211, 133, 49, 1, 153, 69, 160, 9, 197, 165, 134, 137, 113, 16, 178, 130, 213, 44, 219, 145, 126, 106, 58, 107, 240, 147,
119, 185, 175, 231, 234, 152, 206, 22, 136, 220, 102, 229, 27, 227, 174, 60, 144, 1, 180, 10, 30, 155, 48, 9, 1, 212, 217, 88, 100, 75, 141, 70, 128, 255, 33, 177, 19, 167, 206, 76,
179, 114, 231, 205, 236, 25, 115, 111, 48, 8, 19, 217, 105, 111, 69, 245, 220, 188, 20, 212, 138, 2, 185, 12, 191, 147, 197, 65, 255, 138, 65, 218, 32, 91, 74, 33, 233, 90, 74, 236,
140, 66, 240, 149, 140, 155, 20, 168, 238, 192, 254, 179, 47, 33, 104, 217, 41, 121, 54, 102, 228, 27, 37, 150, 213, 89, 199, 96, 9, 46, 96, 180, 235, 103, 25, 103, 44, 56, 135, 99,
33, 44, 89, 13, 55, 255, 20, 153, 138, 164, 188, 242, 23, 227, 17, 72, 165, 9, 91, 204, 186, 28, 177, 110, 107, 217, 177, 82, 49, 97, 231, 47, 204, 179, 155, 72, 215, 45, 94, 88,
164, 121, 17, 206, 255, 24, 200, 3, 38, 136, 213, 164, 155, 158, 192, 20, 137, 37, 121, 249, 183, 62, 253, 224, 231, 15, 88, 193, 107, 184, 164, 65, 37, 109, 171, 33, 161, 37, 228, 155,
133, 92, 89, 111, 29, 102, 248, 188, 148, 181, 159, 145, 0, 52, 45, 133, 41, 64, 149, 237, 13, 192, 208, 154, 197, 49, 117, 54, 11, 57, 151, 152, 226, 172, 191, 86, 246, 162, 100, 252,
37, 153, 57, 84, 100, 239, 104, 116, 198, 125, 25, 0, 161, 147, 185, 163, 148, 108, 221, 231, 150, 49, 109, 64, 12, 197, 102, 240, 240, 159, 25, 43, 145, 197, 246, 27, 214, 30, 62, 108,
171, 3, 177, 126, 127, 232, 36, 80, 106, 186, 56, 248, 228, 176, 48, 9, 250, 245, 217, 172, 18, 142, 93, 21, 167, 218, 29, 226, 0, 172, 209, 172, 120, 233, 73, 238, 100, 127, 68, 75,
197, 108, 245, 48, 24, 120, 6, 140, 212, 234, 14, 97, 128, 161, 141, 240, 105, 48, 208, 253, 13, 227, 232, 146, 201, 48, 153, 140, 161, 147, 98, 156, 246, 211, 0, 66, 255, 137, 148, 220,
117, 73, 221, 107, 206, 95, 132, 235, 197, 204, 53, 16, 222, 215, 148, 44, 171, 188, 101, 108, 0, 65, 232, 144, 105, 208, 144, 157, 168, 230, 168, 87, 250, 200, 0, 160, 67, 167, 203, 104,
185, 12, 184, 34, 51, 180, 45, 5, 12, 229, 176, 72, 40, 64, 208, 30, 197, 167, 117, 225, 116, 247, 212, 76, 171, 99, 241, 222, 255, 77, 42, 56, 15, 25, 57, 212, 100, 111, 36, 187,
133, 245, 19, 128, 138, 14, 183, 23, 227, 154, 145, 3, 255, 167, 80, 193, 26, 118, 102, 40, 141, 118, 109, 194, 137, 101, 249, 175, 202, 131, 20, 242, 171, 146, 177, 170, 55, 45, 106, 182,
37, 121, 121, 52, 228, 79, 100, 219, 133, 28, 149, 96, 33, 38, 112, 131, 167, 90, 29, 71, 22, 81, 173, 96, 41, 37, 48, 59, 112, 239, 68, 214, 197, 170, 180, 252, 13, 242, 126, 12,
171, 35, 113, 158, 255, 72, 228, 121, 107, 157, 147, 20, 100, 47, 164, 123, 133, 252, 213, 9, 152, 7, 38, 93, 188, 20, 84, 154, 247, 103, 227, 64, 101, 203, 221, 225, 166, 138, 195, 20,
128, 2, 116, 210, 146, 18, 208, 174, 162, 67, 101, 246, 58, 230, 142, 92, 37, 57, 249, 116, 228, 15, 228, 155, 133, 92, 21, 95, 31, 99, 203, 240, 130, 191, 184, 135, 22, 17, 8, 160,
41, 64, 166, 144, 116, 191, 217, 139, 131, 109, 57, 35, 27, 93, 212, 204, 171, 227, 241, 94, 255, 136, 33, 178, 97, 179, 57, 84, 100, 239, 36, 59, 133, 60, 7, 69, 138, 146, 166, 146,
235, 108, 208, 202, 128, 20, 109, 64, 12, 224, 112, 141, 168, 211, 72, 66, 186, 152, 165, 122, 222, 23, 20, 108, 238, 77, 245, 84, 127, 232, 36, 28, 105, 182, 58, 245, 168, 207, 27, 9,
214, 227, 234, 159, 55, 171, 93, 21, 167, 255, 29, 199, 22, 244, 173, 224, 41, 128, 48, 187, 112, 109, 72, 75, 186, 41, 167, 79, 33, 123, 24, 192, 194, 239, 61, 82, 179, 161, 168, 213,
76, 48, 245, 235, 112, 188, 164, 230, 133, 44, 150, 129, 146, 203, 124, 227, 173, 157, 110, 49, 179, 241, 237, 128, 12, 5, 240, 77, 155, 75, 149, 226, 239, 204, 53, 16, 222, 158, 210, 44,
229, 140, 101, 62, 0, 122, 247, 163, 90, 198, 144, 184, 141, 230, 168, 87, 201, 181, 124, 236, 55, 235, 248, 85, 130, 12, 197, 124, 127, 183, 22, 108, 43, 230, 141, 4, 27, 122, 150, 116,
186, 224, 57, 188, 55, 187, 152, 0, 231, 10, 189, 183, 150, 97, 40, 3, 49, 10, 57, 128, 44, 42, 106, 145, 133, 188, 85, 128, 222, 71, 244, 92, 185, 214, 197, 91, 173, 150, 4, 194,
44, 69, 51, 100, 228, 31, 4, 238, 139, 72, 159, 149, 144, 211, 62, 198, 129, 207, 254, 189, 62, 36, 36, 227, 97, 6, 16, 120, 168, 38, 40, 151, 236, 117, 234, 116, 73, 103, 41, 252,
248, 38, 74, 46, 54, 126, 196, 83, 33, 22, 48, 8, 40, 150, 8, 135, 172, 133, 138, 164, 73, 183, 74, 12, 186, 52, 96, 158, 171, 0, 161, 114, 37, 149, 246, 87, 37, 99, 164, 4,
193, 131, 170, 63, 183, 75, 29, 80, 167, 58, 93, 130, 150, 84, 237, 0, 41, 133, 240, 219, 240, 199, 132, 118, 197, 51, 113, 239, 183, 27, 216, 197, 231, 15, 88, 215, 0, 188, 179, 92,
47, 57, 235, 116, 161, 65, 160, 177, 201, 19, 86, 97, 18, 39, 203, 248, 148, 140, 184, 135, 22, 52, 8, 160, 12, 101, 149, 237, 40, 243, 187, 158, 213, 44, 104, 112, 92, 4, 140, 150,
249, 141, 165, 41, 139, 242, 41, 168, 86, 207, 104, 13, 18, 187, 94, 75, 237, 116, 44, 71, 167, 149, 246, 199, 235, 95, 222, 205, 190, 20, 4, 115, 33, 246, 85, 141, 168, 211, 109, 66,
172, 229, 220, 47, 203, 6, 20, 113, 171, 80, 229, 44, 54, 166, 99, 18, 105, 188, 55, 188, 155, 139, 27, 36, 236, 245, 252, 172, 18, 171, 93, 48, 167, 218, 29, 226, 0, 173, 212, 165,
101, 226, 89, 213, 119, 85, 8, 4, 134, 45, 185, 48, 33, 115, 43, 243, 212, 239, 24, 119, 150, 132, 141, 213, 105, 48, 198, 129, 119, 175, 185, 251, 149, 103, 213, 134, 145, 213, 116, 227,
175, 172, 110, 49, 179, 212, 200, 128, 12, 5, 240, 77, 168, 54, 237, 167, 137, 128, 74, 5, 202, 215, 137, 44, 186, 207, 49, 45, 127, 108, 235, 220, 90, 253, 134, 139, 155, 195, 141, 114,
236, 144, 124, 201, 18, 206, 203, 41, 248, 115, 204, 110, 0, 188, 59, 19, 26, 229, 176, 109, 13, 115, 173, 98, 137, 197, 10, 229, 77, 247, 223, 76, 212, 39, 142, 161, 128, 68, 40, 48,
105, 112, 117, 189, 13, 35, 77, 210, 201, 240, 25, 255, 203, 83, 244, 25, 165, 215, 187, 66, 176, 155, 69, 192, 101, 118, 93, 27, 141, 83, 72, 194, 137, 101, 249, 156, 146, 219, 125, 133,
231, 207, 206, 235, 105, 104, 57, 156, 126, 107, 109, 39, 232, 79, 114, 207, 151, 16, 149, 109, 76, 112, 45, 240, 235, 62, 68, 59, 109, 101, 223, 44, 41, 38, 26, 5, 40, 255, 59, 143,
186, 147, 138, 252, 55, 222, 61, 101, 231, 111, 24, 210, 179, 4, 141, 85, 105, 149, 198, 1, 115, 47, 185, 123, 134, 131, 145, 63, 183, 75, 56, 117, 167, 58, 93, 130, 179, 84, 237, 37,
41, 133, 230, 177, 242, 245, 200, 36, 134, 13, 121, 144, 161, 19, 235, 211, 194, 42, 125, 242, 51, 228, 232, 16, 76, 117, 144, 29, 155, 26, 253, 155, 152, 92, 23, 97, 60, 127, 221, 213,
142, 130, 166, 168, 50, 58, 48, 136, 19, 101, 157, 245, 18, 239, 146, 195, 189, 46, 110, 112, 18, 56, 151, 141, 231, 227, 142, 26, 128, 247, 13, 176, 76, 213, 117, 24, 40, 134, 104, 82,
236, 85, 60, 127, 200, 215, 244, 193, 235, 64, 197, 220, 182, 22, 67, 2, 41, 204, 87, 236, 155, 219, 123, 84, 172, 229, 249, 28, 146, 91, 88, 32, 194, 79, 216, 23, 0, 253, 61, 21,
37, 242, 121, 167, 253, 229, 40, 20, 198, 221, 217, 224, 33, 163, 75, 21, 167, 218, 56, 199, 22, 244, 173, 197, 26, 255, 75, 196, 121, 127, 84, 80, 197, 42, 186, 98, 94, 72, 16, 243,
231, 239, 61, 82, 179, 161, 168, 213, 105, 48, 245, 253, 40, 227, 219, 237, 150, 124, 200, 192, 207, 139, 116, 142, 235, 151, 94, 78, 128, 220, 251, 165, 41, 32, 240, 77, 141, 19, 237, 130,
186, 218, 39, 16, 195, 215, 235, 104, 212, 170, 125, 87, 22, 65, 205, 144, 76, 208, 134, 226, 246, 143, 239, 27, 250, 152, 106, 236, 18, 235, 248, 112, 130, 63, 184, 34, 22, 180, 45, 32,
41, 214, 207, 23, 100, 122, 138, 79, 239, 224, 58, 179, 31, 187, 212, 51, 239, 28, 152, 146, 150, 97, 40, 48, 105, 85, 117, 189, 13, 16, 50, 174, 133, 161, 85, 148, 204, 92, 244, 21,
173, 147, 238, 74, 128, 177, 72, 229, 12, 69, 85, 40, 168, 83, 109, 194, 186, 26, 160, 208, 192, 151, 5, 251, 179, 131, 229, 182, 58, 38, 36, 208, 106, 58, 56, 120, 228, 48, 32, 164,
250, 117, 252, 44, 18, 43, 93, 149, 167, 90, 56, 81, 105, 46, 196, 49, 101, 22, 29, 59, 13, 179, 45, 162, 137, 160, 185, 252, 18, 222, 61, 115, 189, 54, 113, 148, 255, 90, 228, 121,
107, 157, 147, 62, 40, 96, 231, 58, 201, 252, 170, 20, 157, 120, 11, 80, 167, 31, 120, 167, 179, 113, 200, 37, 12, 160, 230, 189, 242, 223, 153, 107, 145, 5, 118, 219, 214, 94, 190, 134,
129, 15, 126, 253, 62, 228, 164, 35, 103, 127, 134, 11, 155, 102, 168, 242, 236, 16, 124, 73, 18, 107, 221, 213, 167, 154, 184, 162, 22, 7, 86, 250, 101, 52, 217, 215, 48, 237, 141, 197,
130, 34, 55, 41, 10, 50, 254, 128, 228, 160, 176, 18, 255, 247, 39, 186, 90, 230, 80, 24, 13, 134, 77, 82, 201, 85, 25, 127, 204, 208, 244, 193, 235, 64, 197, 220, 182, 22, 67, 2,
38, 193, 88, 182, 206, 211, 75, 104, 132, 192, 181, 47, 141, 81, 107, 19, 212, 79, 253, 23, 51, 129, 77, 117, 76, 144, 53, 248, 141, 166, 40, 36, 151, 132, 149, 253, 94, 180, 96, 46,
162, 253, 22, 160, 44, 237, 134, 134, 41, 166, 26, 133, 40, 127, 59, 31, 134, 19, 138, 89, 18, 94, 61, 229, 194, 202, 61, 82, 179, 132, 155, 174, 60, 89, 164, 148, 48, 238, 230, 183,
192, 114, 150, 143, 144, 196, 53, 200, 193, 159, 94, 13, 190, 212, 132, 179, 61, 13, 230, 77, 141, 19, 200, 130, 137, 128, 121, 92, 183, 190, 216, 69, 231, 170, 125, 65, 110, 62, 164, 193,
37, 255, 172, 186, 167, 219, 173, 84, 203, 212, 106, 228, 10, 216, 203, 67, 167, 63, 157, 7, 22, 180, 45, 32, 12, 229, 149, 72, 40, 115, 187, 26, 221, 160, 117, 143, 21, 136, 152, 37,
194, 47, 189, 183, 179, 97, 40, 21, 90, 8, 46, 221, 78, 111, 36, 187, 133, 240, 26, 195, 159, 11, 244, 35, 185, 236, 238, 113, 150, 148, 72, 192, 12, 69, 85, 40, 168, 118, 109, 194,
137, 64, 249, 185, 161, 134, 13, 236, 182, 131, 234, 163, 85, 104, 36, 156, 37, 53, 54, 119, 165, 3, 100, 164, 206, 80, 234, 31, 33, 43, 93, 149, 130, 127, 29, 71, 22, 81, 136, 96,
41, 0, 48, 59, 118, 234, 68, 214, 197, 239, 138, 251, 33, 251, 61, 101, 231, 111, 24, 210, 150, 4, 141, 67, 52, 206, 147, 20, 100, 47, 164, 61, 202, 174, 213, 63, 151, 120, 11, 80,
130, 58, 93, 130, 150, 113, 237, 37, 12, 133, 230, 182, 244, 223, 153, 107, 212, 64, 53, 147, 161, 19, 192, 211, 212, 60, 125, 242, 51, 193, 205, 16, 76, 117, 144, 56, 168, 67, 168, 215,
250, 77, 13, 32, 26, 104, 158, 188, 235, 243, 209, 238, 127, 120, 68, 160, 42, 106, 152, 200, 100, 192, 134, 244, 186, 83, 57, 25, 18, 59, 189, 128, 194, 175, 189, 18, 150, 225, 40, 131,
55, 136, 57, 73, 100, 144, 102, 125, 250, 67, 42, 105, 146, 174, 157, 144, 130, 122, 221, 194, 150, 49, 72, 101, 12, 197, 112, 155, 246, 137, 12, 84, 129, 216, 202, 47, 161, 91, 88, 32,
194, 106, 253, 23, 51, 129, 104, 80, 105, 181, 53, 203, 245, 215, 104, 91, 250, 213, 234, 159, 18, 142, 93, 48, 167, 218, 56, 199, 22, 209, 136, 211, 119, 249, 85, 196, 27, 54, 59, 52,
137, 5, 156, 124, 18, 94, 61, 229, 194, 202, 61, 97, 237, 216, 237, 150, 37, 89, 185, 148, 100, 175, 164, 251, 201, 51, 150, 129, 146, 135, 11, 215, 250, 172, 110, 49, 150, 212, 200, 128,
12, 5, 213, 77, 141, 19, 237, 167, 186, 222, 39, 16, 195, 215, 235, 110, 237, 188, 78, 65, 22, 100, 205, 181, 105, 208, 144, 184, 168, 230, 141, 87, 236, 181, 89, 201, 33, 181, 162, 52,
148, 56, 174, 34, 22, 145, 8, 32, 12, 229, 176, 72, 13, 64, 213, 28, 201, 172, 125, 248, 33, 190, 171, 51, 231, 10, 152, 146, 179, 97, 13, 21, 76, 112, 117, 171, 118, 127, 36, 182,
133, 173, 92, 128, 219, 71, 139, 23, 167, 236, 238, 113, 179, 177, 109, 229, 41, 69, 112, 13, 141, 83, 72, 231, 172, 101, 202, 194, 203, 158, 20, 231, 171, 146, 189, 254, 119, 96, 91, 213,
90, 6, 53, 93, 141, 3, 40, 178, 236, 117, 252, 9, 18, 24, 38, 236, 235, 62, 81, 63, 118, 56, 193, 44, 26, 34, 21, 59, 27, 128, 8, 162, 172, 133, 185, 252, 55, 222, 61, 64,
231, 111, 24, 247, 128, 90, 241, 53, 37, 210, 185, 5, 109, 5, 164, 123, 133, 252, 213, 64, 222, 7, 56, 83, 168, 18, 93, 206, 128, 83, 150, 51, 41, 133, 213, 232, 141, 147, 200, 39,
172, 37, 74, 130, 205, 87, 137, 172, 212, 1, 119, 193, 0, 215, 205, 16, 76, 80, 181, 29, 141, 67, 168, 242, 236, 16, 124, 73, 18, 78, 203, 174, 253, 251, 174, 165, 0, 52, 45, 133,
41, 101, 176, 200, 13, 243, 173, 244, 212, 59, 121, 112, 86, 127, 220, 179, 226, 156, 142, 18, 150, 225, 40, 176, 76, 240, 80, 61, 13, 163, 91, 41, 149, 60, 88, 0, 207, 206, 244, 214,
235, 4, 145, 133, 255, 73, 23, 5, 101, 140, 25, 155, 175, 211, 123, 84, 186, 192, 220, 57, 183, 91, 88, 5, 194, 106, 253, 50, 51, 129, 77, 99, 55, 236, 112, 180, 239, 207, 117, 87,
133, 148, 157, 232, 33, 174, 75, 3, 167, 218, 56, 226, 51, 209, 173, 197, 12, 128, 21, 187, 118, 111, 68, 70, 197, 125, 252, 48, 84, 55, 67, 140, 160, 163, 96, 13, 246, 200, 225, 188,
90, 18, 245, 235, 27, 208, 232, 146, 236, 21, 153, 140, 183, 238, 29, 208, 167, 159, 120, 39, 128, 138, 145, 197, 101, 66, 153, 53, 237, 117, 132, 235, 197, 204, 53, 16, 222, 215, 216, 99,
232, 130, 125, 62, 0, 99, 183, 163, 105, 245, 144, 157, 168, 195, 141, 114, 236, 181, 124, 223, 76, 179, 180, 33, 235, 49, 152, 58, 108, 234, 74, 46, 36, 231, 157, 12, 108, 64, 141, 116,
186, 224, 28, 153, 18, 187, 189, 37, 194, 10, 152, 146, 128, 26, 116, 124, 40, 25, 40, 221, 100, 101, 36, 179, 250, 245, 42, 255, 146, 46, 157, 16, 167, 250, 248, 103, 150, 177, 72, 243,
119, 25, 25, 105, 228, 14, 13, 171, 206, 12, 166, 199, 210, 151, 6, 249, 190, 138, 155, 254, 127, 104, 36, 156, 37, 121, 121, 75, 182, 48, 27, 164, 236, 80, 217, 44, 55, 43, 120, 176,
167, 90, 56, 71, 51, 116, 136, 69, 26, 120, 64, 63, 27, 182, 59, 180, 137, 133, 156, 252, 18, 222, 61, 101, 194, 74, 61, 225, 237, 88, 153, 60, 56, 217, 198, 87, 34, 80, 219, 18,
201, 149, 188, 41, 183, 75, 29, 80, 148, 65, 6, 198, 189, 81, 208, 95, 119, 199, 219, 252, 171, 141, 140, 41, 140, 24, 38, 130, 208, 21, 204, 227, 249, 75, 115, 247, 43, 187, 182, 82,
103, 97, 182, 38, 236, 112, 166, 228, 250, 35, 89, 73, 18, 107, 221, 240, 130, 191, 157, 162, 22, 17, 8, 147, 119, 56, 213, 132, 27, 244, 213, 244, 186, 83, 28, 60, 18, 59, 189, 128,
231, 138, 152, 18, 150, 196, 27, 238, 55, 144, 53, 84, 27, 164, 54, 68, 201, 112, 25, 76, 183, 139, 184, 144, 130, 122, 238, 156, 236, 81, 8, 12, 26, 194, 10, 155, 168, 211, 109, 66,
137, 192, 220, 57, 183, 126, 125, 19, 185, 23, 184, 119, 85, 232, 36, 28, 37, 188, 55, 240, 206, 207, 100, 91, 133, 206, 208, 180, 11, 181, 122, 124, 148, 231, 18, 209, 0, 209, 136, 197,
12, 128, 48, 173, 40, 51, 8, 7, 186, 126, 236, 56, 33, 101, 43, 243, 212, 202, 61, 82, 179, 161, 168, 240, 105, 21, 208, 253, 13, 227, 232, 183, 236, 3, 196, 217, 215, 173, 49, 210,
175, 249, 59, 100, 179, 215, 199, 141, 41, 73, 230, 96, 155, 32, 251, 167, 137, 128, 121, 92, 146, 190, 216, 69, 194, 188, 39, 38, 127, 53, 164, 212, 50, 172, 238, 224, 253, 143, 239, 27,
147, 202, 0, 176, 70, 174, 175, 60, 167, 60, 146, 47, 51, 248, 59, 40, 26, 192, 149, 109, 40, 86, 173, 98, 172, 197, 57, 153, 55, 187, 189, 37, 194, 28, 231, 199, 255, 21, 100, 49,
100, 77, 113, 218, 34, 35, 107, 244, 215, 180, 42, 196, 161, 56, 139, 16, 167, 223, 221, 66, 179, 177, 72, 229, 12, 118, 15, 124, 228, 16, 4, 185, 221, 12, 190, 208, 206, 153, 1, 229,
129, 207, 254, 189, 62, 36, 36, 227, 97, 6, 6, 120, 141, 3, 13, 178, 201, 117, 217, 44, 55, 43, 120, 149, 167, 90, 46, 57, 110, 56, 217, 44, 103, 29, 16, 42, 39, 186, 28, 156,
163, 186, 185, 209, 12, 181, 79, 12, 231, 108, 50, 223, 179, 72, 155, 120, 90, 149, 208, 88, 13, 70, 232, 55, 236, 131, 194, 82, 222, 26, 116, 79, 191, 1, 88, 128, 184, 22, 200, 9,
43, 193, 230, 224, 155, 160, 200, 2, 137, 37, 92, 220, 183, 27, 216, 197, 231, 15, 88, 242, 22, 215, 179, 77, 44, 57, 242, 116, 245, 26, 206, 215, 202, 31, 84, 108, 94, 88, 240, 195,
167, 191, 157, 162, 22, 52, 8, 133, 12, 101, 176, 237, 13, 214, 136, 244, 210, 56, 117, 109, 94, 44, 192, 212, 178, 239, 241, 71, 233, 154, 104, 252, 51, 142, 46, 88, 100, 252, 54, 42,
137, 60, 67, 22, 199, 154, 239, 220, 167, 92, 210, 207, 179, 88, 123, 72, 26, 246, 102, 168, 141, 246, 109, 66, 172, 229, 220, 28, 183, 126, 88, 32, 194, 79, 253, 1, 104, 253, 36, 1,
37, 250, 6, 240, 155, 131, 40, 23, 201, 245, 217, 172, 55, 142, 120, 21, 130, 218, 56, 226, 0, 175, 208, 134, 41, 166, 26, 133, 40, 127, 59, 15, 186, 19, 138, 89, 18, 123, 61, 229,
194, 239, 61, 119, 179, 132, 155, 171, 50, 89, 164, 148, 102, 246, 236, 191, 195, 9, 135, 172, 191, 206, 57, 203, 188, 177, 88, 26, 176, 206, 214, 170, 21, 33, 221, 97, 142, 16, 232, 130,
179, 184, 55, 11, 222, 155, 219, 111, 234, 143, 49, 65, 59, 87, 232, 144, 76, 208, 144, 184, 168, 230, 168, 87, 236, 181, 124, 223, 73, 191, 180, 33, 235, 32, 133, 60, 54, 182, 3, 98,
41, 236, 151, 12, 27, 123, 187, 116, 186, 197, 57, 188, 55, 158, 189, 0, 231, 10, 189, 146, 128, 31, 115, 117, 37, 18, 57, 192, 119, 69, 14, 145, 201, 243, 22, 193, 146, 71, 139, 30,
175, 236, 238, 103, 150, 148, 72, 192, 41, 96, 112, 27, 247, 15, 46, 239, 138, 38, 181, 208, 222, 151, 88, 163, 232, 194, 253, 254, 0, 42, 98, 227, 90, 16, 53, 93, 141, 38, 40, 178,
201, 80, 252, 44, 33, 116, 44, 252, 246, 51, 2, 122, 45, 113, 138, 107, 107, 43, 0, 16, 33, 213, 68, 203, 197, 236, 185, 255, 29, 246, 24, 12, 212, 112, 55, 225, 179, 33, 168, 112,
76, 149, 208, 88, 13, 99, 232, 18, 236, 176, 153, 12, 161, 20, 109, 28, 246, 83, 66, 154, 173, 81, 202, 11, 107, 154, 204, 230, 206, 223, 132, 107, 197, 0, 122, 211, 159, 27, 148, 211,
248, 2, 78, 193, 0, 228, 232, 16, 76, 80, 181, 29, 168, 102, 168, 215, 250, 79, 7, 32, 67, 39, 182, 221, 137, 144, 181, 139, 25, 31, 44, 238, 101, 39, 215, 132, 102, 214, 174, 224,
169, 65, 27, 31, 46, 117, 212, 194, 165, 227, 243, 47, 141, 251, 16, 137, 83, 238, 65, 86, 100, 225, 42, 59, 135, 69, 47, 65, 156, 132, 176, 153, 173, 17, 145, 128, 241, 88, 6, 75,
45, 192, 83, 175, 168, 210, 74, 41, 197, 130, 187, 80, 220, 88, 68, 61, 249, 80, 229, 43, 41, 234, 36, 18, 43, 249, 123, 227, 188, 150, 62, 75, 148, 142, 134, 226, 94, 233, 58, 124,
233, 167, 68, 184, 104, 160, 221, 167, 106, 235, 115, 196, 100, 127, 68, 7, 138, 47, 180, 124, 94, 72, 23, 205, 212, 202, 24, 82, 179, 132, 168, 240, 76, 21, 198, 135, 119, 175, 185, 251,
135, 36, 143, 136, 137, 243, 28, 200, 252, 209, 17, 64, 241, 152, 134, 185, 47, 38, 202, 85, 130, 14, 210, 233, 197, 194, 59, 16, 220, 188, 228, 72, 254, 143, 72, 80, 8, 42, 164, 210,
43, 185, 251, 176, 129, 214, 247, 94, 144, 206, 109, 162, 94, 169, 186, 60, 233, 56, 144, 118, 28, 139, 37, 124, 40, 171, 217, 10, 106, 63, 198, 97, 212, 193, 18, 230, 16, 141, 223, 78,
171, 109, 255, 222, 253, 75, 6, 16, 99, 112, 45, 166, 35, 109, 36, 181, 139, 188, 87, 153, 151, 72, 164, 14, 157, 209, 222, 12, 213, 242, 4, 140, 101, 9, 85, 43, 167, 94, 72, 171,
186, 65, 229, 175, 146, 254, 88, 133, 231, 234, 216, 151, 51, 23, 55, 136, 37, 100, 121, 111, 185, 101, 100, 219, 133, 28, 211, 47, 12, 103, 75, 181, 148, 76, 46, 98, 51, 81, 136, 69,
12, 0, 48, 45, 40, 150, 45, 135, 186, 255, 224, 176, 67, 183, 69, 0, 171, 32, 14, 221, 190, 55, 141, 85, 105, 149, 245, 88, 40, 70, 232, 4, 150, 239, 213, 4, 145, 45, 116, 28,
235, 83, 17, 206, 255, 24, 200, 3, 38, 136, 213, 164, 155, 156, 204, 20, 186, 51, 92, 249, 146, 62, 253, 224, 231, 15, 125, 242, 51, 228, 232, 53, 90, 42, 238, 116, 249, 15, 155, 200,
195, 35, 89, 73, 18, 107, 221, 240, 130, 191, 184, 162, 51, 17, 45, 160, 41, 101, 166, 151, 125, 183, 187, 200, 132, 83, 28, 25, 18, 59, 152, 128, 231, 138, 189, 33, 236, 155, 104, 252,
90, 208, 70, 43, 27, 163, 104, 82, 201, 85, 60, 105, 183, 174, 184, 181, 130, 95, 238, 157, 234, 84, 4, 115, 44, 246, 102, 155, 168, 211, 109, 103, 172, 229, 220, 57, 183, 91, 125, 5,
231, 124, 162, 107, 118, 194, 36, 28, 37, 249, 121, 180, 228, 207, 40, 20, 198, 221, 217, 224, 33, 180, 52, 97, 235, 204, 2, 232, 0, 244, 173, 224, 41, 128, 21, 173, 40, 22, 8, 7,
172, 5, 185, 124, 18, 72, 71, 149, 163, 220, 34, 95, 128, 183, 155, 240, 105, 21, 208, 253, 40, 198, 232, 146, 201, 48, 170, 211, 204, 139, 116, 227, 162, 172, 110, 49, 179, 212, 237, 128,
12, 32, 240, 77, 141, 19, 237, 130, 137, 179, 38, 5, 210, 215, 235, 101, 212, 188, 78, 114, 51, 65, 232, 181, 76, 208, 144, 157, 168, 230, 141, 87, 250, 207, 0, 169, 116, 167, 180, 60,
235, 115, 209, 110, 127, 135, 9, 60, 26, 229, 176, 72, 13, 115, 173, 98, 172, 224, 10, 227, 74, 140, 171, 15, 227, 28, 142, 161, 150, 97, 40, 21, 76, 85, 117, 152, 40, 35, 104, 247,
201, 213, 42, 147, 201, 58, 244, 65, 235, 236, 194, 36, 255, 216, 4, 140, 32, 71, 93, 78, 206, 31, 4, 171, 197, 115, 247, 148, 161, 232, 125, 133, 231, 207, 253, 178, 22, 1, 91, 143,
53, 121, 100, 52, 162, 26, 42, 152, 209, 85, 218, 46, 86, 24, 125, 178, 187, 76, 56, 71, 51, 81, 173, 96, 41, 0, 21, 45, 40, 150, 59, 216, 212, 229, 223, 176, 94, 183, 84, 12,
171, 35, 113, 210, 176, 11, 165, 112, 37, 166, 235, 107, 27, 80, 232, 55, 236, 149, 188, 12, 146, 75, 56, 80, 130, 58, 110, 221, 233, 24, 153, 76, 62, 148, 179, 164, 228, 223, 132, 107,
197, 76, 53, 214, 145, 5, 148, 211, 226, 60, 78, 193, 51, 228, 205, 16, 76, 80, 144, 29, 141, 67, 141, 242, 201, 35, 6, 53, 94, 58, 180, 173, 231, 243, 210, 145, 54, 54, 20, 147,
12, 64, 149, 237, 13, 243, 136, 226, 137, 69, 57, 25, 33, 100, 197, 204, 239, 172, 219, 94, 255, 136, 100, 252, 37, 153, 57, 84, 100, 239, 36, 119, 202, 127, 20, 76, 222, 132, 244, 193,
235, 108, 194, 200, 128, 20, 109, 64, 41, 224, 85, 141, 168, 246, 72, 103, 172, 229, 249, 28, 146, 104, 7, 117, 163, 124, 248, 48, 47, 151, 77, 117, 105, 144, 16, 248, 168, 166, 40, 50,
201, 245, 234, 243, 79, 235, 52, 3, 162, 204, 46, 209, 51, 244, 173, 224, 12, 128, 48, 173, 13, 51, 45, 34, 137, 19, 230, 37, 82, 55, 43, 197, 212, 220, 14, 82, 179, 161, 168, 213,
76, 48, 208, 253, 40, 198, 205, 183, 250, 111, 192, 201, 244, 135, 116, 156, 235, 211, 17, 78, 255, 152, 132, 204, 101, 54, 203, 91, 155, 32, 200, 167, 172, 165, 92, 92, 146, 155, 216, 96,
194, 170, 78, 45, 105, 83, 219, 149, 90, 198, 134, 184, 168, 230, 168, 114, 236, 181, 124, 201, 18, 206, 221, 112, 148, 96, 196, 19, 127, 229, 68, 19, 40, 249, 166, 72, 13, 115, 173, 71,
172, 197, 28, 188, 33, 228, 192, 55, 232, 30, 241, 145, 173, 8, 39, 86, 37, 25, 57, 212, 100, 111, 36, 187, 192, 242, 17, 170, 222, 71, 244, 92, 235, 147, 145, 14, 173, 157, 80, 217,
55, 71, 25, 48, 165, 93, 72, 238, 203, 79, 250, 158, 157, 214, 64, 228, 212, 209, 206, 129, 0, 36, 104, 245, 76, 16, 53, 120, 168, 3, 40, 178, 236, 99, 134, 118, 87, 77, 52, 252,
235, 51, 20, 96, 59, 18, 129, 98, 33, 67, 115, 110, 40, 176, 7, 138, 137, 236, 138, 228, 24, 200, 43, 115, 194, 74, 24, 210, 150, 4, 141, 85, 76, 176, 208, 125, 40, 99, 219, 98,
145, 252, 200, 64, 152, 82, 58, 95, 191, 26, 94, 128, 247, 17, 174, 76, 101, 201, 153, 237, 162, 223, 140, 63, 138, 31, 97, 194, 151, 25, 211, 164, 190, 83, 56, 190, 98, 181, 164, 18,
108, 117, 240, 116, 176, 71, 161, 213, 175, 92, 21, 32, 94, 39, 180, 188, 235, 182, 131, 188, 48, 42, 76, 238, 14, 74, 137, 212, 45, 212, 175, 193, 150, 96, 15, 0, 19, 45, 135, 168,
242, 153, 182, 42, 253, 129, 78, 252, 37, 153, 57, 17, 42, 171, 14, 126, 203, 120, 127, 127, 138, 129, 139, 163, 148, 122, 248, 231, 179, 49, 72, 101, 12, 224, 112, 141, 141, 211, 72, 84,
220, 152, 189, 89, 244, 61, 88, 35, 232, 66, 253, 126, 0, 171, 112, 99, 90, 134, 53, 248, 168, 166, 13, 50, 201, 208, 217, 137, 55, 142, 120, 48, 167, 204, 64, 174, 98, 184, 159, 134,
101, 233, 89, 196, 31, 110, 57, 75, 216, 108, 247, 82, 63, 81, 55, 255, 184, 203, 28, 71, 154, 153, 243, 254, 111, 8, 232, 252, 46, 247, 252, 146, 223, 46, 156, 208, 154, 192, 63, 213,
252, 159, 101, 69, 170, 137, 242, 164, 9, 89, 235, 50, 130, 60, 151, 168, 170, 128, 121, 66, 144, 186, 251, 67, 211, 169, 36, 91, 43, 49, 211, 144, 60, 227, 182, 131, 177, 154, 149, 80,
156, 170, 12, 199, 4, 240, 160, 114, 186, 41, 166, 8, 104, 170, 10, 59, 115, 186, 136, 85, 16, 105, 207, 120, 131, 184, 96, 182, 78, 231, 167, 29, 179, 59, 130, 184, 167, 70, 2, 53,
83, 113, 110, 183, 34, 36, 50, 210, 211, 203, 60, 196, 148, 2, 157, 10, 228, 135, 192, 108, 180, 215, 29, 199, 39, 127, 76, 111, 129, 88, 85, 198, 161, 89, 186, 165, 143, 243, 125, 163,
188, 147, 228, 149, 15, 57, 64, 253, 48, 52, 111, 36, 141, 9, 18, 169, 208, 74, 141, 25, 8, 10, 122, 154, 138, 32, 67, 108, 20, 113, 145, 61, 118, 33, 74, 80, 54, 142, 50, 185,
177, 170, 134, 225, 46, 205, 31, 75, 186, 78, 54, 200, 235, 29, 142, 81, 83, 171, 251, 123, 119, 61, 230, 56, 156, 228, 140, 35, 152, 127, 103, 95, 228, 58, 73, 136, 231, 107, 247, 94,
125, 147, 234, 234, 144, 145, 226, 33, 209, 24, 98, 243, 153, 79, 130, 216, 253, 45, 88, 167, 23, 237, 205, 36, 73, 80, 168, 22, 242, 22, 253, 240, 199, 30, 64, 118, 39, 96, 229, 229,
178, 152, 222, 155, 55, 19, 45, 164, 12, 110, 148, 237, 40, 238, 146, 218, 141, 106, 30, 6, 38, 7, 159, 173, 237, 136, 190, 57, 179, 216, 48, 171, 66, 129, 110, 38, 48, 253, 110, 89,
224, 115, 24, 120, 177, 142, 164, 158, 249, 127, 200, 250, 237, 50, 124, 98, 19, 154, 120, 131, 160, 216, 114, 97, 135, 203, 218, 40, 135, 6, 0, 43, 211, 107, 190, 41, 41, 250, 82, 107,
113, 150, 51, 245, 173, 184, 35, 66, 146, 139, 199, 143, 26, 169, 95, 26, 142, 188, 20, 220, 48, 208, 175, 244, 106, 187, 56, 149, 60, 21, 92, 33, 206, 8, 226, 66, 23, 39, 53, 219,
160, 229, 31, 6, 231, 175, 235, 171, 85, 1, 222, 209, 7, 200, 206, 175, 228, 38, 151, 154, 155, 192, 32, 197, 248, 187, 121, 41, 237, 208, 139, 148, 40, 32, 255, 49, 133, 40, 243, 130,
183, 185, 69, 6, 140, 157, 192, 127, 164, 186, 40, 68, 17, 64, 200, 201, 75, 192, 156, 174, 253, 159, 161, 79, 243, 201, 84, 244, 28, 223, 238, 127, 131, 38, 134, 125, 19, 171, 80, 123,
44, 184, 142, 114, 42, 69, 182, 94, 162, 192, 45, 179, 13, 157, 194, 5, 217, 115, 147, 142, 181, 73, 107, 15, 87, 85, 126, 174, 38, 119, 118, 216, 193, 245, 13, 227, 142, 38, 225, 69,
138, 198, 158, 105, 170, 156, 82, 250, 19, 31, 84, 44, 160, 115, 65, 229, 138, 111, 210, 134, 166, 131, 126, 141, 216, 151, 190, 181, 26, 39, 112, 204, 112, 43, 40, 37, 172, 4, 39, 181,
157, 72, 248, 22, 59, 37, 109, 191, 164, 86, 66, 96, 105, 55, 138, 116, 20, 29, 86, 49, 48, 230, 50, 222, 168, 141, 161, 199, 70, 213, 12, 65, 193, 105, 96, 136, 143, 14, 165, 119,
83, 169, 218, 76, 16, 97, 246, 12, 207, 228, 177, 25, 167, 8, 6, 91, 143, 9, 4, 167, 157, 96, 157, 21, 40, 136, 254, 253, 144, 147, 242, 37, 129, 7, 102, 215, 206, 15, 219, 214,
248, 47, 122, 207, 106, 219, 233, 25, 93, 80, 188, 21, 144, 119, 170, 233, 138, 4, 0, 86, 47, 73, 227, 183, 252, 129, 193, 136, 25, 41, 28, 163, 34, 57, 140, 204, 12, 199, 158, 157,
214, 120, 30, 127, 9, 20, 181, 160, 179, 182, 233, 75, 142, 223, 119, 146, 65, 238, 115, 38, 44, 170, 110, 52, 253, 81, 7, 79, 143, 142, 251, 142, 156, 84, 216, 230, 156, 30, 117, 79,
44, 230, 95, 178, 240, 207, 110, 78, 210, 152, 228, 66, 179, 120, 27, 5, 249, 27, 248, 29, 40, 144, 55, 85, 103, 236, 47, 199, 169, 142, 28, 19, 241, 210, 220, 174, 54, 130, 92, 9,
152, 223, 4, 221, 103, 175, 220, 251, 119, 134, 72, 148, 12, 60, 19, 47, 167, 31, 250, 98, 79, 78, 57, 248, 204, 243, 43, 11, 185, 153, 179, 205, 93, 59, 218, 194, 0, 196, 181, 172,
228, 43, 183, 134, 132, 224, 46, 214, 190, 216, 119, 28, 142, 254, 200, 166, 38, 19, 212, 107, 188, 23, 150, 133, 191, 157, 39, 94, 157, 132, 213, 69, 222, 148, 83, 70, 109, 109, 229, 158,
54, 254, 189, 132, 247, 229, 160, 98, 203, 206, 114, 176, 81, 242, 238, 100, 141, 38, 198, 36, 46, 178, 81, 46, 2, 223, 203, 116, 55, 45, 156, 92, 182, 248, 28, 225, 23, 128, 141, 10,
223, 108, 164, 134, 172, 126, 45, 48, 60, 81, 73, 189, 118, 31, 82, 238, 220, 255, 63, 248, 174, 2, 229, 12, 164, 199, 134, 125, 182, 159, 20, 192, 2, 88, 78, 54, 188, 124, 23, 238,
178, 64, 165, 195, 186, 240, 2, 152, 202, 219, 246, 171, 10, 26, 97, 217, 118, 50, 31, 125, 235, 2, 114, 171, 210, 125, 239, 17, 6, 49, 67, 149, 173, 67, 38, 92, 16, 125, 142, 117,
29, 3, 64, 50, 116, 143, 22, 222, 161, 141, 145, 232, 17, 208, 36, 123, 160, 75, 2, 230, 138, 80, 235, 81, 109, 137, 244, 113, 116, 60, 197, 108, 204, 229, 192, 41, 175, 106, 36, 68,
224, 2, 64, 133, 169, 121, 246, 33, 49, 217, 251, 244, 145, 180, 211, 59, 142, 45, 100, 128, 179, 64, 215, 237, 218, 54, 105, 170, 46, 217, 252, 77, 104, 116, 161, 23, 240, 126, 253, 220,
255, 45, 109, 85, 47, 44, 225, 170, 186, 158, 156, 136, 47, 11, 50, 231, 114, 72, 140, 205, 28, 199, 157, 146, 210, 103, 26, 26, 9, 30, 176, 153, 255, 161, 233, 57, 234, 222, 17, 177,
54, 221, 43, 22, 33, 191, 106, 80, 193, 41, 7, 102, 152, 183, 157, 186, 228, 103, 245, 214, 185, 73, 80, 65, 43, 219, 106, 173, 168, 232, 20, 105, 214, 252, 226, 63, 176, 92, 87, 52,
253, 20, 190, 41, 104, 144, 55, 112, 75, 171, 35, 249, 134, 156, 10, 23, 208, 245, 230, 143, 53, 173, 124, 62, 253, 166, 67, 186, 50, 252, 166, 206, 39, 138, 64, 157, 61, 39, 28, 3,
140, 13, 250, 125, 39, 113, 69, 229, 204, 202, 20, 119, 137, 128, 138, 238, 82, 30, 244, 225, 50, 191, 235, 239, 228, 6, 218, 136, 170, 245, 16, 204, 187, 135, 105, 13, 180, 207, 200, 213,
23, 37, 227, 96, 146, 76, 230, 249, 142, 138, 114, 98, 157, 166, 218, 111, 196, 139, 65, 76, 105, 105, 241, 155, 65, 244, 152, 162, 190, 245, 165, 109, 214, 166, 100, 244, 10, 195, 199, 118,
136, 58, 130, 11, 38, 171, 45, 31, 43, 211, 136, 21, 29, 110, 130, 27, 191, 231, 36, 131, 73, 182, 205, 35, 187, 119, 147, 180, 143, 121, 33, 110, 71, 95, 95, 192, 8, 59, 70, 227,
212, 164, 35, 210, 202, 21, 191, 24, 136, 193, 196, 98, 137, 177, 71, 192, 110, 102, 11, 55, 144, 72, 76, 211, 160, 125, 228, 184, 132, 207, 76, 130, 234, 193, 248, 157, 15, 7, 64, 216,
75, 42, 31, 66, 246, 60, 118, 183, 247, 108, 216, 121, 31, 8, 65, 132, 145, 84, 8, 63, 60, 107, 165, 79, 8, 122, 18, 1, 11, 177, 62, 189, 138, 129, 230, 167, 17, 251, 16, 117,
229, 49, 54, 135, 177, 88, 170, 46, 93, 183, 232, 77, 53, 57, 253, 1, 142, 182, 218, 23, 148, 106, 36, 107, 156, 6, 73, 136, 244, 124, 238, 90, 6, 187, 240, 203, 241, 170, 211, 121,
211, 95, 39, 209, 199, 5, 208, 201, 218, 43, 105, 216, 51, 222, 239, 21, 93, 33, 238, 58, 130, 120, 135, 140, 255, 19, 68, 110, 21, 119, 236, 218, 188, 131, 156, 252, 27, 21, 85, 155,
13, 113, 200, 239, 14, 197, 221, 222, 143, 103, 6, 51, 76, 120, 184, 132, 217, 175, 133, 41, 141, 255, 119, 186, 61, 224, 106, 29, 17, 246, 106, 80, 207, 121, 24, 122, 186, 174, 130, 179,
188, 122, 195, 156, 234, 14, 101, 25, 19, 249, 116, 156, 160, 203, 73, 32, 142, 220, 236, 67, 138, 111, 125, 32, 249, 71, 228, 48, 10, 184, 72, 108, 124, 174, 13, 255, 183, 164, 34, 18,
233, 151, 192, 171, 8, 145, 125, 51, 168, 249, 8, 212, 14, 250, 128, 189, 20, 129, 56, 210, 14, 30, 46, 44, 166, 59, 176, 40, 46, 95, 66, 148, 186, 198, 102, 91, 233, 159, 181, 202,
116, 82, 161, 134, 18, 214, 180, 137, 245, 50, 218, 162, 144, 215, 12, 213, 191, 159, 121, 7, 231, 242, 232, 162, 1, 94, 215, 61, 245, 11, 224, 137, 151, 188, 94, 94, 154, 132, 245, 100,
190, 178, 126, 111, 42, 81, 189, 138, 83, 175, 129, 156, 163, 250, 160, 86, 148, 157, 116, 239, 42, 203, 230, 37, 147, 2, 180, 42, 55, 187, 93, 27, 16, 185, 169, 23, 60, 82, 145, 72,
145, 233, 4, 145, 19, 133, 129, 27, 234, 8, 154, 187, 134, 123, 49, 6, 60, 67, 43, 182, 116, 31, 71, 163, 232, 206, 35, 215, 155, 62, 251, 41, 134, 135, 196, 67, 134, 139, 20, 254,
124, 124, 67, 54, 253, 72, 64, 229, 210, 85, 161, 168, 142, 192, 98, 250, 234, 206, 219, 171, 37, 12, 64, 246, 93, 26, 107, 63, 172, 2, 22, 183, 200, 112, 249, 17, 20, 42, 39, 168,
153, 123, 38, 96, 51, 93, 173, 75, 44, 7, 53, 55, 125, 230, 8, 184, 210, 171, 130, 232, 61, 197, 30, 20, 209, 112, 28, 218, 140, 15, 240, 101, 112, 144, 237, 77, 53, 96, 239, 109,
148, 177, 144, 18, 202, 125, 13, 81, 186, 37, 104, 131, 136, 64, 230, 61, 34, 138, 254, 244, 165, 174, 240, 15, 142, 26, 83, 128, 183, 21, 135, 230, 218, 23, 105, 181, 62, 222, 244, 45,
50, 64, 236, 23, 180, 85, 151, 239, 156, 15, 79, 101, 55, 112, 229, 169, 189, 226, 189, 253, 13, 54, 82, 130, 61, 77, 188, 231, 20, 233, 220, 210, 213, 127, 2, 49, 49, 52, 223, 190,
179, 139, 131, 12, 148, 220, 33, 133, 46, 142, 67, 95, 20, 157, 50, 112, 207, 68, 30, 81, 204, 174, 130, 215, 169, 74, 200, 153, 169, 20, 23, 31, 32, 230, 82, 146, 149, 210, 69, 115,
179, 217, 214, 8, 177, 127, 117, 47, 239, 112, 223, 39, 102, 133, 54, 119, 75, 187, 42, 162, 137, 135, 45, 33, 230, 219, 154, 152, 47, 140, 124, 42, 242, 220, 62, 225, 5, 169, 134, 246,
15, 154, 47, 161, 22, 26, 82, 25, 148, 59, 230, 125, 75, 100, 68, 226, 178, 204, 43, 76, 188, 142, 177, 249, 113, 77, 244, 242, 35, 191, 189, 139, 145, 15, 190, 165, 185, 149, 36, 201,
189, 182, 89, 35, 237, 246, 151, 134, 28, 63, 129, 119, 148, 14, 193, 166, 145, 167, 81, 113, 143, 191, 250, 71, 205, 130, 88, 113, 13, 105, 195, 144, 53, 227, 128, 160, 146, 216, 133, 14,
213, 146, 5, 197, 20, 229, 187, 91, 188, 37, 195, 59, 22, 191, 16, 32, 55, 237, 140, 77, 114, 69, 143, 28, 148, 219, 36, 177, 40, 189, 186, 63, 254, 36, 157, 179, 234, 17, 19, 10,
78, 13, 93, 162, 17, 8, 51, 216, 151, 240, 68, 139, 207, 49, 164, 74, 252, 228, 132, 109, 185, 161, 107, 225, 51, 31, 72, 11, 242, 72, 23, 189, 148, 126, 248, 182, 142, 228, 86, 161,
236, 146, 218, 183, 7, 122, 116, 147, 82, 96, 40, 89, 128, 54, 18, 181, 209, 15, 239, 47, 49, 117, 109, 191, 249, 121, 66, 63, 105, 55, 178, 116, 47, 32, 77, 87, 0, 173, 2, 164,
191, 180, 177, 222, 73, 229, 12, 75, 249, 86, 3, 232, 139, 5, 142, 86, 106, 205, 253, 94, 35, 119, 237, 15, 243, 235, 128, 38, 167, 80, 108, 12, 160, 66, 0, 140, 158, 95, 139, 9,
117, 191, 254, 183, 140, 148, 240, 115, 176, 61, 81, 215, 198, 27, 130, 234, 242, 57, 99, 237, 9, 233, 178, 79, 116, 82, 184, 21, 140, 64, 245, 214, 142, 61, 68, 77, 56, 72, 241, 254,
252, 157, 132, 150, 16, 115, 62, 159, 38, 77, 214, 239, 20, 239, 180, 157, 148, 122, 13, 23, 48, 101, 197, 182, 255, 186, 139, 38, 181, 239, 119, 146, 65, 238, 87, 26, 5, 133, 111, 87,
203, 106, 30, 22, 171, 174, 131, 175, 179, 91, 222, 153, 168, 54, 82, 65, 19, 134, 120, 241, 167, 240, 99, 124, 144, 252, 208, 40, 135, 120, 90, 5, 221, 85, 218, 44, 11, 132, 111, 4,
103, 176, 53, 162, 243, 182, 13, 51, 194, 233, 248, 141, 39, 169, 95, 4, 179, 244, 68, 186, 29, 207, 134, 219, 31, 189, 20, 183, 60, 49, 62, 24, 210, 13, 226, 83, 79, 34, 31, 153,
205, 187, 60, 86, 145, 216, 156, 237, 106, 72, 169, 209, 49, 206, 234, 140, 198, 37, 154, 167, 159, 212, 99, 137, 173, 196, 122, 65, 169, 249, 243, 166, 38, 17, 202, 102, 148, 40, 151, 146,
191, 129, 77, 122, 159, 144, 245, 78, 205, 146, 91, 111, 7, 67, 226, 140, 74, 169, 156, 172, 131, 229, 174, 87, 203, 141, 1, 185, 72, 191, 162, 83, 249, 37, 190, 56, 109, 187, 37, 31,
124, 251, 202, 64, 46, 104, 128, 65, 134, 225, 100, 178, 57, 148, 166, 5, 188, 37, 229, 177, 234, 68, 12, 19, 111, 116, 42, 167, 3, 36, 70, 243, 234, 215, 63, 211, 167, 38, 226, 21,
140, 196, 199, 124, 230, 144, 99, 196, 19, 106, 84, 124, 128, 82, 11, 188, 178, 71, 164, 194, 169, 218, 103, 132, 232, 243, 221, 149, 105, 47, 55, 243, 117, 24, 33, 89, 156, 61, 112, 171,
209, 118, 239, 37, 39, 104, 103, 142, 135, 90, 66, 37, 105, 78, 135, 88, 44, 45, 26, 62, 0, 149, 50, 164, 169, 169, 163, 222, 38, 208, 3, 123, 193, 86, 22, 212, 173, 95, 142, 126,
82, 141, 214, 69, 44, 85, 231, 21, 144, 178, 199, 9, 175, 106, 123, 119, 189, 4, 91, 188, 238, 1, 239, 10, 36, 156, 242, 239, 174, 172, 204, 17, 142, 36, 77, 242, 179, 37, 219, 235,
198, 43, 124, 200, 59, 189, 206, 18, 104, 33, 236, 100, 190, 121, 151, 232, 138, 41, 65, 79, 43, 73, 204, 242, 249, 190, 184, 252, 41, 17, 85, 252, 113, 115, 163, 199, 114, 197, 215, 154,
144, 101, 19, 50, 10, 98, 190, 150, 179, 243, 157, 85, 153, 222, 11, 236, 72, 213, 117, 6, 14, 185, 101, 66, 207, 42, 90, 89, 186, 222, 157, 144, 242, 73, 222, 156, 143, 41, 113, 24,
55, 226, 82, 141, 141, 203, 114, 105, 138, 152, 194, 63, 186, 127, 117, 7, 239, 113, 223, 52, 6, 189, 72, 12, 102, 232, 104, 246, 133, 136, 54, 2, 242, 239, 192, 184, 24, 145, 125, 21,
228, 225, 41, 233, 13, 226, 167, 207, 54, 147, 45, 181, 114, 54, 22, 88, 206, 21, 224, 59, 63, 64, 55, 254, 251, 215, 40, 76, 230, 199, 188, 238, 75, 30, 178, 241, 42, 254, 252, 180,
194, 108, 128, 151, 191, 212, 99, 210, 187, 135, 122, 65, 232, 218, 157, 141, 117, 16, 216, 54, 161, 77, 204, 154, 171, 220, 102, 122, 134, 206, 243, 111, 225, 209, 71, 110, 61, 98, 220, 170,
82, 255, 141, 184, 243, 152, 149, 122, 243, 147, 1, 229, 6, 168, 230, 116, 173, 27, 169, 124, 112, 247, 29, 46, 110, 198, 214, 103, 12, 82, 178, 19, 170, 244, 96, 153, 50, 156, 147, 9,
254, 11, 164, 149, 232, 126, 45, 8, 102, 73, 93, 147, 0, 8, 118, 236, 253, 210, 68, 208, 146, 44, 182, 24, 136, 133, 196, 30, 154, 174, 105, 248, 118, 70, 115, 119, 188, 75, 92, 253,
150, 64, 211, 184, 132, 207, 76, 186, 232, 210, 186, 181, 103, 46, 113, 228, 113, 42, 31, 66, 246, 46, 42, 154, 210, 117, 239, 112, 19, 0, 88, 173, 129, 117, 55, 63, 60, 111, 145, 69,
16, 126, 59, 86, 11, 142, 50, 130, 170, 161, 161, 199, 51, 213, 70, 120, 204, 64, 0, 142, 144, 29, 190, 47, 117, 182, 243, 108, 55, 71, 232, 9, 239, 183, 194, 10, 155, 81, 24, 120,
191, 17, 70, 128, 175, 95, 233, 30, 35, 157, 204, 252, 183, 169, 205, 39, 220, 33, 69, 249, 166, 13, 140, 250, 164, 48, 127, 216, 23, 222, 171, 54, 72, 126, 172, 50, 173, 125, 167, 253,
227, 87, 88, 56, 39, 96, 237, 171, 170, 149, 128, 134, 104, 28, 55, 149, 22, 64, 148, 200, 32, 238, 146, 153, 170, 111, 30, 6, 77, 34, 159, 181, 237, 147, 190, 13, 148, 216, 48, 186,
70, 216, 110, 4, 45, 158, 82, 76, 192, 117, 68, 17, 137, 173, 191, 150, 188, 120, 194, 219, 237, 32, 116, 103, 124, 219, 0, 183, 130, 200, 16, 93, 145, 196, 194, 54, 137, 85, 90, 57,
189, 71, 224, 4, 10, 190, 47, 80, 117, 139, 108, 242, 137, 188, 23, 25, 196, 228, 254, 171, 56, 169, 33, 6, 136, 209, 35, 252, 54, 171, 136, 207, 29, 170, 31, 139, 61, 107, 87, 40,
137, 27, 131, 59, 74, 81, 3, 194, 226, 218, 97, 103, 144, 216, 146, 207, 117, 20, 204, 193, 18, 225, 252, 226, 228, 38, 185, 178, 203, 207, 60, 141, 147, 133, 95, 57, 171, 249, 146, 152,
45, 91, 245, 61, 146, 56, 230, 145, 175, 143, 96, 95, 140, 216, 226, 59, 238, 218, 32, 116, 104, 66, 239, 185, 118, 201, 170, 161, 128, 154, 148, 80, 156, 170, 12, 199, 4, 240, 160, 114,
186, 41, 166, 8, 104, 170, 10, 59, 115, 186, 136, 85, 16, 105, 207, 120, 131, 184, 96, 182, 78, 231, 167, 29, 179, 59, 130, 184, 167, 70, 2, 53, 83, 113, 110, 183, 34, 36, 50, 210,
211, 203, 60, 196, 148, 2, 157, 10, 228, 135, 192, 108, 180, 215, 82, 194, 19, 31, 74, 52, 130, 78, 106, 228, 178, 67, 248, 194, 141, 224, 126, 173, 224, 213, 254, 182, 37, 103, 117, 213,
124, 49, 1, 125, 135, 2, 18, 150, 149, 72, 216, 24, 57, 42, 88, 238, 160, 95, 53, 37, 51, 44, 133, 79, 3, 56, 18, 62, 119, 149, 50, 132, 145, 155, 130, 232, 22, 167, 30, 28,
186, 76, 27, 239, 134, 43, 244, 46, 92, 156, 218, 76, 17, 36, 246, 54, 207, 159, 177, 79, 174, 8, 6, 12, 164, 38, 73, 136, 156, 115, 254, 21, 1, 221, 204, 239, 243, 169, 205, 126,
142, 26, 32, 249, 178, 71, 246, 249, 250, 91, 88, 241, 20, 189, 206, 58, 104, 114, 236, 100, 174, 121, 151, 239, 138, 51, 65, 53, 42, 112, 241, 169, 189, 231, 189, 253, 57, 52, 85, 182,
4, 111, 214, 195, 29, 173, 221, 220, 159, 79, 6, 97, 49, 51, 150, 160, 217, 175, 233, 71, 235, 222, 48, 136, 119, 138, 65, 95, 39, 228, 72, 120, 193, 107, 48, 21, 179, 161, 158, 146,
249, 85, 213, 196, 237, 65, 108, 64, 115, 158, 126, 253, 242, 215, 73, 78, 168, 156, 253, 67, 141, 77, 119, 14, 226, 26, 230, 45, 26, 167, 116, 86, 125, 158, 104, 246, 170, 136, 112, 84,
146, 204, 140, 133, 59, 163, 76, 19, 158, 188, 38, 204, 49, 221, 133, 228, 10, 128, 23, 188, 20, 58, 85, 93, 162, 60, 175, 115, 23, 102, 46, 155, 204, 225, 39, 104, 139, 171, 241, 217,
98, 1, 168, 242, 0, 221, 181, 140, 237, 36, 184, 171, 180, 234, 99, 143, 184, 167, 6, 65, 172, 213, 194, 162, 35, 93, 236, 112, 177, 56, 232, 166, 210, 137, 112, 106, 168, 198, 206, 123,
186, 168, 40, 113, 55, 109, 239, 141, 75, 220, 141, 128, 131, 222, 160, 77, 243, 190, 13, 216, 26, 196, 222, 37, 166, 52, 128, 22, 27, 151, 75, 32, 44, 217, 131, 77, 18, 45, 212, 93,
189, 251, 29, 145, 85, 175, 129, 10, 219, 54, 154, 149, 181, 98, 28, 62, 78, 13, 93, 167, 9, 120, 61, 252, 226, 222, 6, 231, 199, 49, 158, 18, 166, 139, 196, 108, 158, 190, 110, 193,
106, 108, 77, 55, 245, 78, 93, 209, 162, 27, 243, 134, 205, 230, 5, 173, 202, 202, 160, 140, 106, 122, 64, 251, 99, 17, 1, 125, 169, 46, 19, 174, 198, 84, 198, 47, 20, 11, 112, 149,
145, 64, 67, 96, 21, 64, 130, 85, 3, 24, 72, 21, 19, 187, 79, 217, 156, 166, 155, 216, 73, 198, 44, 96, 160, 123, 54, 232, 139, 36, 182, 37, 93, 205, 227, 123, 49, 91, 231, 47,
144, 247, 143, 23, 153, 82, 103, 13, 168, 32, 96, 131, 168, 96, 157, 21, 35, 221, 251, 183, 140, 141, 243, 125, 212, 7, 87, 132, 138, 38, 246, 197, 250, 32, 62, 251, 54, 194, 181, 51,
54, 97, 235, 100, 151, 119, 170, 232, 234, 40, 2, 112, 52, 63, 163, 242, 188, 165, 156, 189, 7, 106, 20, 175, 113, 57, 214, 244, 37, 176, 147, 132, 202, 60, 19, 105, 50, 103, 151, 212,
236, 145, 156, 8, 177, 192, 40, 164, 109, 235, 86, 6, 47, 132, 111, 82, 227, 123, 77, 22, 177, 130, 179, 166, 190, 3, 213, 254, 134, 15, 20, 122, 53, 243, 104, 156, 143, 240, 99, 68,
146, 248, 218, 53, 213, 64, 120, 124, 193, 76, 246, 46, 11, 174, 72, 117, 42, 163, 29, 213, 169, 133, 29, 52, 146, 233, 249, 141, 39, 133, 95, 105, 168, 244, 62, 220, 111, 179, 168, 199,
2, 147, 24, 210, 37, 62, 35, 36, 183, 28, 153, 81, 59, 71, 69, 216, 228, 217, 32, 113, 150, 128, 190, 205, 93, 47, 192, 129, 115, 230, 229, 144, 228, 43, 150, 134, 132, 209, 33, 217,
156, 158, 70, 52, 240, 192, 194, 135, 117, 44, 218, 118, 165, 50, 210, 174, 191, 199, 80, 27, 149, 173, 133, 65, 160, 211, 36, 74, 14, 97, 198, 146, 95, 212, 142, 227, 183, 229, 181, 126,
204, 143, 12, 182, 27, 239, 165, 68, 248, 4, 165, 124, 18, 182, 6, 124, 44, 218, 131, 64, 46, 125, 212, 123, 164, 228, 0, 131, 51, 143, 134, 93, 237, 113, 184, 143, 181, 73, 51, 57,
119, 95, 117, 167, 3, 35, 107, 204, 253, 202, 2, 249, 150, 54, 172, 12, 224, 209, 250, 30, 177, 154, 101, 251, 16, 110, 72, 111, 143, 87, 22, 190, 171, 101, 190, 161, 152, 240, 4, 182,
210, 194, 168, 233, 49, 99, 113, 237, 93, 24, 15, 94, 181, 87, 30, 140, 233, 125, 255, 17, 6, 49, 77, 144, 243, 81, 67, 108, 10, 33, 135, 121, 115, 15, 24, 55, 39, 230, 8, 191,
145, 149, 144, 196, 14, 205, 12, 123, 189, 70, 2, 218, 230, 37, 170, 55, 78, 158, 209, 6, 124, 64, 234, 55, 204, 232, 177, 9, 144, 125, 60, 68, 147, 2, 73, 188, 172, 104, 246, 2,
18, 139, 218, 235, 247, 170, 225, 100, 177, 15, 121, 227, 179, 64, 141, 235, 204, 0, 32, 200, 105, 185, 246, 74, 70, 113, 156, 6, 134, 65, 175, 250, 213, 37, 65, 53, 49, 101, 205, 170,
250, 162, 128, 134, 53, 32, 28, 161, 28, 113, 210, 201, 2, 176, 128, 154, 178, 93, 28, 127, 10, 61, 162, 162, 255, 165, 130, 29, 238, 229, 33, 142, 106, 237, 43, 22, 21, 191, 60, 41,
211, 79, 64, 116, 170, 142, 229, 141, 189, 5, 225, 230, 145, 65, 86, 101, 32, 225, 120, 131, 188, 237, 99, 98, 214, 207, 162, 66, 181, 113, 120, 27, 222, 113, 223, 21, 52, 132, 82, 110,
87, 224, 13, 198, 136, 152, 125, 78, 242, 141, 199, 152, 48, 163, 76, 17, 174, 202, 56, 212, 39, 251, 128, 229, 10, 147, 11, 151, 18, 62, 82, 88, 148, 7, 182, 32, 63, 103, 45, 229,
242, 203, 32, 21, 187, 128, 143, 165, 75, 35, 173, 134, 55, 215, 210, 181, 245, 107, 146, 150, 182, 144, 46, 211, 157, 148, 100, 52, 178, 213, 144, 129, 117, 81, 218, 49, 146, 6, 210, 158,
183, 161, 83, 95, 149, 158, 231, 77, 205, 149, 115, 68, 108, 93, 205, 175, 102, 241, 182, 230, 177, 159, 129, 120, 244, 139, 94, 216, 60, 183, 192, 118, 136, 57, 139, 10, 41, 161, 7, 42,
43, 162, 178, 86, 16, 83, 143, 19, 135, 229, 57, 251, 25, 185, 166, 31, 195, 32, 191, 200, 185, 98, 29, 37, 127, 117, 87, 192, 44, 58, 72, 223, 207, 223, 69, 231, 173, 3, 229, 22,
251, 248, 196, 103, 234, 169, 104, 245, 19, 17, 106, 44, 138, 82, 11, 250, 147, 105, 198, 168, 201, 219, 5, 160, 241, 193, 167, 245, 39, 99, 54, 137, 104, 44, 31, 66, 246, 60, 39, 183,
194, 8, 248, 107, 21, 47, 80, 139, 178, 116, 20, 68, 39, 51, 133, 56, 47, 98, 45, 1, 61, 154, 62, 192, 170, 161, 176, 252, 49, 249, 28, 86, 186, 40, 16, 228, 230, 15, 173, 118,
103, 186, 242, 76, 21, 57, 193, 60, 204, 151, 190, 37, 148, 84, 24, 120, 133, 17, 75, 131, 182, 75, 234, 37, 48, 187, 234, 203, 160, 149, 241, 121, 211, 52, 39, 132, 143, 70, 217, 250,
184, 42, 80, 237, 12, 250, 181, 49, 54, 113, 161, 6, 173, 31, 133, 211, 142, 15, 125, 74, 42, 126, 241, 248, 138, 134, 171, 150, 28, 23, 19, 148, 34, 90, 140, 211, 54, 180, 156, 237,
138, 92, 34, 123, 47, 53, 176, 154, 227, 130, 190, 47, 151, 192, 53, 183, 82, 220, 42, 95, 2, 254, 112, 104, 138, 69, 60, 22, 198, 130, 224, 164, 251, 118, 230, 153, 181, 52, 103, 99,
47, 252, 115, 149, 160, 144, 114, 81, 169, 195, 227, 53, 153, 4, 122, 58, 196, 106, 232, 111, 26, 189, 72, 108, 95, 172, 53, 221, 180, 214, 45, 9, 195, 201, 192, 171, 17, 145, 125, 15,
168, 233, 33, 199, 38, 237, 178, 207, 118, 248, 73, 210, 32, 26, 81, 33, 183, 63, 185, 125, 21, 114, 53, 207, 228, 233, 38, 90, 154, 172, 247, 254, 95, 62, 195, 209, 52, 199, 180, 153,
223, 9, 147, 208, 141, 200, 49, 133, 166, 186, 100, 65, 171, 254, 242, 152, 125, 91, 150, 94, 241, 9, 244, 152, 149, 128, 94, 9, 144, 187, 248, 67, 160, 169, 36, 74, 55, 88, 206, 179,
106, 175, 172, 227, 244, 150, 166, 114, 144, 197, 4, 182, 46, 240, 222, 51, 134, 56, 149, 124, 19, 237, 6, 28, 106, 185, 156, 93, 20, 108, 168, 74, 161, 246, 0, 187, 11, 252, 192, 21,
194, 2, 232, 204, 235, 124, 29, 27, 51, 123, 108, 167, 116, 10, 87, 246, 213, 209, 67, 241, 168, 14, 231, 79, 147, 208, 233, 103, 190, 137, 15, 193, 110, 99, 118, 18, 145, 72, 97, 229,
141, 107, 207, 184, 168, 198, 76, 163, 236, 206, 195, 166, 107, 47, 113, 241, 54, 110, 42, 37, 150, 34, 1, 144, 194, 113, 231, 17, 43, 55, 39, 146, 153, 106, 2, 68, 23, 90, 165, 79,
15, 123, 46, 6, 53, 238, 34, 189, 136, 129, 155, 199, 41, 218, 59, 65, 221, 52, 58, 245, 148, 39, 180, 120, 50, 191, 244, 77, 53, 88, 230, 107, 239, 179, 129, 89, 167, 12, 48, 85,
242, 32, 0, 131, 184, 86, 139, 6, 40, 161, 208, 230, 143, 174, 193, 50, 174, 92, 39, 243, 172, 32, 198, 249, 248, 5, 112, 236, 29, 201, 239, 15, 114, 120, 137, 108, 129, 106, 151, 211,
226, 59, 87, 121, 6, 115, 236, 205, 248, 128, 159, 184, 27, 110, 9, 182, 13, 100, 214, 230, 5, 176, 140, 228, 169, 59, 49, 51, 72, 17, 152, 166, 232, 185, 171, 12, 143, 135, 118, 151,
55, 204, 95, 25, 39, 248, 87, 47, 224, 115, 55, 102, 199, 141, 164, 215, 169, 127, 232, 212, 174, 57, 76, 89, 112, 155, 123, 158, 241, 140, 76, 115, 163, 217, 214, 8, 177, 77, 70, 14,
193, 98, 228, 47, 25, 231, 87, 120, 87, 149, 47, 199, 183, 136, 42, 20, 228, 211, 129, 152, 47, 151, 95, 57, 174, 245, 0, 227, 44, 209, 166, 220, 31, 162, 18, 181, 12, 110, 46, 82,
215, 8, 151, 81, 12, 36, 19, 248, 229, 192, 60, 6, 155, 133, 235, 249, 50, 29, 248, 194, 10, 203, 181, 139, 228, 101, 222, 174, 187, 136, 17, 249, 249, 166, 119, 87, 146, 213, 202, 188,
50, 8, 227, 112, 135, 56, 232, 169, 142, 143, 112, 27, 200, 191, 159, 123, 190, 165, 32, 68, 42, 109, 226, 143, 73, 202, 236, 184, 139, 226, 129, 111, 147, 180, 94, 209, 27, 223, 222, 126,
156, 34, 136, 31, 27, 151, 20, 32, 44, 200, 161, 11, 42, 107, 139, 100, 148, 234, 47, 187, 8, 180, 192, 10, 219, 54, 154, 149, 169, 90, 51, 44, 102, 83, 47, 189, 52, 41, 60, 216,
253, 240, 68, 208, 155, 44, 251, 42, 173, 219, 213, 124, 188, 190, 71, 255, 8, 97, 74, 17, 149, 120, 81, 226, 150, 30, 242, 191, 141, 219, 67, 231, 236, 226, 228, 183, 59, 47, 51, 147,
76, 12, 108, 78, 252, 12, 54, 142, 157, 12, 218, 118, 47, 49, 77, 189, 140, 90, 67, 108, 58, 104, 130, 116, 3, 26, 48, 43, 10, 140, 10, 143, 156, 149, 167, 162, 46, 209, 53, 66,
221, 72, 28, 204, 158, 80, 180, 122, 54, 178, 220, 108, 10, 90, 234, 15, 204, 142, 144, 37, 189, 106, 36, 91, 156, 35, 96, 140, 134, 106, 239, 27, 36, 185, 214, 193, 133, 147, 236, 6,
214, 85, 77, 132, 206, 53, 231, 225, 209, 32, 88, 198, 26, 250, 181, 51, 54, 97, 161, 6, 134, 31, 133, 131, 203, 29, 88, 56, 7, 55, 229, 183, 155, 165, 183, 134, 25, 48, 55, 158,
113, 97, 148, 200, 15, 238, 146, 201, 170, 64, 30, 6, 11, 34, 159, 216, 237, 182, 190, 13, 187, 216, 48, 169, 70, 250, 110, 4, 6, 158, 82, 124, 192, 108, 68, 17, 141, 173, 191, 205,
188, 119, 194, 219, 145, 32, 116, 79, 124, 203, 0, 183, 140, 200, 16, 62, 145, 212, 194, 54, 141, 85, 90, 42, 189, 90, 224, 4, 39, 190, 47, 117, 117, 144, 108, 242, 252, 188, 23, 73,
157, 198, 192, 171, 73, 145, 33, 26, 130, 245, 43, 236, 52, 237, 140, 245, 52, 241, 11, 141, 13, 110, 18, 3, 209, 37, 153, 126, 40, 81, 58, 221, 178, 245, 33, 110, 155, 199, 167, 200,
54, 42, 175, 194, 40, 225, 213, 238, 208, 62, 164, 173, 186, 193, 19, 214, 190, 158, 84, 12, 133, 141, 202, 212, 31, 51, 209, 126, 140, 9, 235, 179, 170, 182, 97, 122, 146, 197, 251, 65,
211, 174, 120, 88, 46, 109, 239, 149, 118, 236, 170, 161, 189, 154, 148, 67, 156, 147, 12, 199, 20, 240, 160, 90, 186, 36, 166, 8, 41, 170, 10, 15, 115, 204, 136, 85, 21, 105, 207, 127,
131, 235, 96, 182, 36, 231, 167, 54, 179, 43, 130, 184, 138, 70, 2, 25, 83, 14, 110, 183, 52, 36, 50, 247, 211, 197, 60, 196, 132, 2, 157, 87, 228, 212, 192, 108, 149, 215, 29, 212,
39, 70, 76, 111, 148, 88, 77, 188, 181, 84, 173, 149, 186, 240, 2, 251, 201, 199, 190, 182, 106, 59, 113, 250, 55, 51, 12, 83, 139, 2, 37, 191, 230, 93, 247, 54, 21, 108, 39, 189,
153, 90, 66, 37, 16, 83, 142, 117, 29, 3, 9, 75, 22, 134, 45, 216, 137, 173, 177, 216, 14, 238, 30, 123, 193, 113, 16, 230, 238, 10, 137, 86, 109, 148, 222, 113, 22, 88, 246, 19,
203, 234, 145, 81, 203, 106, 100, 73, 134, 62, 73, 141, 175, 114, 146, 10, 21, 177, 242, 239, 178, 141, 193, 29, 174, 58, 77, 215, 164, 32, 128, 206, 248, 13, 71, 236, 58, 185, 229, 77,
98, 116, 181, 7, 167, 26, 139, 139, 214, 55, 93, 85, 43, 53, 241, 242, 147, 132, 139, 162, 105, 42, 37, 141, 36, 109, 205, 207, 46, 236, 209, 217, 182, 89, 96, 51, 45, 17, 152, 185,
232, 180, 150, 40, 177, 217, 118, 187, 103, 233, 104, 62, 32, 228, 87, 99, 244, 110, 60, 111, 201, 172, 178, 133, 178, 96, 217, 218, 232, 10, 76, 66, 54, 199, 104, 244, 172, 202, 101, 58,
147, 229, 163, 59, 134, 117, 100, 20, 221, 121, 221, 50, 27, 133, 113, 76, 105, 239, 63, 216, 147, 154, 18, 78, 242, 254, 252, 185, 42, 146, 81, 6, 174, 240, 37, 233, 17, 169, 150, 234,
60, 189, 20, 189, 107, 14, 28, 3, 140, 31, 141, 81, 54, 96, 39, 229, 160, 214, 4, 7, 187, 159, 181, 242, 50, 61, 169, 205, 119, 251, 233, 154, 245, 58, 133, 152, 146, 136, 45, 204,
147, 134, 75, 35, 136, 136, 254, 175, 23, 14, 129, 114, 129, 9, 235, 128, 161, 199, 100, 82, 157, 206, 159, 111, 218, 144, 62, 83, 38, 62, 210, 177, 65, 215, 151, 159, 147, 217, 244, 109,
213, 166, 100, 244, 6, 243, 249, 83, 136, 17, 133, 1, 109, 173, 39, 5, 55, 240, 140, 102, 5, 125, 139, 19, 138, 230, 47, 187, 54, 150, 166, 57, 217, 40, 229, 142, 151, 67, 5, 111,
110, 110, 93, 151, 10, 100, 60, 208, 234, 196, 69, 237, 181, 13, 226, 45, 191, 245, 134, 67, 149, 169, 74, 216, 54, 88, 14, 44, 244, 82, 11, 220, 160, 86, 214, 197, 138, 134, 98, 132,
216, 196, 190, 185, 51, 5, 64, 243, 114, 45, 42, 78, 166, 46, 35, 195, 230, 78, 224, 112, 41, 0, 88, 173, 145, 116, 66, 84, 60, 117, 174, 56, 54, 47, 53, 60, 38, 186, 15, 137,
214, 139, 177, 219, 13, 166, 67, 27, 229, 97, 2, 215, 186, 63, 244, 46, 66, 189, 205, 97, 61, 95, 199, 8, 243, 148, 128, 25, 148, 69, 100, 108, 243, 92, 122, 222, 244, 106, 205, 43,
48, 187, 254, 252, 180, 169, 205, 39, 135, 34, 80, 215, 204, 39, 226, 195, 178, 6, 73, 198, 15, 237, 181, 18, 42, 106, 172, 96, 245, 89, 135, 206, 253, 15, 97, 74, 4, 48, 220, 171,
170, 169, 128, 134, 23, 47, 79, 184, 21, 75, 171, 220, 54, 242, 133, 237, 214, 88, 30, 127, 13, 39, 162, 167, 207, 144, 130, 26, 157, 222, 20, 149, 99, 195, 80, 38, 107, 170, 110, 97,
224, 110, 24, 79, 134, 174, 184, 168, 179, 75, 222, 249, 135, 32, 117, 95, 51, 156, 77, 147, 131, 229, 98, 59, 134, 232, 222, 63, 176, 4, 12, 24, 186, 102, 213, 44, 106, 250, 70, 73,
46, 174, 0, 249, 171, 142, 52, 74, 200, 147, 249, 171, 17, 145, 125, 15, 153, 202, 53, 233, 38, 171, 135, 239, 119, 168, 9, 207, 21, 21, 45, 82, 136, 43, 145, 83, 60, 33, 51, 193,
184, 234, 39, 13, 154, 159, 247, 243, 115, 31, 222, 236, 53, 206, 171, 146, 231, 12, 218, 131, 203, 136, 35, 210, 136, 165, 4, 87, 145, 249, 232, 132, 6, 89, 143, 73, 130, 16, 151, 160,
202, 191, 39, 9, 140, 197, 251, 67, 211, 169, 36, 74, 55, 102, 200, 141, 95, 242, 160, 184, 176, 196, 156, 86, 239, 170, 116, 201, 45, 203, 213, 108, 132, 33, 130, 124, 52, 142, 11, 21,
124, 166, 161, 64, 12, 119, 211, 121, 213, 223, 4, 187, 73, 144, 185, 21, 230, 41, 131, 166, 134, 17, 29, 17, 111, 75, 86, 192, 35, 35, 109, 246, 138, 241, 30, 249, 209, 54, 172, 20,
162, 224, 230, 125, 140, 143, 102, 193, 31, 127, 72, 30, 145, 72, 64, 229, 145, 118, 220, 134, 166, 198, 5, 170, 230, 238, 228, 155, 42, 122, 116, 251, 93, 44, 13, 83, 150, 27, 117, 202,
235, 94, 230, 17, 43, 55, 39, 140, 243, 56, 0, 124, 52, 116, 143, 95, 15, 62, 48, 82, 107, 186, 79, 184, 134, 164, 186, 162, 39, 230, 7, 127, 190, 117, 96, 231, 147, 39, 246, 101,
75, 129, 214, 69, 3, 75, 231, 9, 227, 247, 143, 54, 159, 87, 109, 90, 134, 18, 114, 189, 178, 121, 214, 42, 18, 138, 244, 198, 190, 172, 200, 120, 134, 27, 38, 221, 137, 68, 215, 194,
164, 4, 127, 174, 19, 209, 220, 24, 70, 80, 172, 24, 149, 67, 242, 142, 227, 38, 88, 104, 48, 55, 205, 237, 164, 138, 182, 171, 111, 49, 29, 156, 4, 126, 148, 194, 16, 167, 160, 216,
166, 120, 13, 10, 28, 22, 147, 212, 200, 138, 132, 78, 136, 239, 8, 133, 95, 146, 96, 38, 48, 139, 110, 86, 253, 91, 76, 21, 179, 183, 166, 146, 178, 3, 244, 214, 244, 19, 108, 104,
110, 208, 15, 253, 253, 216, 16, 68, 156, 206, 227, 67, 199, 94, 91, 43, 225, 89, 228, 45, 9, 231, 107, 73, 98, 157, 12, 243, 247, 183, 22, 45, 210, 235, 231, 242, 40, 140, 81, 47,
134, 193, 58, 186, 109, 217, 173, 220, 52, 168, 65, 188, 29, 62, 82, 2, 180, 3, 172, 125, 56, 60, 54, 155, 160, 192, 32, 78, 179, 156, 243, 196, 114, 28, 208, 129, 51, 189, 229, 175,
238, 54, 204, 154, 155, 224, 50, 243, 164, 182, 75, 41, 166, 207, 243, 136, 38, 19, 202, 92, 140, 51, 192, 152, 213, 173, 39, 1, 200, 161, 248, 118, 226, 135, 122, 82, 17, 105, 222, 141,
112, 210, 151, 156, 131, 245, 178, 79, 199, 150, 120, 228, 72, 224, 215, 51, 190, 32, 149, 55, 13, 243, 55, 10, 44, 227, 131, 21, 1, 106, 168, 67, 191, 225, 32, 177, 14, 156, 184, 5,
217, 123, 224, 179, 234, 106, 15, 46, 110, 120, 78, 192, 61, 40, 69, 162, 232, 245, 94, 148, 156, 54, 172, 48, 153, 198, 245, 22, 143, 168, 79, 148, 15, 67, 67, 33, 182, 72, 85, 221,
147, 107, 210, 168, 136, 231, 93, 154, 201, 246, 165, 238, 110, 99, 48, 234, 98, 96, 61, 37, 252, 91, 112, 172, 149, 127, 214, 22, 23, 62, 98, 229, 169, 34, 55, 108, 61, 92, 171, 67,
29, 3, 76, 86, 7, 181, 79, 164, 135, 175, 177, 234, 54, 196, 50, 101, 233, 86, 28, 135, 180, 15, 240, 81, 54, 192, 193, 6, 34, 117, 176, 12, 193, 190, 150, 37, 132, 86, 60, 95,
156, 53, 72, 197, 185, 15, 227, 89, 35, 176, 215, 253, 144, 180, 243, 96, 140, 7, 79, 215, 169, 19, 226, 234, 242, 47, 71, 198, 59, 240, 181, 57, 115, 107, 129, 21, 240, 73, 136, 203,
220, 22, 2, 56, 51, 106, 187, 241, 156, 158, 189, 253, 112, 115, 82, 252, 61, 124, 183, 220, 112, 168, 161, 202, 148, 66, 19, 6, 58, 103, 150, 129, 236, 153, 178, 75, 234, 250, 50, 170,
87, 244, 73, 46, 10, 153, 77, 73, 226, 126, 55, 15, 145, 130, 224, 147, 153, 112, 232, 230, 148, 53, 83, 111, 0, 134, 120, 241, 148, 210, 110, 111, 130, 229, 224, 37, 171, 15, 77, 46,
160, 108, 190, 103, 30, 188, 98, 87, 51, 156, 114, 165, 177, 164, 23, 62, 194, 246, 231, 239, 4, 141, 70, 5, 190, 222, 67, 190, 17, 207, 131, 199, 2, 185, 17, 138, 60, 30, 92, 47,
159, 31, 250, 98, 79, 109, 23, 219, 196, 244, 34, 13, 190, 172, 240, 232, 119, 11, 244, 225, 51, 206, 201, 144, 198, 19, 191, 216, 174, 208, 32, 247, 255, 220, 65, 65, 174, 210, 242, 135,
117, 0, 215, 118, 148, 29, 242, 147, 163, 157, 39, 95, 183, 135, 247, 56, 239, 212, 33, 70, 16, 73, 181, 145, 119, 224, 178, 154, 247, 158, 176, 12, 148, 177, 84, 233, 26, 224, 172, 83,
249, 120, 134, 54, 45, 238, 33, 22, 116, 226, 141, 17, 125, 83, 131, 96, 210, 200, 25, 189, 13, 148, 192, 93, 199, 43, 184, 135, 233, 121, 44, 19, 80, 9, 82, 182, 42, 122, 102, 227,
220, 204, 68, 149, 157, 45, 181, 74, 187, 196, 131, 124, 137, 160, 102, 155, 110, 106, 72, 42, 143, 82, 77, 188, 132, 86, 228, 184, 137, 224, 4, 132, 219, 235, 195, 171, 25, 11, 49, 214,
107, 0, 13, 78, 171, 8, 18, 162, 233, 125, 248, 37, 55, 62, 126, 183, 133, 107, 58, 63, 5, 44, 133, 123, 60, 24, 9, 75, 124, 186, 7, 154, 171, 154, 130, 196, 14, 245, 6, 120,
238, 87, 103, 200, 240, 0, 245, 91, 70, 143, 238, 108, 19, 87, 205, 19, 142, 136, 218, 35, 141, 21, 54, 68, 249, 5, 75, 131, 175, 104, 203, 93, 40, 217, 203, 198, 142, 174, 240, 17,
164, 56, 39, 132, 209, 26, 215, 235, 184, 13, 39, 196, 58, 194, 227, 69, 61, 109, 161, 96, 168, 126, 178, 237, 243, 74, 88, 104, 26, 115, 161, 170, 184, 227, 218, 189, 44, 11, 55, 141,
36, 64, 137, 148, 46, 230, 129, 194, 136, 69, 4, 97, 11, 22, 192, 148, 187, 165, 139, 12, 187, 217, 17, 232, 95, 237, 43, 27, 54, 224, 70, 79, 243, 85, 38, 113, 138, 130, 152, 206,
248, 114, 213, 234, 168, 61, 117, 111, 116, 192, 120, 142, 188, 202, 69, 96, 179, 252, 214, 8, 170, 89, 91, 7, 190, 8, 249, 41, 56, 189, 55, 13, 102, 138, 26, 199, 135, 130, 54, 78,
242, 254, 248, 144, 54, 148, 120, 27, 242, 235, 66, 227, 11, 226, 131, 180, 106, 155, 52, 171, 113, 12, 9, 14, 189, 32, 226, 89, 55, 47, 2, 194, 221, 237, 60, 6, 186, 167, 156, 165,
75, 82, 244, 225, 50, 191, 229, 176, 223, 11, 167, 152, 202, 192, 103, 138, 249, 176, 26, 95, 232, 244, 143, 160, 125, 26, 129, 81, 129, 24, 206, 167, 169, 156, 39, 106, 183, 177, 215, 103,
206, 139, 122, 76, 61, 102, 206, 211, 73, 241, 151, 154, 169, 226, 139, 86, 243, 207, 94, 215, 31, 191, 230, 89, 146, 54, 178, 54, 10, 130, 33, 13, 44, 252, 160, 21, 15, 105, 168, 76,
168, 181, 27, 146, 61, 156, 146, 41, 236, 117, 232, 142, 143, 121, 43, 111, 71, 1, 93, 174, 16, 3, 96, 241, 244, 171, 50, 150, 181, 62, 228, 15, 173, 203, 192, 124, 137, 206, 16, 192,
52, 103, 10, 17, 144, 20, 81, 205, 206, 117, 223, 149, 147, 231, 66, 130, 234, 215, 160, 191, 23, 122, 64, 207, 99, 45, 42, 89, 189, 38, 125, 146, 242, 126, 231, 107, 73, 42, 88, 173,
129, 95, 22, 68, 15, 51, 190, 126, 116, 58, 23, 29, 30, 186, 15, 137, 214, 161, 177, 219, 81, 253, 37, 100, 225, 76, 18, 204, 142, 88, 170, 76, 72, 193, 171, 94, 33, 100, 193, 1,
142, 182, 218, 85, 180, 125, 38, 100, 156, 27, 117, 175, 152, 111, 242, 93, 9, 129, 208, 245, 129, 158, 236, 47, 211, 27, 92, 234, 199, 20, 208, 201, 196, 90, 33, 232, 30, 222, 171, 62,
46, 41, 161, 23, 173, 94, 253, 140, 226, 56, 79, 57, 44, 67, 237, 217, 153, 231, 182, 134, 107, 48, 28, 148, 34, 72, 139, 220, 18, 248, 211, 237, 211, 74, 4, 23, 15, 63, 190, 152,
207, 130, 190, 47, 167, 240, 119, 142, 109, 224, 87, 77, 125, 246, 106, 80, 207, 112, 65, 79, 176, 141, 144, 207, 252, 122, 233, 194, 169, 15, 117, 104, 15, 252, 79, 176, 181, 202, 94, 101,
210, 232, 254, 8, 157, 109, 113, 27, 229, 71, 228, 4, 10, 190, 47, 80, 117, 139, 108, 242, 137, 188, 23, 25, 157, 203, 230, 174, 47, 169, 82, 109, 255, 199, 6, 205, 48, 160, 210, 223,
51, 165, 48, 221, 2, 58, 45, 4, 169, 30, 164, 82, 45, 46, 77, 207, 233, 241, 36, 72, 234, 143, 181, 179, 124, 61, 182, 225, 11, 196, 205, 227, 236, 104, 152, 169, 155, 214, 34, 230,
163, 177, 122, 56, 136, 232, 207, 164, 35, 45, 214, 52, 239, 56, 232, 166, 168, 135, 39, 97, 138, 156, 240, 116, 196, 171, 65, 107, 15, 98, 242, 180, 60, 223, 182, 230, 177, 154, 190, 86,
239, 170, 12, 199, 4, 240, 160, 114, 186, 41, 166, 8, 104, 170, 10, 59, 115, 186, 136, 85, 16, 105, 207, 120, 131, 184, 96, 182, 78, 231, 167, 29, 179, 59, 130, 184, 167, 70, 2, 53,
83, 113, 110, 183, 34, 36, 50, 210, 211, 203, 60, 196, 148, 2, 157, 10, 228, 135, 192, 108, 180, 215, 29, 199, 39, 127, 76, 111, 129, 88, 85, 198, 161, 89, 186, 165, 143, 243, 125, 128,
236, 238, 228, 155, 6, 99, 54, 210, 46, 29, 52, 119, 143, 24, 40, 144, 247, 14, 254, 117, 27, 117, 101, 164, 133, 73, 43, 84, 12, 78, 130, 109, 112, 63, 72, 62, 28, 153, 79, 155,
145, 128, 167, 162, 39, 225, 53, 111, 205, 91, 19, 251, 165, 10, 244, 107, 114, 177, 234, 6, 28, 56, 176, 26, 243, 134, 132, 81, 181, 87, 48, 85, 242, 32, 0, 133, 136, 112, 202, 61,
117, 155, 222, 214, 175, 170, 244, 50, 159, 47, 79, 215, 139, 14, 246, 216, 250, 32, 92, 211, 37, 233, 244, 22, 98, 112, 238, 14, 174, 69, 142, 200, 226, 27, 0, 104, 78, 106, 187, 203,
249, 189, 201, 183, 17, 26, 20, 130, 45, 120, 163, 231, 15, 249, 144, 239, 178, 35, 61, 26, 71, 60, 197, 212, 200, 136, 233, 12, 188, 209, 46, 151, 55, 206, 82, 69, 124, 188, 47, 125,
204, 95, 44, 19, 155, 174, 184, 181, 158, 91, 229, 230, 237, 65, 97, 89, 3, 229, 119, 173, 161, 243, 11, 83, 160, 246, 212, 39, 156, 98, 90, 31, 226, 72, 229, 107, 102, 132, 99, 119,
50, 157, 105, 191, 145, 160, 49, 56, 196, 248, 254, 242, 40, 150, 64, 47, 162, 188, 58, 183, 7, 208, 135, 187, 53, 170, 74, 181, 23, 26, 37, 33, 168, 43, 160, 32, 47, 36, 19, 217,
248, 177, 41, 104, 232, 167, 161, 174, 50, 32, 223, 252, 12, 231, 252, 161, 223, 5, 175, 148, 155, 193, 49, 244, 249, 163, 75, 95, 142, 234, 237, 152, 45, 40, 214, 85, 190, 37, 192, 170,
136, 137, 68, 94, 140, 141, 253, 89, 226, 182, 120, 82, 17, 105, 222, 141, 65, 210, 151, 156, 131, 245, 178, 79, 199, 150, 120, 228, 72, 242, 164, 113, 188, 37, 134, 22, 20, 224, 33, 126,
110, 227, 131, 29, 21, 82, 137, 28, 148, 163, 24, 178, 79, 227, 134, 33, 220, 46, 164, 149, 176, 126, 45, 50, 76, 109, 43, 134, 45, 24, 126, 162, 224, 200, 2, 148, 143, 33, 149, 59,
156, 197, 245, 111, 235, 190, 118, 237, 2, 111, 113, 1, 161, 72, 85, 221, 163, 107, 165, 149, 136, 245, 68, 248, 232, 242, 198, 181, 54, 15, 51, 147, 82, 9, 46, 87, 128, 29, 52, 142,
247, 123, 231, 121, 40, 21, 65, 142, 169, 67, 40, 96, 112, 47, 212, 92, 15, 51, 59, 87, 10, 234, 40, 164, 202, 159, 190, 216, 41, 196, 16, 101, 238, 121, 3, 149, 235, 90, 170, 126,
117, 147, 242, 76, 16, 97, 246, 12, 207, 228, 177, 25, 167, 8, 54, 95, 133, 1, 66, 216, 165, 119, 205, 29, 6, 221, 192, 241, 141, 180, 244, 37, 220, 45, 94, 215, 206, 70, 214, 237,
193, 83, 71, 171, 58, 201, 246, 25, 116, 76, 151, 21, 168, 119, 176, 220, 213, 14, 87, 112, 40, 113, 225, 183, 173, 227, 184, 251, 108, 27, 92, 159, 113, 69, 214, 211, 13, 180, 156, 197,
138, 121, 34, 123, 42, 25, 184, 141, 197, 140, 166, 59, 181, 239, 6, 238, 110, 245, 44, 66, 13, 137, 69, 72, 148, 111, 90, 114, 200, 175, 255, 158, 191, 70, 196, 194, 171, 32, 117, 127,
43, 206, 116, 246, 252, 144, 85, 114, 178, 201, 218, 52, 200, 66, 12, 31, 186, 16, 223, 19, 56, 170, 118, 4, 55, 155, 17, 255, 179, 140, 117, 2, 195, 136, 132, 241, 39, 163, 97, 111,
137, 227, 32, 186, 19, 179, 165, 212, 106, 145, 56, 210, 40, 14, 19, 47, 167, 13, 158, 32, 79, 126, 31, 219, 248, 242, 41, 110, 180, 216, 138, 237, 115, 77, 204, 134, 13, 217, 239, 183,
198, 4, 218, 169, 167, 215, 4, 217, 191, 130, 105, 41, 166, 221, 149, 156, 17, 44, 213, 52, 169, 50, 150, 156, 215, 152, 66, 98, 138, 179, 222, 53, 226, 144, 120, 70, 44, 81, 246, 177,
51, 221, 156, 156, 181, 221, 188, 117, 204, 176, 102, 242, 16, 183, 245, 68, 187, 107, 192, 55, 16, 142, 80, 47, 0, 195, 146, 64, 17, 77, 133, 123, 183, 238, 36, 183, 77, 143, 166, 67,
220, 53, 163, 135, 233, 125, 1, 26, 97, 74, 43, 183, 107, 22, 72, 227, 232, 248, 24, 209, 170, 38, 130, 83, 164, 209, 132, 92, 234, 203, 99, 226, 43, 106, 106, 54, 151, 113, 19, 239,
171, 26, 164, 134, 174, 240, 126, 184, 201, 250, 219, 169, 58, 47, 107, 243, 46, 0, 61, 54, 232, 101, 100, 219, 133, 28, 238, 114, 35, 103, 41, 252, 233, 95, 68, 95, 21, 83, 146, 67,
18, 6, 55, 35, 118, 237, 87, 184, 136, 186, 145, 251, 19, 239, 45, 91, 236, 101, 43, 149, 186, 12, 128, 55, 67, 141, 174, 6, 21, 64, 194, 107, 247, 151, 164, 49, 185, 31, 28, 80,
184, 11, 95, 168, 148, 76, 204, 61, 36, 152, 139, 210, 173, 201, 210, 6, 141, 0, 90, 246, 175, 35, 141, 234, 202, 41, 123, 181, 62, 199, 207, 62, 66, 86, 160, 96, 244, 27, 142, 232,
221, 79, 112, 116, 40, 73, 255, 219, 141, 180, 218, 138, 54, 105, 40, 227, 34, 127, 157, 205, 15, 173, 210, 205, 215, 95, 24, 60, 57, 34, 164, 175, 191, 128, 148, 11, 187, 192, 13, 166,
116, 246, 90, 21, 29, 174, 107, 78, 199, 109, 3, 90, 136, 165, 155, 133, 156, 116, 213, 253, 185, 73, 75, 121, 34, 130, 76, 129, 252, 205, 112, 127, 137, 216, 226, 6, 168, 124, 90, 33,
249, 64, 162, 105, 108, 157, 116, 4, 95, 189, 52, 246, 243, 217, 16, 10, 241, 233, 219, 242, 16, 182, 77, 29, 156, 235, 60, 254, 109, 193, 148, 231, 15, 191, 40, 131, 112, 9, 16, 3,
178, 10, 162, 114, 16, 98, 66, 200, 250, 217, 4, 72, 244, 132, 180, 206, 48, 31, 212, 231, 23, 237, 188, 172, 246, 50, 164, 142, 184, 150, 96, 232, 188, 176, 94, 86, 233, 235, 210, 128,
12, 80, 255, 97, 141, 16, 232, 153, 148, 174, 70, 9, 199, 148, 226, 103, 216, 208, 68, 124, 20, 102, 220, 178, 104, 206, 183, 181, 144, 236, 136, 73, 207, 166, 70, 239, 21, 206, 248, 37,
250, 56, 161, 4, 53, 161, 45, 20, 63, 189, 204, 82, 48, 76, 148, 96, 180, 222, 0, 163, 85, 156, 157, 6, 178, 50, 154, 174, 186, 96, 55, 36, 52, 104, 45, 144, 7, 63, 92, 254,
220, 168, 59, 228, 205, 0, 145, 31, 152, 247, 218, 75, 188, 143, 74, 135, 10, 94, 123, 11, 146, 89, 106, 223, 180, 101, 215, 168, 154, 243, 12, 156, 255, 214, 246, 187, 103, 41, 125, 215,
98, 96, 0, 92, 143, 37, 125, 161, 244, 100, 209, 10, 79, 49, 100, 166, 163, 117, 4, 62, 41, 81, 163, 69, 3, 112, 28, 2, 49, 235, 80, 211, 170, 166, 128, 163, 75, 249, 56, 95,
190, 76, 31, 249, 177, 3, 146, 108, 117, 214, 238, 65, 18, 104, 199, 108, 240, 132, 179, 44, 154, 115, 100, 81, 249, 32, 127, 184, 153, 106, 221, 32, 52, 221, 143, 229, 143, 189, 247, 36,
140, 6, 120, 247, 175, 16, 254, 238, 202, 54, 80, 201, 55, 195, 198, 21, 118, 92, 168, 12, 252, 124, 142, 248, 199, 83, 116, 77, 19, 108, 206, 240, 186, 128, 198, 151, 22, 0, 37, 167,
36, 102, 169, 245, 118, 199, 143, 198, 156, 95, 56, 104, 60, 19, 219, 129, 202, 132, 186, 12, 168, 208, 19, 148, 55, 212, 83, 60, 23, 184, 65, 116, 223, 89, 15, 110, 166, 182, 231, 201,
152, 107, 134, 229, 188, 29, 71, 20, 31, 145, 105, 179, 138, 211, 106, 122, 177, 235, 186, 73, 199, 101, 64, 14, 187, 21, 197, 46, 108, 145, 54, 73, 65, 147, 18, 206, 139, 162, 117, 44,
196, 137, 154, 144, 79, 241, 101, 37, 175, 255, 55, 221, 25, 244, 178, 190, 34, 187, 63, 203, 12, 26, 35, 91, 189, 9, 172, 117, 28, 35, 62, 253, 188, 231, 59, 86, 141, 176, 147, 244,
77, 42, 234, 211, 125, 160, 176, 189, 194, 56, 179, 214, 152, 214, 109, 139, 252, 195, 124, 13, 236, 253, 235, 184, 110, 49, 247, 69, 142, 15, 203, 133, 159, 220, 35, 71, 171, 155, 135, 117,
184, 147, 69, 73, 106, 61, 211, 182, 99, 172, 177, 187, 242, 233, 148, 115, 194, 148, 80, 230, 11, 207, 191, 76, 249, 9, 147, 38, 19, 162, 12, 41, 23, 240, 149, 85, 118, 86, 130, 74,
146, 254, 31, 146, 11, 131, 158, 8, 236, 49, 165, 187, 157, 102, 116, 61, 54, 125, 65, 183, 21, 39, 106, 170, 206, 196, 23, 248, 132, 4, 174, 12, 184, 246, 197, 118, 231, 172, 110, 205,
39, 6, 87, 9, 169, 71, 126, 197, 148, 127, 227, 169, 183, 216, 117, 244, 234, 204, 212, 143, 109, 39, 111, 253, 124, 10, 114, 44, 134, 61, 119, 202, 215, 102, 196, 56, 6, 11, 32, 170,
143, 82, 16, 75, 56, 117, 203, 68, 6, 122, 64, 32, 48, 133, 18, 167, 212, 148, 254, 241, 45, 212, 18, 64, 179, 51, 59, 149, 186, 81, 168, 112, 93, 179, 221, 13, 107, 122, 227, 112,
200, 138, 179, 22, 138, 116, 59, 116, 154, 66, 8, 180, 144, 119, 225, 41, 106, 177, 213, 176, 253, 185, 198, 127, 151, 94, 120, 211, 187, 62, 242, 216, 201, 1, 69, 209, 111, 197, 193, 69,
118, 92, 177, 97, 252, 67, 142, 131, 199, 5, 84, 77, 19, 100, 164, 197, 186, 184, 153, 185, 102, 109, 42, 141, 10, 59, 160, 245, 49, 169, 221, 226, 161, 126, 7, 62, 71, 60, 161, 182,
193, 146, 187, 47, 190, 231, 45, 237, 42, 248, 45, 18, 116, 168, 116, 114, 212, 37, 7, 24, 186, 142, 151, 145, 228, 69, 200, 195, 158, 57, 71, 65, 42, 158, 88, 179, 134, 248, 124, 124,
189, 225, 219, 61, 207, 116, 83, 103, 222, 87, 164, 19, 106, 164, 86, 102, 85, 232, 50, 253, 135, 215, 46, 52, 149, 230, 237, 134, 74, 168, 96, 110, 133, 235, 50, 236, 59, 160, 150, 251,
2, 152, 50, 220, 116, 44, 61, 14, 166, 40, 164, 84, 29, 122, 49, 217, 188, 178, 6, 108, 185, 131, 166, 197, 65, 42, 169, 129, 40, 192, 179, 136, 147, 53, 165, 166, 204, 210, 22, 255,
156, 148, 114, 23, 157, 243, 227, 161, 116, 95, 218, 93, 146, 27, 229, 141, 161, 173, 36, 117, 153, 192, 155, 59, 200, 208, 114, 90, 43, 121, 242, 159, 52, 215, 238, 130, 239, 195, 134, 74,
255, 145, 1, 240, 10, 180, 195, 88, 188, 124, 130, 120, 102, 191, 9, 14, 38, 230, 184, 85, 118, 72, 214, 95, 172, 222, 33, 136, 79, 149, 154, 26, 220, 113, 158, 207, 230, 101, 38, 100,
77, 79, 65, 152, 17, 11, 82, 180, 206, 183, 7, 236, 185, 63, 231, 56, 174, 128, 228, 102, 157, 159, 21, 149, 63, 108, 118, 22, 163, 104, 115, 250, 143, 65, 230, 189, 153, 222, 89, 188,
229, 199, 192, 166, 6, 122, 53, 132, 75, 109, 59, 34, 247, 42, 21, 175, 234, 74, 225, 117, 72, 53, 98, 168, 179, 125, 31, 104, 62, 92, 148, 35, 54, 14, 42, 84, 113, 154, 54, 162,
213, 169, 153, 247, 49, 227, 21, 117, 251, 123, 103, 149, 183, 91, 247, 119, 104, 154, 253, 92, 117, 103, 227, 17, 148, 170, 166, 36, 135, 23, 57, 116, 133, 74, 123, 150, 188, 97, 145, 93,
119, 186, 205, 238, 162, 167, 239, 26, 151, 94, 38, 201, 137, 64, 129, 202, 186, 50, 117, 177, 52, 197, 236, 19, 95, 96, 238, 103, 134, 67, 182, 223, 208, 62, 91, 98, 17, 111, 251, 239,
177, 184, 183, 143, 13, 18, 54, 244, 113, 121, 191, 207, 5, 239, 143, 242, 161, 111, 103, 123, 44, 27, 135, 174, 196, 173, 181, 16, 175, 226, 35, 170, 50, 212, 114, 60, 62, 162, 43, 94,
211, 83, 32, 81, 205, 137, 230, 166, 145, 123, 216, 212, 180, 49, 108, 84, 12, 194, 0, 137, 128, 214, 73, 88, 180, 246, 254, 57, 140, 96, 4, 116, 179, 74, 251, 4, 109, 175, 125, 101,
84, 183, 48, 211, 240, 131, 117, 50, 236, 228, 221, 129, 23, 171, 45, 26, 164, 194, 22, 184, 37, 202, 150, 244, 22, 240, 73, 140, 41, 47, 29, 0, 145, 127, 161, 82, 63, 64, 77, 206,
232, 198, 43, 79, 170, 142, 147, 215, 111, 24, 236, 192, 45, 254, 199, 239, 203, 110, 188, 177, 167, 238, 37, 208, 157, 186, 99, 15, 150, 213, 139, 220, 106, 61, 232, 93, 170, 74, 203, 168,
171, 216, 76, 67, 206, 187, 243, 58, 239, 138, 35, 111, 27, 106, 211, 176, 49, 193, 140, 147, 242, 206, 143, 77, 195, 132, 1, 232, 27, 182, 226, 111, 142, 25, 166, 44, 102, 148, 39, 57,
125, 204, 168, 80, 53, 87, 143, 68, 130, 223, 57, 134, 16, 182, 144, 24, 191, 108, 231, 207, 147, 71, 19, 58, 124, 113, 78, 176, 2, 34, 97, 168, 147, 217, 22, 152, 141, 40, 163, 6,
189, 129, 211, 88, 168, 185, 110, 239, 61, 89, 113, 48, 182, 92, 82, 219, 160, 71, 242, 164, 151, 133, 119, 248, 251, 241, 250, 186, 6, 122, 79, 235, 93, 62, 50, 39, 167, 36, 50, 143,
226, 8, 231, 6, 49, 18, 115, 232, 133, 43, 52, 100, 13, 73, 148, 107, 10, 124, 50, 40, 10, 237, 79, 138, 182, 181, 130, 234, 17, 251, 18, 93, 251, 104, 1, 149, 167, 45, 144, 83,
80, 163, 233, 126, 13, 77, 202, 62, 147, 229, 150, 82, 135, 108, 12, 11, 134, 41, 82, 152, 158, 83, 245, 67, 12, 218, 192, 237, 166, 201, 233, 124, 189, 94, 36, 202, 191, 47, 129, 253,
193, 53, 87, 252, 110, 186, 181, 20, 77, 42, 234, 97, 182, 27, 170, 215, 221, 57, 96, 56, 25, 67, 199, 237, 177, 190, 187, 185, 52, 14, 3, 244, 44, 79, 147, 192, 49, 238, 221, 223,
214, 111, 36, 27, 17, 36, 185, 191, 216, 178, 153, 31, 149, 156, 30, 236, 114, 212, 94, 68, 21, 151, 55, 106, 210, 117, 44, 111, 186, 162, 224, 183, 129, 1, 245, 200, 158, 44, 16, 69,
116, 222, 92, 135, 147, 234, 17, 62, 221, 193, 216, 29, 149, 115, 4, 6, 200, 123, 200, 39, 53, 155, 60, 10, 60, 131, 43, 250, 242, 149, 55, 24, 233, 218, 231, 169, 71, 244, 127, 13,
164, 199, 1, 212, 37, 236, 150, 246, 22, 191, 86, 203, 117, 110, 19, 40, 129, 53, 157, 35, 79, 111, 29, 149, 254, 217, 59, 17, 136, 144, 178, 203, 67, 30, 172, 129, 125, 194, 233, 227,
226, 115, 186, 181, 148, 136, 63, 239, 128, 202, 72, 93, 156, 250, 215, 141, 19, 66, 236, 101, 133, 78, 230, 134, 140, 158, 86, 74, 173, 164, 196, 57, 238, 135, 84, 111, 61, 82, 235, 155,
73, 252, 129, 183, 169, 155, 148, 111, 194, 200, 6, 171, 49, 245, 195, 87, 188, 20, 153, 45, 54, 176, 39, 8, 125, 223, 200, 107, 19, 124, 149, 83, 172, 222, 122, 183, 31, 162, 177, 41,
187, 113, 166, 174, 148, 110, 30, 21, 114, 14, 46, 162, 44, 40, 49, 202, 239, 209, 1, 152, 157, 8, 231, 23, 159, 128, 225, 107, 231, 182, 21, 224, 41, 77, 65, 8, 163, 115, 28, 241,
208, 101, 243, 131, 199, 206, 102, 165, 249, 219, 247, 156, 54, 38, 78, 237, 48, 16, 11, 71, 134, 2, 3, 183, 239, 79, 227, 41, 49, 23, 101, 137, 143, 82, 48, 119, 30, 115, 139, 89,
3, 112, 28, 54, 10, 182, 9, 168, 212, 155, 228, 255, 14, 214, 54, 75, 228, 70, 18, 230, 237, 37, 239, 111, 84, 200, 241, 4, 30, 98, 180, 99, 198, 153, 131, 46, 183, 77, 16, 107,
188, 1, 98, 218, 190, 123, 225, 21, 117, 139, 246, 197, 247, 141, 208, 45, 156, 36, 111, 254, 177, 58, 242, 167, 224, 38, 33, 198, 55, 195, 243, 52, 77, 96, 131, 34, 182, 102, 253, 144,
225, 42, 124, 71, 61, 105, 229, 202, 189, 190, 176, 134, 56, 13, 2, 248, 22, 68, 149, 145, 118, 208, 144, 210, 130, 107, 109, 23, 50, 34, 187, 168, 186, 132, 154, 16, 175, 238, 124, 148,
42, 248, 83, 50, 23, 248, 125, 40, 138, 101, 62, 114, 176, 210, 155, 183, 166, 64, 198, 203, 176, 14, 19, 28, 23, 194, 123, 163, 177, 198, 81, 127, 208, 225, 166, 70, 207, 7, 125, 54,
160, 26, 235, 17, 59, 152, 118, 11, 85, 242, 33, 206, 175, 130, 113, 13, 233, 142, 250, 174, 36, 236, 65, 42, 185, 161, 41, 234, 40, 207, 209, 253, 116, 255, 76, 182, 117, 109, 75, 6,
129, 32, 250, 36, 17, 112, 51, 149, 190, 231, 100, 78, 244, 159, 135, 171, 116, 59, 223, 155, 15, 160, 227, 168, 138, 37, 179, 209, 181, 232, 30, 238, 154, 177, 118, 91, 151, 192, 227, 143,
15, 56, 242, 78, 141, 53, 233, 189, 208, 143, 95, 88, 172, 128, 129, 79, 230, 147, 69, 124, 20, 61, 211, 165, 104, 170, 172, 151, 180, 215, 151, 81, 208, 132, 80, 240, 11, 237, 206, 69,
162, 25, 195, 10, 102, 156, 39, 28, 125, 220, 187, 67, 50, 83, 135, 125, 130, 167, 99, 152, 61, 175, 177, 58, 194, 108, 159, 187, 244, 27, 49, 50, 106, 14, 96, 185, 2, 120, 97, 222,
223, 196, 63, 209, 144, 72, 154, 20, 132, 128, 227, 88, 173, 128, 78, 149, 44, 106, 73, 118, 166, 71, 22, 253, 159, 65, 229, 160, 185, 253, 4, 252, 189, 193, 248, 181, 22, 56, 70, 213,
93, 27, 20, 114, 166, 12, 38, 144, 236, 83, 128, 10, 19, 17, 68, 145, 162, 97, 16, 88, 18, 117, 215, 74, 45, 28, 44, 42, 28, 177, 86, 134, 172, 254, 163, 217, 79, 175, 64, 86,
198, 106, 122, 230, 237, 71, 169, 73, 84, 200, 237, 103, 125, 99, 233, 60, 200, 179, 196, 82, 204, 19, 38, 70, 143, 69, 88, 158, 185, 104, 225, 9, 12, 131, 205, 225, 170, 147, 157, 51,
156, 91, 114, 227, 184, 62, 133, 217, 236, 53, 89, 174, 9, 234, 244, 45, 46, 92, 157, 18, 175, 100, 174, 148, 242, 22, 89, 118, 50, 106, 255, 173, 250, 190, 151, 229, 112, 29, 9, 152,
44, 109, 177, 207, 124, 180, 141, 192, 150, 111, 33, 62, 4, 54, 141, 220, 164, 178, 132, 52, 150, 253, 111, 184, 65, 248, 80, 3, 47, 161, 66, 122, 200, 108, 36, 66, 181, 177, 131, 171,
166, 0, 193, 200, 137, 19, 71, 95, 12, 223, 112, 131, 177, 209, 70, 92, 179, 157, 242, 55, 168, 3, 120, 124, 189, 17, 164, 49, 29, 250, 52, 12, 85, 239, 53, 194, 242, 140, 17, 15,
231, 204, 237, 170, 85, 145, 32, 27, 163, 199, 53, 182, 59, 174, 138, 235, 8, 251, 65, 168, 54, 38, 42, 19, 170, 9, 183, 59, 12, 117, 44, 223, 211, 172, 16, 108, 185, 131, 137, 230,
65, 56, 169, 206, 114, 201, 211, 138, 234, 51, 165, 133, 150, 148, 108, 251, 137, 154, 69, 32, 233, 207, 221, 223, 46, 95, 247, 124, 188, 12, 201, 157, 174, 220, 36, 66, 191, 128, 199, 84,
242, 214, 65, 81, 106, 114, 230, 200, 53, 170, 139, 224, 247, 225, 148, 119, 247, 154, 97, 241, 58, 254, 243, 36, 177, 48, 199, 54, 29, 154, 42, 125, 6, 230, 177, 85, 46, 70, 207, 28,
150, 198, 45, 167, 53, 227, 177, 3, 178, 20, 168, 151, 244, 74, 119, 41, 75, 14, 50, 165, 60, 9, 119, 216, 244, 243, 16, 239, 185, 30, 167, 75, 132, 202, 246, 27, 231, 155, 97, 149,
112, 76, 10, 22, 162, 116, 16, 227, 147, 71, 227, 180, 173, 134, 102, 188, 229, 218, 192, 149, 11, 60, 125, 241, 84, 16, 59, 117, 141, 36, 45, 144, 149, 79, 230, 6, 40, 104, 123, 190,
254, 97, 66, 73, 110, 116, 215, 120, 51, 57, 1, 12, 15, 187, 42, 221, 209, 254, 162, 200, 40, 230, 21, 122, 191, 121, 62, 209, 171, 45, 189, 127, 67, 163, 246, 102, 54, 123, 179, 18,
223, 133, 166, 20, 135, 74, 100, 70, 128, 24, 7, 166, 185, 80, 192, 9, 19, 191, 137, 215, 146, 174, 156, 10, 173, 22, 102, 234, 204, 31, 159, 196, 252, 7, 40, 210, 30, 207, 179, 10,
53, 92, 233, 51, 180, 69, 129, 210, 238, 14, 0, 116, 21, 114, 217, 209, 179, 176, 188, 133, 42, 62, 9, 184, 23, 38, 200, 193, 33, 197, 143, 253, 150, 111, 38, 8, 55, 52, 132, 174,
253, 144, 150, 29, 238, 199, 34, 171, 125, 250, 91, 30, 35, 247, 53, 75, 196, 69, 47, 103, 209, 189, 162, 207, 152, 107, 199, 194, 238, 76, 111, 64, 15, 196, 8, 239, 161, 205, 72, 90,
141, 157, 253, 41, 168, 127, 120, 124, 199, 19, 186, 51, 19, 175, 102, 108, 67, 232, 20, 243, 165, 154, 61, 61, 213, 197, 133, 165, 21, 245, 38, 22, 188, 235, 65, 229, 53, 209, 181, 232,
49, 187, 45, 140, 32, 54, 41, 2, 142, 52, 156, 126, 12, 64, 30, 148, 207, 250, 8, 17, 184, 220, 169, 215, 77, 20, 236, 195, 28, 246, 227, 153, 232, 56, 162, 170, 167, 140, 62, 221,
249, 176, 125, 2, 190, 209, 214, 152, 4, 56, 143, 69, 142, 76, 227, 179, 188, 173, 65, 103, 143, 195, 196, 88, 195, 169, 123, 121, 42, 57, 254, 138, 67, 209, 170, 131, 244, 238, 148, 12,
247, 137, 97, 230, 41, 205, 230, 106, 159, 20, 163, 58, 110, 148, 39, 57, 125, 236, 175, 126, 61, 103, 136, 95, 189, 189, 6, 162, 36, 132, 197, 33, 237, 49, 137, 184, 172, 71, 48, 27,
109, 14, 85, 183, 116, 25, 82, 235, 232, 249, 30, 236, 173, 30, 144, 42, 189, 128, 195, 94, 176, 149, 78, 196, 48, 115, 67, 107, 134, 94, 126, 195, 161, 66, 242, 169, 144, 221, 119, 157,
191, 202, 240, 141, 108, 61, 124, 209, 48, 27, 97, 83, 135, 5, 54, 204, 228, 10, 222, 1, 52, 52, 87, 166, 177, 126, 64, 87, 20, 111, 207, 67, 48, 28, 1, 21, 119, 153, 86, 133,
146, 148, 161, 164, 52, 227, 12, 98, 198, 89, 48, 149, 143, 13, 147, 51, 93, 154, 175, 76, 6, 77, 202, 106, 230, 179, 189, 17, 143, 108, 123, 114, 188, 1, 114, 173, 158, 91, 157, 52,
53, 144, 214, 207, 162, 145, 198, 7, 159, 34, 90, 129, 134, 64, 254, 250, 186, 85, 84, 249, 62, 240, 210, 36, 70, 92, 160, 96, 162, 102, 245, 142, 208, 57, 4, 116, 12, 76, 224, 210,
188, 178, 129, 169, 13, 119, 52, 254, 14, 112, 151, 247, 118, 217, 177, 155, 208, 78, 15, 18, 28, 47, 150, 141, 194, 155, 134, 31, 173, 216, 21, 173, 75, 129, 124, 35, 114, 152, 55, 67,
221, 85, 38, 110, 203, 130, 227, 159, 255, 70, 137, 201, 233, 2, 79, 86, 42, 193, 108, 177, 134, 240, 15, 93, 146, 235, 167, 61, 207, 124, 4, 62, 236, 123, 208, 54, 41, 248, 52, 118,
78, 187, 111, 165, 141, 171, 28, 58, 144, 239, 193, 169, 14, 182, 90, 105, 142, 233, 7, 195, 116, 175, 178, 218, 46, 173, 64, 168, 52, 62, 19, 24, 148, 20, 161, 96, 74, 64, 16, 197,
211, 241, 9, 108, 185, 144, 182, 171, 114, 24, 246, 128, 111, 197, 199, 137, 247, 62, 163, 132, 204, 241, 4, 215, 249, 129, 72, 27, 173, 244, 215, 221, 15, 46, 244, 49, 244, 78, 148, 156,
189, 129, 84, 4, 173, 154, 205, 73, 188, 214, 91, 80, 60, 102, 220, 137, 61, 170, 182, 181, 189, 230, 167, 106, 148, 157, 112, 183, 27, 202, 243, 100, 186, 120, 153, 54, 24, 173, 40, 33,
23, 235, 147, 93, 29, 69, 128, 72, 130, 222, 108, 183, 85, 162, 197, 88, 201, 113, 146, 184, 150, 110, 30, 105, 84, 127, 46, 165, 28, 40, 49, 210, 226, 243, 60, 152, 185, 8, 140, 37,
188, 203, 248, 24, 154, 137, 110, 156, 11, 76, 114, 30, 175, 92, 92, 186, 212, 78, 214, 199, 153, 211, 118, 169, 254, 219, 230, 172, 58, 38, 96, 206, 93, 62, 97, 77, 136, 14, 61, 203,
213, 15, 140, 10, 55, 18, 78, 164, 147, 35, 34, 73, 52, 126, 146, 111, 43, 102, 40, 16, 62, 137, 51, 166, 131, 254, 154, 202, 9, 248, 19, 65, 237, 107, 48, 206, 186, 37, 158, 82,
67, 180, 203, 64, 54, 63, 243, 112, 157, 153, 179, 58, 204, 16, 31, 83, 172, 33, 125, 219, 168, 83, 225, 67, 7, 198, 219, 193, 158, 203, 208, 120, 161, 22, 96, 201, 148, 62, 242, 167,
204, 7, 112, 174, 110, 226, 200, 61, 52, 92, 235, 12, 134, 66, 160, 203, 210, 59, 101, 88, 26, 110, 173, 207, 250, 184, 166, 134, 49, 9, 84, 190, 34, 98, 158, 242, 45, 199, 135, 216,
156, 86, 1, 50, 26, 61, 187, 153, 187, 232, 186, 16, 158, 204, 41, 140, 65, 250, 112, 33, 5, 132, 107, 104, 203, 120, 62, 114, 176, 141, 255, 157, 130, 95, 134, 235, 177, 51, 102, 96,
42, 202, 1, 239, 176, 140, 19, 89, 215, 197, 216, 73, 199, 80, 103, 125, 198, 81, 218, 42, 38, 164, 114, 11, 54, 147, 49, 211, 165, 219, 46, 52, 215, 142, 248, 150, 12, 138, 100, 119,
147, 161, 64, 200, 30, 193, 178, 249, 4, 166, 11, 171, 54, 16, 87, 91, 150, 20, 172, 65, 29, 85, 29, 253, 197, 250, 62, 75, 236, 130, 167, 172, 70, 42, 222, 217, 54, 217, 211, 189,
232, 12, 179, 179, 146, 212, 109, 212, 248, 158, 64, 44, 176, 143, 227, 143, 15, 56, 141, 109, 139, 15, 143, 133, 161, 173, 112, 3, 202, 191, 159, 39, 216, 219, 85, 115, 112, 77, 233, 159,
99, 224, 177, 255, 169, 247, 243, 104, 208, 148, 0, 247, 48, 242, 253, 42, 152, 48, 195, 2, 29, 176, 3, 31, 7, 188, 160, 124, 119, 77, 147, 74, 215, 226, 59, 154, 49, 174, 172, 38,
220, 33, 165, 207, 230, 81, 22, 61, 77, 79, 42, 186, 17, 39, 82, 242, 206, 234, 90, 152, 164, 32, 178, 63, 161, 235, 230, 90, 189, 130, 110, 194, 18, 64, 104, 9, 163, 111, 126, 254,
137, 126, 164, 201, 139, 209, 85, 136, 191, 202, 160, 178, 15, 30, 87, 254, 80, 109, 118, 121, 166, 9, 9, 179, 243, 13, 228, 10, 55, 126, 36, 139, 188, 126, 51, 100, 29, 40, 141, 68,
51, 122, 29, 42, 62, 177, 1, 132, 221, 169, 141, 213, 51, 240, 23, 103, 200, 65, 59, 217, 232, 62, 150, 77, 80, 200, 218, 125, 118, 75, 214, 46, 225, 179, 204, 23, 169, 116, 54, 116,
132, 17, 83, 170, 144, 119, 252, 93, 19, 177, 235, 177, 246, 142, 213, 0, 144, 20, 120, 134, 166, 5, 226, 197, 234, 10, 69, 234, 49, 185, 244, 69, 118, 92, 238, 58, 157, 107, 253, 217,
235, 5, 119, 77, 25, 75, 172, 228, 167, 227, 151, 249, 56, 47, 52, 135, 14, 113, 177, 245, 17, 216, 174, 248, 174, 56, 101, 42, 74, 26, 187, 168, 193, 176, 228, 63, 233, 237, 3, 166,
97, 251, 120, 2, 37, 131, 106, 122, 200, 36, 16, 110, 203, 149, 174, 138, 141, 123, 247, 217, 180, 43, 108, 91, 0, 222, 96, 178, 147, 209, 75, 124, 215, 205, 219, 9, 151, 90, 102, 2,
230, 85, 255, 54, 38, 255, 71, 112, 117, 148, 24, 165, 133, 172, 117, 73, 221, 147, 215, 169, 81, 168, 36, 58, 159, 219, 4, 254, 14, 160, 138, 203, 46, 145, 43, 188, 62, 20, 44, 59,
212, 53, 164, 127, 74, 124, 49, 235, 243, 207, 25, 74, 141, 216, 166, 222, 77, 30, 206, 129, 125, 192, 188, 144, 192, 46, 190, 181, 167, 146, 44, 255, 134, 144, 89, 8, 141, 252, 233, 139,
53, 51, 193, 61, 245, 39, 194, 177, 188, 220, 36, 102, 172, 131, 226, 52, 230, 139, 95, 46, 17, 123, 245, 200, 61, 252, 190, 224, 178, 225, 165, 79, 148, 157, 66, 243, 41, 227, 198, 75,
141, 5, 195, 15, 105, 185, 19, 117, 16, 185, 174, 99, 8, 70, 214, 108, 176, 188, 30, 136, 61, 155, 162, 29, 186, 50, 227, 180, 152, 97, 125, 43, 106, 113, 65, 191, 17, 9, 119, 216,
244, 172, 36, 228, 164, 40, 231, 68, 143, 235, 200, 27, 189, 204, 84, 229, 29, 108, 108, 22, 235, 91, 20, 197, 145, 77, 250, 180, 147, 134, 120, 158, 226, 251, 164, 231, 6, 14, 117, 143,
98, 3, 96, 86, 141, 39, 119, 152, 147, 109, 252, 41, 8, 55, 63, 168, 179, 64, 30, 97, 52, 86, 171, 63, 52, 14, 41, 3, 49, 186, 16, 223, 163, 132, 157, 231, 72, 227, 14, 103,
192, 70, 98, 230, 179, 39, 158, 41, 53, 179, 171, 121, 22, 75, 199, 11, 157, 233, 180, 44, 184, 125, 32, 95, 254, 41, 85, 215, 146, 115, 226, 2, 4, 179, 253, 206, 146, 167, 243, 2,
171, 34, 62, 247, 205, 46, 196, 231, 253, 23, 96, 235, 30, 225, 179, 46, 82, 95, 174, 54, 170, 90, 242, 223, 212, 38, 96, 118, 85, 107, 228, 206, 254, 181, 188, 157, 12, 58, 92, 187,
22, 103, 168, 202, 2, 174, 208, 255, 146, 79, 58, 104, 72, 4, 130, 128, 194, 250, 151, 27, 150, 199, 8, 142, 116, 251, 74, 77, 125, 172, 102, 105, 208, 106, 64, 71, 143, 200, 173, 184,
228, 102, 254, 229, 150, 64, 109, 24, 40, 224, 92, 181, 178, 229, 76, 73, 136, 207, 249, 10, 157, 77, 120, 33, 192, 23, 232, 108, 5, 241, 97, 10, 55, 178, 20, 167, 190, 138, 52, 31,
236, 222, 199, 242, 20, 245, 38, 22, 156, 164, 38, 252, 109, 255, 141, 217, 113, 160, 45, 144, 23, 61, 79, 34, 162, 27, 190, 86, 20, 67, 29, 254, 241, 250, 48, 72, 147, 143, 244, 255,
127, 65, 218, 131, 3, 229, 226, 191, 204, 110, 193, 146, 137, 140, 61, 234, 249, 177, 86, 2, 236, 209, 245, 219, 22, 12, 236, 78, 141, 9, 139, 255, 148, 174, 126, 31, 199, 156, 214, 90,
254, 200, 84, 121, 46, 69, 192, 137, 42, 204, 168, 144, 141, 227, 141, 105, 200, 144, 126, 241, 8, 229, 219, 80, 128, 5, 132, 59, 52, 236, 2, 57, 42, 250, 157, 84, 48, 106, 167, 104,
146, 252, 23, 129, 40, 176, 145, 28, 186, 114, 162, 180, 180, 25, 51, 24, 118, 76, 87, 172, 20, 44, 61, 249, 156, 239, 61, 215, 150, 44, 156, 44, 188, 128, 158, 93, 182, 149, 93, 193,
11, 91, 85, 30, 175, 84, 98, 241, 176, 127, 165, 197, 140, 242, 102, 159, 201, 211, 235, 191, 112, 28, 86, 242, 98, 58, 49, 99, 133, 33, 55, 188, 200, 12, 205, 5, 52, 22, 36, 154,
133, 126, 39, 95, 5, 83, 139, 127, 10, 124, 13, 35, 107, 136, 33, 145, 162, 169, 184, 161, 52, 217, 53, 68, 251, 101, 5, 207, 155, 17, 243, 116, 64, 179, 232, 81, 38, 77, 180, 58,
142, 229, 189, 58, 148, 126, 127, 11, 184, 57, 73, 153, 151, 94, 206, 31, 22, 144, 244, 238, 173, 157, 221, 120, 171, 20, 62, 194, 154, 51, 198, 228, 204, 87, 36, 166, 112, 241, 203, 76,
114, 92, 148, 55, 182, 124, 182, 213, 253, 22, 80, 111, 14, 109, 236, 241, 250, 177, 182, 141, 13, 49, 83, 170, 113, 70, 156, 253, 15, 218, 150, 231, 179, 69, 55, 49, 55, 96, 219, 191,
164, 151, 133, 39, 177, 254, 43, 144, 75, 141, 43, 71, 6, 150, 116, 52, 144, 91, 52, 81, 204, 213, 179, 152, 173, 6, 196, 200, 175, 2, 111, 124, 42, 158, 83, 247, 177, 140, 78, 61,
136, 207, 241, 7, 146, 103, 120, 28, 179, 64, 196, 61, 18, 173, 82, 107, 125, 161, 56, 211, 143, 136, 124, 13, 142, 248, 134, 247, 56, 138, 33, 108, 188, 217, 5, 189, 14, 223, 130, 251,
41, 164, 58, 208, 112, 43, 34, 2, 149, 116, 131, 65, 27, 123, 56, 246, 225, 218, 26, 7, 183, 161, 133, 228, 92, 44, 248, 193, 17, 223, 243, 146, 207, 107, 177, 211, 149, 227, 127, 228,
145, 196, 80, 2, 182, 224, 253, 165, 116, 30, 224, 113, 160, 52, 211, 177, 166, 167, 58, 65, 172, 132, 128, 127, 233, 200, 82, 100, 53, 114, 236, 204, 104, 223, 181, 228, 180, 238, 137, 12,
193, 138, 97, 250, 70, 246, 225, 104, 157, 11, 192, 35, 21, 176, 10, 31, 42, 194, 173, 117, 3, 104, 172, 111, 135, 244, 20, 185, 53, 132, 204, 29, 160, 15, 137, 141, 153, 65, 12, 49,
116, 115, 86, 158, 12, 33, 119, 245, 244, 172, 33, 212, 147, 72, 147, 31, 191, 252, 245, 27, 149, 168, 29, 156, 1, 98, 105, 118, 165, 109, 28, 241, 208, 101, 217, 194, 151, 196, 65, 133,
193, 210, 228, 156, 54, 1, 102, 208, 65, 62, 23, 81, 167, 4, 118, 195, 147, 86, 128, 41, 14, 35, 66, 183, 133, 64, 48, 123, 49, 84, 207, 102, 48, 3, 63, 18, 49, 244, 39, 134,
131, 132, 131, 225, 6, 248, 19, 65, 217, 123, 101, 217, 170, 37, 247, 43, 74, 200, 203, 12, 6, 85, 180, 34, 231, 141, 160, 16, 205, 95, 26, 84, 132, 66, 5, 172, 133, 14, 157, 94,
113, 198, 214, 194, 130, 169, 201, 6, 171, 34, 114, 253, 204, 71, 198, 191, 232, 7, 114, 239, 59, 254, 243, 52, 113, 108, 235, 127, 252, 102, 146, 207, 208, 69, 97, 121, 78, 106, 229, 212,
152, 227, 193, 251, 49, 29, 2, 137, 44, 102, 129, 225, 15, 206, 176, 205, 214, 64, 22, 103, 61, 34, 161, 155, 189, 173, 169, 74, 190, 238, 37, 150, 42, 203, 50, 69, 117, 155, 55, 44,
211, 47, 33, 72, 146, 150, 187, 157, 140, 95, 230, 235, 239, 47, 81, 88, 31, 207, 109, 181, 128, 219, 115, 99, 160, 225, 167, 21, 142, 123, 102, 125, 230, 64, 235, 18, 10, 160, 97, 81,
54, 147, 35, 187, 142, 173, 46, 8, 206, 142, 196, 129, 74, 138, 123, 49, 175, 198, 7, 226, 7, 193, 150, 245, 115, 166, 79, 146, 23, 16, 29, 27, 146, 52, 167, 123, 59, 77, 95, 249,
192, 230, 4, 114, 180, 172, 150, 179, 105, 79, 234, 227, 13, 187, 227, 168, 232, 19, 145, 142, 181, 214, 17, 140, 154, 144, 64, 20, 176, 204, 192, 218, 15, 56, 142, 53, 244, 13, 221, 134,
138, 129, 35, 7, 202, 191, 243, 66, 241, 218, 125, 82, 28, 58, 214, 205, 66, 239, 172, 179, 146, 246, 133, 113, 138, 171, 81, 175, 77, 242, 253, 119, 152, 48, 195, 3, 21, 172, 83, 122,
40, 209, 170, 22, 35, 114, 144, 97, 188, 223, 3, 154, 21, 128, 193, 61, 236, 51, 230, 167, 244, 112, 48, 105, 109, 79, 106, 186, 51, 7, 92, 221, 231, 211, 90, 212, 144, 61, 152, 46,
163, 128, 129, 73, 157, 207, 84, 153, 32, 6, 87, 10, 177, 75, 105, 199, 157, 109, 247, 136, 151, 199, 65, 171, 193, 249, 164, 136, 112, 27, 112, 208, 98, 3, 118, 39, 151, 8, 52, 202,
147, 10, 220, 41, 8, 4, 120, 165, 190, 81, 48, 72, 56, 40, 203, 73, 118, 44, 51, 75, 47, 149, 18, 168, 209, 181, 224, 198, 10, 174, 60, 86, 201, 101, 23, 141, 157, 1, 243, 127,
80, 163, 161, 95, 30, 74, 214, 104, 149, 181, 176, 2, 204, 74, 12, 121, 147, 66, 100, 197, 140, 125, 227, 46, 45, 152, 247, 206, 146, 176, 198, 40, 141, 22, 91, 219, 150, 7, 209, 232,
216, 90, 37, 174, 46, 202, 206, 18, 114, 86, 151, 63, 167, 100, 178, 140, 138, 11, 2, 50, 60, 85, 243, 201, 143, 146, 178, 137, 49, 1, 51, 166, 113, 76, 169, 225, 2, 253, 213, 146,
214, 78, 56, 42, 61, 60, 157, 182, 221, 181, 151, 31, 137, 196, 50, 174, 93, 248, 91, 5, 111, 162, 47, 42, 253, 86, 32, 71, 139, 142, 178, 139, 141, 123, 231, 198, 167, 23, 102, 74,
113, 222, 13, 171, 246, 214, 124, 83, 180, 235, 225, 60, 186, 90, 83, 43, 179, 80, 212, 40, 16, 164, 72, 127, 55, 147, 29, 223, 139, 192, 28, 60, 144, 238, 239, 133, 29, 168, 35, 119,
156, 235, 51, 188, 40, 168, 210, 212, 116, 252, 45, 149, 2, 44, 2, 5, 147, 53, 254, 35, 61, 112, 16, 239, 197, 241, 1, 71, 238, 129, 145, 207, 52, 27, 248, 128, 52, 192, 214, 176,
226, 17, 153, 142, 181, 232, 29, 243, 184, 160, 1, 12, 157, 252, 139, 129, 43, 51, 209, 93, 182, 57, 231, 168, 140, 158, 62, 122, 175, 194, 196, 63, 241, 166, 66, 105, 46, 61, 203, 175,
52, 234, 154, 135, 135, 231, 165, 66, 213, 196, 79, 171, 40, 226, 224, 75, 177, 48, 199, 52, 51, 146, 7, 54, 46, 230, 131, 104, 40, 72, 169, 101, 146, 254, 20, 255, 36, 150, 178, 29,
233, 50, 168, 182, 173, 3, 118, 16, 108, 67, 43, 157, 60, 9, 119, 176, 244, 172, 58, 228, 142, 63, 167, 13, 242, 202, 194, 64, 156, 171, 86, 233, 48, 111, 12, 51, 175, 72, 28, 204,
157, 109, 166, 167, 168, 142, 117, 191, 189, 251, 212, 239, 112, 36, 102, 235, 98, 3, 54, 81, 151, 23, 45, 205, 204, 79, 252, 22, 52, 46, 83, 171, 186, 65, 72, 127, 24, 112, 139, 124,
22, 113, 61, 9, 107, 232, 51, 153, 175, 148, 237, 246, 81, 198, 21, 109, 186, 119, 59, 145, 169, 45, 189, 100, 48, 214, 214, 71, 18, 123, 192, 26, 239, 141, 141, 87, 141, 64, 55, 106,
172, 33, 30, 139, 181, 66, 149, 15, 34, 153, 142, 212, 178, 205, 208, 127, 189, 22, 108, 221, 175, 60, 221, 217, 237, 50, 116, 173, 21, 210, 233, 46, 125, 86, 172, 45, 151, 29, 156, 238,
138, 63, 100, 118, 14, 66, 193, 209, 250, 177, 192, 250, 107, 21, 83, 227, 124, 96, 204, 192, 51, 237, 143, 159, 188, 56, 55, 30, 72, 20, 198, 150, 196, 232, 132, 75, 233, 158, 115, 235,
125, 215, 120, 54, 37, 247, 116, 114, 214, 111, 56, 110, 167, 209, 255, 154, 152, 74, 131, 228, 238, 76, 102, 21, 39, 207, 74, 163, 177, 144, 19, 64, 189, 225, 224, 58, 181, 103, 122, 43,
236, 76, 251, 109, 6, 158, 94, 122, 97, 183, 96, 243, 141, 131, 18, 79, 200, 217, 241, 133, 44, 177, 69, 56, 128, 219, 65, 221, 53, 212, 213, 226, 4, 166, 56, 139, 14, 56, 20, 0,
143, 20, 145, 36, 70, 111, 50, 226, 225, 231, 41, 114, 137, 217, 188, 221, 52, 27, 218, 247, 22, 202, 179, 153, 145, 19, 172, 170, 166, 201, 48, 217, 157, 165, 89, 2, 233, 222, 192, 182,
51, 26, 203, 106, 151, 58, 212, 242, 189, 173, 93, 86, 164, 152, 155, 73, 255, 218, 71, 80, 37, 97, 233, 176, 52, 224, 156, 147, 142, 159, 136, 76, 145, 203, 119, 175, 59, 238, 166, 111,
131, 30, 191, 1, 102, 154, 92, 124, 36, 204, 156, 80, 46, 87, 212, 113, 170, 225, 6, 152, 85, 239, 132, 35, 224, 117, 132, 183, 179, 123, 60, 43, 92, 109, 108, 198, 46, 12, 66, 234,
226, 240, 77, 250, 209, 40, 163, 6, 189, 252, 130, 76, 188, 149, 77, 217, 32, 89, 84, 22, 168, 89, 105, 193, 157, 26, 221, 154, 185, 221, 89, 180, 249, 146, 247, 187, 109, 16, 79, 203,
54, 58, 23, 70, 165, 23, 118, 195, 204, 78, 217, 113, 51, 1, 70, 182, 177, 126, 64, 58, 29, 107, 151, 107, 45, 122, 45, 9, 45, 136, 33, 147, 148, 148, 184, 241, 45, 251, 23, 99,
251, 96, 18, 253, 236, 12, 243, 78, 111, 152, 182, 70, 55, 108, 214, 25, 145, 234, 161, 16, 205, 75, 34, 75, 154, 57, 73, 197, 133, 12, 215, 59, 118, 156, 203, 205, 147, 182, 241, 60,
138, 24, 77, 242, 175, 32, 221, 255, 251, 36, 68, 249, 54, 199, 253, 76, 109, 42, 150, 55, 189, 117, 239, 209, 138, 11, 70, 82, 24, 76, 198, 210, 143, 128, 188, 150, 51, 119, 83, 161,
115, 76, 204, 226, 118, 206, 221, 228, 163, 78, 15, 0, 17, 35, 144, 218, 202, 178, 133, 16, 178, 254, 38, 171, 54, 240, 94, 68, 21, 137, 82, 65, 214, 108, 38, 85, 151, 208, 132, 134,
186, 0, 215, 200, 137, 0, 71, 70, 12, 236, 126, 246, 180, 234, 82, 93, 143, 207, 223, 6, 146, 83, 120, 28, 160, 114, 233, 46, 43, 174, 71, 93, 114, 169, 48, 197, 146, 184, 33, 18,
148, 141, 194, 138, 21, 173, 99, 23, 184, 230, 67, 214, 15, 211, 221, 254, 124, 186, 63, 147, 44, 60, 44, 47, 210, 38, 189, 99, 6, 70, 57, 237, 230, 178, 53, 81, 147, 184, 158, 239,
77, 56, 193, 218, 3, 197, 199, 137, 215, 46, 145, 181, 167, 241, 44, 215, 156, 169, 96, 34, 187, 211, 213, 128, 116, 80, 255, 97, 141, 16, 232, 153, 148, 174, 70, 9, 199, 148, 214, 126,
254, 149, 36, 121, 46, 39, 253, 184, 42, 204, 150, 159, 141, 151, 141, 15, 200, 181, 109, 196, 14, 196, 163, 119, 184, 124, 153, 43, 19, 143, 92, 33, 63, 251, 188, 11, 118, 124, 214, 123,
163, 225, 108, 231, 45, 142, 177, 58, 201, 5, 157, 174, 173, 110, 55, 36, 99, 81, 109, 205, 46, 6, 66, 255, 206, 202, 62, 242, 140, 94, 231, 23, 159, 203, 248, 24, 154, 137, 21, 227,
28, 67, 96, 61, 182, 92, 115, 219, 157, 71, 243, 167, 185, 210, 120, 142, 192, 230, 197, 186, 15, 18, 65, 215, 42, 62, 23, 122, 141, 45, 53, 195, 239, 109, 199, 121, 79, 2, 123, 191,
143, 43, 56, 121, 52, 74, 207, 102, 14, 98, 29, 12, 51, 137, 42, 177, 131, 191, 191, 231, 45, 246, 21, 27, 226, 119, 37, 249, 236, 37, 178, 88, 67, 210, 237, 64, 125, 110, 252, 45,
214, 168, 198, 39, 178, 95, 6, 120, 154, 66, 80, 184, 181, 123, 192, 29, 113, 139, 146, 194, 129, 169, 148, 19, 144, 0, 97, 232, 175, 79, 130, 251, 232, 86, 101, 198, 37, 195, 204, 55,
70, 93, 131, 34, 146, 110, 142, 214, 225, 42, 88, 113, 40, 63, 191, 197, 154, 146, 178, 255, 58, 13, 51, 250, 55, 38, 146, 241, 51, 217, 158, 196, 171, 69, 25, 32, 55, 45, 172, 220,
230, 179, 133, 26, 238, 205, 7, 229, 109, 223, 79, 6, 5, 186, 102, 115, 151, 83, 59, 103, 209, 176, 145, 134, 243, 86, 214, 231, 168, 14, 19, 65, 48, 192, 105, 183, 241, 250, 73, 99,
159, 131, 218, 2, 140, 123, 122, 14, 207, 76, 242, 41, 108, 191, 73, 107, 124, 239, 27, 211, 165, 172, 117, 44, 145, 142, 248, 170, 56, 169, 63, 27, 133, 221, 1, 196, 109, 214, 178, 200,
47, 166, 79, 171, 7, 16, 60, 51, 170, 8, 159, 86, 75, 47, 57, 231, 224, 239, 98, 92, 167, 218, 133, 254, 86, 35, 211, 236, 2, 205, 197, 173, 220, 41, 159, 165, 205, 149, 101, 140,
186, 160, 124, 28, 157, 239, 150, 169, 106, 48, 245, 85, 188, 71, 203, 135, 128, 220, 83, 67, 207, 192, 243, 35, 241, 147, 88, 68, 50, 61, 202, 202, 110, 171, 177, 134, 245, 235, 240, 65,
199, 139, 80, 199, 11, 254, 251, 41, 154, 30, 147, 2, 25, 162, 51, 125, 16, 253, 186, 99, 8, 125, 212, 72, 129, 254, 99, 190, 72, 175, 144, 61, 230, 44, 165, 175, 137, 66, 0, 29,
113, 109, 96, 204, 32, 58, 102, 250, 232, 196, 63, 200, 184, 86, 178, 76, 132, 235, 255, 105, 235, 207, 124, 248, 106, 106, 74, 28, 247, 71, 126, 228, 146, 127, 190, 155, 151, 134, 119, 171,
216, 238, 212, 232, 15, 56, 111, 247, 78, 16, 32, 121, 167, 12, 55, 144, 196, 102, 224, 5, 52, 113, 36, 170, 133, 126, 69, 95, 18, 127, 169, 102, 51, 44, 72, 17, 44, 156, 79, 216,
175, 169, 147, 210, 19, 222, 53, 110, 164, 100, 23, 241, 155, 6, 179, 125, 104, 154, 245, 78, 40, 90, 214, 12, 203, 174, 156, 47, 169, 116, 59, 88, 249, 3, 67, 158, 168, 115, 225, 5,
7, 144, 245, 193, 158, 183, 213, 47, 161, 22, 66, 212, 148, 36, 197, 233, 201, 1, 69, 234, 47, 185, 171, 69, 50, 92, 225, 96, 151, 97, 173, 148, 223, 73, 94, 77, 25, 96, 172, 247,
177, 129, 176, 225, 42, 47, 5, 135, 14, 113, 177, 238, 28, 197, 128, 226, 161, 95, 101, 22, 28, 60, 141, 168, 187, 140, 250, 63, 182, 237, 43, 176, 82, 235, 122, 91, 5, 157, 116, 34,
211, 110, 51, 81, 176, 149, 163, 145, 187, 69, 131, 158, 178, 58, 112, 98, 106, 222, 96, 179, 138, 214, 93, 122, 189, 131, 225, 9, 213, 123, 119, 15, 217, 87, 214, 51, 19, 250, 111, 90,
98, 242, 10, 220, 135, 132, 1, 20, 236, 222, 218, 153, 71, 165, 35, 59, 249, 219, 58, 248, 14, 251, 141, 255, 15, 172, 3, 212, 47, 26, 40, 2, 146, 9, 250, 87, 74, 122, 29, 235,
252, 213, 16, 100, 141, 142, 137, 214, 125, 26, 218, 254, 37, 188, 199, 239, 195, 17, 153, 165, 204, 232, 21, 147, 130, 169, 120, 34, 187, 210, 235, 153, 117, 66, 210, 106, 133, 27, 201, 161,
159, 129, 36, 90, 188, 191, 243, 84, 217, 182, 89, 121, 42, 121, 220, 157, 99, 172, 172, 225, 235, 248, 134, 75, 233, 196, 101, 243, 11, 178, 218, 83, 158, 20, 128, 15, 56, 224, 39, 39,
115, 195, 205, 99, 119, 107, 157, 101, 148, 227, 29, 255, 60, 150, 172, 92, 190, 23, 128, 199, 179, 70, 118, 37, 92, 109, 65, 177, 21, 11, 106, 234, 194, 202, 67, 152, 140, 41, 231, 51,
142, 252, 233, 92, 188, 204, 97, 230, 14, 77, 118, 107, 146, 104, 96, 252, 150, 101, 186, 195, 140, 142, 88, 143, 186, 236, 212, 156, 20, 57, 110, 147, 54, 16, 54, 92, 173, 7, 46, 179,
148, 9, 222, 113, 14, 46, 123, 165, 170, 64, 31, 123, 49, 92, 207, 127, 17, 3, 45, 43, 62, 186, 51, 128, 131, 249, 160, 246, 46, 207, 67, 102, 254, 70, 98, 140, 175, 2, 158, 76,
93, 163, 195, 120, 34, 56, 215, 17, 230, 132, 187, 17, 146, 76, 60, 101, 188, 1, 7, 218, 235, 108, 238, 56, 7, 191, 222, 194, 246, 205, 208, 27, 213, 91, 58, 221, 176, 38, 218, 185,
236, 7, 116, 208, 45, 197, 236, 19, 67, 42, 238, 103, 188, 24, 145, 208, 253, 77, 0, 77, 78, 114, 217, 209, 179, 146, 169, 160, 107, 21, 3, 131, 31, 91, 179, 192, 29, 240, 135, 192,
178, 86, 4, 28, 26, 102, 165, 164, 198, 142, 187, 31, 175, 153, 35, 172, 50, 215, 91, 54, 9, 142, 65, 93, 220, 73, 51, 71, 139, 137, 182, 154, 255, 0, 222, 236, 178, 27, 103, 79,
113, 194, 80, 147, 162, 205, 96, 61, 132, 235, 224, 70, 144, 79, 4, 27, 229, 76, 248, 102, 116, 129, 47, 9, 64, 183, 48, 217, 242, 151, 46, 78, 206, 205, 251, 137, 40, 177, 118, 56,
178, 164, 70, 226, 108, 232, 129, 217, 46, 159, 45, 137, 37, 52, 50, 94, 166, 52, 129, 38, 59, 64, 29, 232, 192, 198, 43, 77, 147, 164, 169, 207, 116, 42, 218, 217, 39, 202, 204, 181,
247, 37, 166, 177, 137, 202, 30, 208, 141, 177, 9, 2, 233, 222, 150, 132, 8, 38, 255, 101, 180, 58, 203, 242, 210, 182, 93, 67, 180, 135, 243, 69, 190, 169, 68, 121, 42, 106, 179, 133,
79, 172, 147, 179, 142, 206, 190, 99, 202, 136, 79, 178, 27, 191, 226, 107, 132, 98, 193, 38, 110, 181, 54, 30, 40, 253, 190, 73, 8, 45, 143, 77, 130, 167, 6, 152, 61, 188, 177, 3,
194, 44, 139, 159, 173, 126, 40, 51, 108, 83, 116, 179, 20, 40, 50, 172, 231, 249, 15, 194, 140, 16, 150, 22, 185, 252, 200, 30, 188, 170, 84, 239, 9, 101, 65, 118, 130, 101, 18, 195,
169, 66, 221, 184, 184, 195, 124, 250, 197, 196, 165, 155, 106, 57, 101, 211, 74, 16, 63, 76, 133, 22, 125, 163, 253, 106, 225, 10, 61, 35, 36, 141, 162, 97, 90, 68, 14, 45, 148, 59,
118, 44, 24, 43, 10, 174, 62, 223, 159, 160, 134, 226, 79, 255, 64, 68, 226, 51, 26, 216, 167, 12, 243, 126, 64, 186, 211, 80, 55, 55, 188, 14, 157, 134, 143, 36, 146, 75, 14, 81,
242, 30, 68, 214, 180, 123, 145, 26, 34, 218, 202, 221, 239, 212, 213, 121, 141, 42, 123, 220, 209, 63, 221, 255, 160, 85, 117, 208, 105, 208, 220, 27, 125, 86, 129, 98, 173, 117, 156, 243,
138, 11, 67, 88, 77, 76, 164, 254, 188, 128, 182, 246, 54, 40, 9, 186, 43, 59, 175, 247, 8, 217, 213, 155, 180, 95, 18, 59, 60, 63, 187, 167, 193, 176, 136, 63, 233, 193, 3, 171,
115, 235, 32, 5, 3, 184, 114, 84, 211, 108, 38, 85, 139, 145, 188, 157, 172, 69, 230, 223, 238, 47, 119, 120, 106, 226, 124, 180, 147, 240, 124, 113, 208, 246, 247, 60, 151, 115, 12, 9,
179, 118, 235, 57, 53, 154, 60, 126, 55, 242, 108, 247, 175, 131, 111, 58, 151, 239, 205, 249, 18, 147, 96, 5, 142, 199, 1, 212, 39, 207, 210, 230, 38, 145, 60, 203, 42, 112, 42, 3,
170, 9, 161, 102, 45, 99, 34, 245, 243, 243, 23, 73, 240, 128, 166, 250, 127, 18, 251, 129, 54, 197, 226, 188, 195, 17, 144, 176, 204, 234, 0, 208, 249, 195, 64, 32, 190, 211, 203, 135,
19, 93, 219, 85, 188, 51, 230, 166, 134, 220, 116, 89, 149, 180, 199, 74, 190, 150, 117, 124, 8, 66, 220, 171, 61, 200, 143, 150, 239, 230, 190, 87, 204, 204, 96, 210, 27, 209, 249, 87,
142, 106, 134, 36, 8, 141, 7, 36, 54, 185, 161, 105, 1, 120, 139, 81, 180, 254, 59, 161, 21, 147, 177, 88, 224, 58, 157, 159, 135, 110, 28, 63, 81, 110, 99, 142, 5, 33, 116, 245,
244, 172, 33, 144, 147, 23, 187, 72, 156, 252, 230, 123, 189, 130, 86, 220, 48, 90, 120, 107, 165, 124, 28, 186, 157, 79, 242, 189, 180, 193, 82, 152, 254, 219, 230, 136, 54, 1, 102, 208,
96, 62, 105, 37, 166, 4, 53, 184, 236, 100, 240, 10, 19, 1, 100, 166, 175, 65, 56, 102, 30, 89, 146, 102, 119, 14, 72, 83, 49, 244, 2, 219, 130, 181, 166, 199, 81, 196, 64, 68,
232, 118, 41, 145, 186, 62, 189, 46, 127, 154, 242, 67, 40, 54, 231, 44, 214, 184, 135, 25, 167, 114, 26, 120, 252, 57, 122, 215, 137, 91, 245, 26, 106, 164, 201, 209, 146, 201, 156, 38,
173, 0, 34, 199, 175, 17, 133, 192, 191, 44, 125, 169, 55, 195, 204, 55, 70, 97, 140, 127, 135, 78, 245, 236, 206, 42, 89, 76, 25, 68, 246, 215, 179, 181, 178, 133, 110, 33, 32, 173,
44, 67, 184, 192, 51, 238, 183, 210, 215, 103, 101, 10, 31, 31, 198, 168, 252, 247, 165, 47, 167, 236, 6, 157, 92, 248, 115, 14, 39, 184, 65, 40, 146, 121, 55, 85, 139, 158, 231, 189,
136, 118, 134, 155, 149, 54, 102, 28, 44, 228, 88, 243, 148, 218, 80, 68, 212, 230, 166, 58, 207, 86, 95, 29, 248, 19, 198, 25, 19, 185, 94, 74, 85, 239, 9, 191, 162, 157, 117, 8,
198, 217, 198, 170, 36, 165, 39, 41, 133, 195, 64, 244, 30, 222, 148, 167, 20, 185, 44, 145, 44, 39, 34, 30, 166, 127, 154, 121, 61, 35, 95, 228, 164, 244, 39, 102, 236, 163, 244, 254,
114, 42, 222, 140, 45, 182, 211, 168, 145, 25, 192, 179, 201, 207, 17, 240, 248, 199, 83, 58, 157, 212, 213, 141, 124, 90, 245, 124, 179, 71, 205, 166, 202, 158, 123, 95, 179, 160, 135, 125,
227, 169, 69, 81, 37, 109, 211, 151, 99, 172, 172, 178, 143, 246, 151, 114, 138, 132, 0, 239, 10, 244, 167, 74, 249, 25, 195, 22, 107, 175, 54, 32, 6, 237, 173, 76, 118, 94, 168, 114,
137, 254, 100, 162, 36, 153, 178, 93, 194, 117, 157, 155, 177, 110, 34, 15, 81, 105, 44, 131, 5, 122, 116, 173, 244, 196, 17, 239, 185, 42, 163, 8, 132, 202, 214, 89, 235, 172, 110, 250,
118, 16, 72, 119, 136, 83, 11, 252, 163, 127, 207, 138, 188, 152, 122, 227, 232, 202, 199, 231, 6, 30, 111, 136, 116, 58, 32, 99, 240, 44, 118, 174, 148, 76, 228, 11, 81, 104, 114, 180,
142, 65, 56, 95, 24, 126, 190, 93, 11, 33, 35, 9, 107, 184, 33, 156, 162, 169, 254, 161, 52, 197, 53, 84, 209, 64, 53, 216, 134, 81, 176, 112, 83, 200, 255, 5, 18, 71, 200, 54,
246, 174, 176, 8, 204, 30, 54, 13, 141, 1, 7, 160, 180, 84, 149, 41, 9, 156, 206, 225, 146, 154, 139, 24, 137, 20, 120, 194, 184, 59, 218, 198, 224, 47, 105, 249, 28, 197, 253, 14,
115, 42, 155, 46, 173, 118, 174, 202, 146, 22, 108, 117, 50, 97, 163, 201, 131, 128, 201, 185, 29, 60, 55, 160, 48, 113, 159, 242, 45, 214, 134, 199, 208, 78, 50, 101, 61, 111, 187, 149,
221, 244, 231, 16, 140, 196, 111, 174, 125, 235, 122, 91, 5, 168, 125, 126, 192, 110, 67, 110, 203, 222, 156, 177, 251, 86, 228, 195, 239, 25, 72, 107, 11, 193, 85, 162, 172, 207, 22, 92,
180, 142, 185, 122, 222, 23, 20, 108, 208, 16, 204, 126, 98, 232, 38, 82, 112, 242, 114, 254, 162, 139, 45, 46, 238, 250, 205, 162, 72, 143, 38, 30, 251, 195, 50, 182, 18, 202, 178, 248,
55, 144, 22, 171, 52, 37, 33, 57, 172, 59, 159, 89, 77, 94, 13, 131, 196, 196, 36, 80, 168, 133, 169, 234, 93, 73, 168, 128, 5, 231, 171, 174, 223, 44, 165, 214, 143, 209, 12, 251,
133, 193, 0, 41, 139, 193, 200, 189, 16, 25, 138, 80, 243, 23, 245, 129, 177, 130, 79, 113, 141, 185, 135, 106, 164, 134, 67, 68, 27, 63, 212, 203, 99, 195, 161, 142, 178, 200, 177, 106,
201, 139, 127, 207, 70, 230, 240, 46, 169, 11, 147, 47, 47, 191, 22, 5, 7, 209, 181, 102, 11, 103, 175, 76, 161, 199, 52, 165, 46, 226, 157, 33, 210, 6, 154, 143, 140, 100, 118, 15,
53, 119, 91, 131, 118, 12, 69, 173, 206, 221, 63, 211, 189, 29, 230, 61, 158, 234, 218, 93, 146, 160, 76, 201, 38, 126, 76, 61, 247, 126, 105, 211, 145, 24, 244, 132, 134, 198, 82, 167,
202, 144, 249, 237, 8, 32, 54, 251, 97, 58, 27, 88, 163, 46, 6, 173, 245, 100, 134, 52, 7, 9, 98, 179, 131, 106, 64, 101, 25, 40, 173, 67, 119, 26, 23, 20, 17, 169, 42, 135,
150, 253, 132, 167, 79, 228, 53, 26, 239, 100, 27, 241, 135, 58, 176, 89, 72, 177, 219, 83, 18, 57, 211, 3, 207, 180, 147, 43, 172, 23, 35, 10, 248, 48, 7, 184, 170, 106, 247, 35,
112, 189, 224, 247, 137, 173, 221, 2, 138, 53, 84, 202, 141, 78, 130, 187, 194, 38, 99, 236, 44, 203, 240, 46, 108, 33, 152, 33, 247, 77, 190, 203, 145, 56, 6, 70, 9, 65, 249, 239,
166, 157, 192, 182, 37, 1, 54, 180, 19, 110, 202, 245, 118, 244, 158, 132, 150, 97, 51, 30, 24, 31, 179, 189, 241, 128, 226, 19, 239, 226, 17, 178, 106, 208, 45, 3, 17, 183, 70, 65,
225, 85, 35, 111, 150, 130, 163, 206, 165, 68, 224, 249, 238, 45, 101, 125, 32, 206, 115, 235, 147, 237, 107, 68, 161, 223, 224, 36, 207, 114, 122, 26, 221, 65, 240, 11, 61, 167, 80, 93,
46, 184, 43, 187, 157, 215, 43, 11, 204, 237, 192, 176, 31, 181, 95, 63, 178, 228, 48, 239, 108, 201, 147, 227, 32, 131, 72, 221, 7, 55, 17, 57, 209, 29, 148, 119, 85, 66, 5, 249,
218, 244, 36, 104, 169, 195, 131, 229, 116, 79, 168, 140, 112, 247, 230, 154, 224, 43, 128, 207, 201, 204, 37, 132, 243, 159, 123, 32, 183, 246, 241, 218, 3, 31, 138, 87, 235, 19, 150, 185,
211, 195, 126, 72, 184, 166, 253, 125, 197, 134, 71, 44, 109, 65, 193, 180, 70, 168, 137, 185, 142, 197, 131, 10, 221, 155, 116, 205, 7, 190, 163, 89, 243, 103, 162, 0, 9, 243, 33, 38,
41, 249, 139, 73, 8, 93, 169, 98, 130, 200, 60, 186, 24, 158, 157, 35, 219, 6, 154, 156, 233, 106, 118, 15, 61, 85, 91, 146, 61, 2, 69, 202, 147, 197, 38, 245, 179, 83, 161, 48,
137, 225, 210, 67, 244, 185, 85, 222, 55, 123, 92, 38, 150, 109, 15, 253, 189, 93, 164, 178, 191, 152, 115, 130, 219, 140, 212, 183, 7, 46, 108, 151, 53, 21, 31, 121, 150, 33, 6, 206,
224, 74, 229, 44, 24, 16, 95, 229, 170, 119, 71, 33, 49, 110, 173, 86, 60, 44, 47, 62, 0, 239, 42, 135, 210, 139, 132, 247, 79, 216, 53, 125, 231, 81, 33, 200, 168, 46, 253, 101,
115, 210, 218, 125, 54, 118, 241, 53, 245, 171, 158, 50, 209, 95, 39, 117, 153, 70, 120, 161, 232, 109, 202, 85, 28, 172, 192, 245, 133, 179, 239, 32, 130, 94, 87, 202, 164, 52, 231, 186,
234, 33, 39, 202, 111, 209, 220, 68, 111, 125, 152, 13, 178, 96, 246, 200, 228, 11, 125, 50, 20, 86, 249, 234, 190, 128, 192, 134, 30, 47, 75, 170, 13, 38, 189, 206, 49, 168, 162, 132,
148, 77, 3, 2, 41, 21, 194, 143, 232, 178, 187, 39, 133, 221, 61, 174, 68, 200, 114, 39, 2, 157, 101, 106, 151, 127, 35, 109, 164, 163, 145, 203, 169, 10, 229, 153, 238, 59, 101, 102,
33, 223, 22, 139, 156, 140, 107, 78, 170, 152, 165, 68, 179, 1, 64, 53, 239, 113, 246, 41, 103, 143, 124, 95, 106, 148, 104, 162, 135, 155, 49, 52, 224, 249, 254, 242, 72, 161, 38, 15,
134, 255, 51, 251, 109, 249, 213, 212, 14, 131, 72, 174, 111, 38, 1, 91, 180, 127, 135, 34, 57, 77, 65, 250, 243, 244, 32, 120, 232, 161, 166, 249, 99, 58, 202, 131, 6, 201, 225, 163,
243, 59, 194, 166, 144, 254, 0, 230, 164, 148, 115, 10, 183, 249, 156, 189, 63, 31, 138, 77, 136, 38, 150, 185, 175, 213, 126, 123, 184, 177, 253, 86, 207, 214, 97, 43, 111, 57, 243, 132,
60, 161, 159, 160, 170, 193, 167, 95, 147, 155, 1, 175, 48, 183, 219, 73, 243, 32, 178, 121, 110, 136, 1, 62, 112, 186, 181, 116, 11, 119, 145, 73, 214, 199, 60, 185, 24, 176, 157, 33,
190, 6, 154, 164, 140, 75, 118, 15, 66, 1, 32, 197, 54, 26, 53, 244, 192, 214, 68, 153, 189, 15, 161, 46, 137, 246, 128, 109, 236, 157, 119, 249, 20, 94, 76, 18, 183, 15, 73, 253,
214, 127, 164, 177, 191, 205, 27, 139, 226, 204, 201, 231, 43, 25, 85, 230, 102, 18, 21, 97, 169, 9, 30, 173, 144, 110, 241, 39, 38, 2, 91, 234, 242, 100, 56, 106, 54, 78, 166, 62,
45, 8, 51, 43, 61, 151, 60, 217, 166, 253, 132, 253, 79, 253, 53, 26, 192, 100, 27, 243, 135, 92, 139, 83, 112, 131, 173, 100, 125, 32, 254, 34, 194, 169, 185, 35, 198, 93, 44, 117,
172, 55, 88, 132, 184, 89, 195, 95, 48, 171, 150, 230, 242, 189, 150, 24, 221, 0, 87, 214, 204, 79, 249, 250, 218, 86, 39, 251, 41, 192, 177, 38, 50, 78, 190, 51, 180, 93, 183, 241,
207, 27, 64, 52, 74, 101, 160, 196, 184, 166, 199, 156, 37, 62, 80, 180, 113, 94, 159, 146, 119, 242, 149, 128, 178, 86, 126, 19, 44, 101, 166, 128, 221, 140, 159, 43, 141, 229, 2, 179,
110, 208, 90, 53, 32, 187, 52, 116, 212, 93, 68, 20, 176, 212, 145, 136, 137, 105, 213, 154, 175, 64, 101, 125, 41, 206, 115, 189, 147, 246, 107, 68, 215, 155, 215, 29, 207, 71, 78, 37,
241, 75, 253, 63, 61, 145, 85, 125, 49, 183, 54, 192, 147, 164, 54, 20, 228, 249, 243, 177, 21, 168, 103, 63, 188, 203, 56, 197, 47, 254, 146, 223, 6, 170, 14, 128, 7, 39, 17, 57,
140, 9, 146, 100, 85, 77, 39, 249, 223, 244, 36, 11, 181, 185, 169, 234, 112, 42, 168, 129, 20, 251, 227, 227, 238, 58, 128, 213, 191, 235, 60, 251, 184, 144, 115, 8, 147, 141, 231, 158,
38, 91, 253, 84, 246, 8, 242, 253, 134, 154, 84, 121, 207, 132, 131, 84, 248, 179, 75, 40, 46, 113, 224, 171, 46, 202, 174, 184, 130, 227, 175, 73, 203, 204, 84, 197, 57, 241, 219, 90,
186, 57, 151, 41, 53, 180, 81, 40, 47, 219, 201, 116, 22, 125, 149, 73, 214, 187, 50, 233, 60, 229, 129, 95, 249, 18, 227, 143, 154, 16, 19, 59, 55, 15, 91, 135, 9, 28, 87, 234,
237, 253, 63, 210, 203, 53, 177, 17, 185, 128, 128, 96, 176, 180, 17, 250, 17, 93, 67, 32, 144, 117, 67, 185, 146, 107, 254, 184, 188, 245, 7, 180, 229, 251, 201, 164, 116, 50, 124, 211,
74, 110, 16, 112, 172, 46, 124, 170, 223, 77, 226, 45, 10, 35, 76, 247, 129, 122, 50, 102, 53, 77, 212, 86, 48, 3, 47, 29, 10, 134, 51, 131, 214, 174, 231, 252, 8, 223, 26, 73,
225, 97, 96, 243, 231, 5, 178, 46, 102, 193, 250, 88, 18, 57, 241, 43, 227, 159, 185, 24, 143, 72, 56, 117, 164, 70, 115, 223, 239, 87, 205, 3, 0, 208, 224, 210, 144, 189, 245, 127,
149, 91, 70, 215, 209, 19, 133, 214, 222, 51, 127, 210, 40, 224, 241, 46, 49, 72, 175, 51, 239, 122, 181, 238, 240, 76, 108, 86, 8, 95, 222, 229, 248, 146, 190, 250, 29, 17, 11, 161,
116, 102, 131, 232, 115, 166, 142, 128, 161, 96, 108, 42, 54, 49, 166, 142, 206, 161, 132, 45, 189, 153, 21, 174, 79, 206, 50, 45, 2, 137, 83, 41, 205, 45, 76, 111, 156, 140, 156, 138,
156, 95, 228, 226, 137, 65, 79, 7, 23, 145, 99, 180, 180, 212, 78, 83, 144, 248, 246, 32, 151, 70, 122, 53, 191, 12, 250, 18, 56, 131, 93, 87, 112, 148, 48, 240, 169, 169, 18, 3,
231, 249, 254, 162, 72, 133, 93, 15, 243, 255, 51, 232, 38, 236, 207, 212, 119, 136, 51, 215, 43, 51, 30, 91, 182, 59, 128, 89, 77, 115, 71, 220, 218, 212, 100, 104, 136, 165, 162, 169,
74, 22, 175, 218, 20, 184, 227, 179, 201, 58, 128, 161, 213, 210, 102, 230, 153, 155, 125, 15, 183, 138, 231, 137, 55, 91, 253, 126, 138, 8, 150, 250, 182, 169, 84, 115, 213, 154, 253, 86,
242, 134, 71, 68, 27, 56, 202, 144, 127, 169, 159, 135, 146, 247, 163, 94, 223, 211, 125, 234, 61, 198, 204, 89, 249, 97, 147, 126, 110, 143, 28, 62, 28, 235, 139, 20, 114, 89, 181, 106,
136, 213, 50, 129, 78, 227, 182, 38, 188, 1, 154, 143, 140, 100, 118, 15, 53, 119, 91, 131, 119, 41, 78, 220, 206, 200, 24, 230, 169, 47, 173, 63, 157, 133, 133, 66, 174, 183, 23, 227,
11, 110, 76, 113, 183, 108, 73, 185, 210, 25, 251, 134, 201, 240, 27, 170, 195, 140, 213, 167, 8, 103, 117, 241, 124, 0, 15, 88, 138, 39, 7, 194, 230, 14, 204, 16, 28, 3, 38, 172,
130, 99, 6, 109, 26, 104, 166, 117, 106, 12, 35, 37, 53, 166, 32, 145, 189, 168, 191, 196, 15, 165, 54, 78, 218, 119, 33, 212, 175, 37, 178, 68, 97, 177, 160, 125, 14, 92, 192, 30,
239, 145, 146, 55, 170, 99, 46, 93, 187, 61, 115, 135, 232, 111, 157, 94, 44, 191, 150, 182, 242, 153, 150, 24, 191, 46, 114, 197, 135, 19, 132, 195, 192, 82, 92, 177, 116, 252, 254, 87,
83, 106, 155, 3, 171, 96, 189, 148, 241, 50, 0, 70, 10, 49, 172, 229, 143, 181, 129, 186, 23, 34, 11, 180, 43, 68, 192, 209, 52, 203, 162, 132, 170, 60, 103, 56, 44, 28, 153, 136,
202, 140, 132, 85, 239, 226, 61, 237, 119, 211, 88, 1, 14, 171, 61, 107, 201, 76, 7, 21, 170, 134, 141, 134, 184, 66, 200, 218, 182, 45, 29, 125, 0, 153, 22, 239, 179, 135, 79, 68,
161, 227, 246, 28, 142, 86, 112, 99, 205, 121, 250, 41, 48, 190, 106, 81, 115, 163, 111, 217, 163, 172, 35, 84, 207, 208, 225, 178, 60, 246, 39, 46, 178, 230, 3, 194, 44, 169, 174, 207,
15, 159, 86, 210, 19, 50, 1, 42, 188, 120, 134, 125, 7, 82, 67, 153, 193, 212, 36, 17, 236, 133, 162, 175, 103, 59, 175, 159, 12, 245, 171, 189, 227, 44, 183, 137, 201, 196, 1, 230,
243, 152, 107, 43, 141, 139, 148, 133, 0, 11, 139, 105, 246, 47, 145, 250, 175, 180, 71, 96, 205, 141, 128, 57, 227, 137, 58, 111, 25, 66, 241, 132, 87, 202, 145, 157, 241, 237, 131, 82,
252, 184, 12, 240, 8, 179, 195, 83, 133, 41, 134, 5, 54, 247, 47, 127, 63, 235, 155, 84, 10, 75, 162, 105, 130, 245, 32, 186, 24, 158, 157, 35, 220, 47, 129, 144, 230, 123, 21, 21,
98, 124, 124, 159, 9, 3, 118, 202, 192, 238, 24, 196, 145, 54, 227, 47, 152, 228, 218, 65, 236, 169, 83, 197, 112, 102, 125, 6, 163, 115, 109, 184, 162, 91, 165, 192, 182, 199, 5, 184,
195, 204, 233, 232, 58, 31, 80, 141, 75, 63, 15, 32, 136, 95, 22, 201, 144, 84, 254, 14, 50, 33, 93, 174, 160, 42, 26, 109, 41, 117, 173, 86, 60, 44, 47, 54, 116, 156, 87, 163,
161, 244, 147, 211, 38, 248, 57, 25, 219, 59, 2, 205, 232, 46, 129, 101, 115, 140, 173, 117, 52, 76, 192, 116, 209, 145, 178, 13, 164, 75, 44, 90, 136, 35, 30, 132, 178, 64, 214, 14,
7, 220, 139, 202, 143, 152, 209, 127, 131, 52, 118, 130, 205, 64, 221, 214, 255, 27, 32, 250, 28, 240, 241, 38, 111, 115, 147, 32, 235, 88, 178, 222, 233, 46, 80, 81, 15, 69, 211, 174,
188, 230, 222, 151, 60, 33, 11, 244, 50, 74, 175, 200, 34, 168, 175, 132, 170, 70, 39, 18, 44, 21, 151, 158, 210, 145, 135, 48, 133, 223, 0, 178, 61, 142, 41, 34, 117, 136, 70, 40,
147, 85, 35, 66, 135, 138, 154, 168, 164, 5, 203, 224, 173, 16, 119, 7, 39, 134, 8, 129, 183, 135, 64, 114, 143, 233, 164, 19, 151, 94, 65, 61, 205, 12, 198, 21, 104, 134, 66, 91,
64, 129, 96, 187, 169, 172, 3, 2, 212, 233, 223, 143, 52, 170, 95, 101, 249, 214, 50, 244, 44, 243, 178, 250, 17, 168, 56, 141, 45, 24, 13, 57, 140, 61, 148, 39, 57, 56, 14, 149,
194, 247, 9, 120, 171, 162, 162, 196, 109, 82, 207, 242, 49, 202, 206, 172, 144, 42, 162, 165, 135, 196, 18, 241, 169, 203, 82, 25, 184, 142, 231, 154, 40, 1, 239, 111, 138, 52, 209, 165,
202, 167, 126, 123, 184, 177, 253, 90, 197, 130, 115, 44, 43, 100, 202, 132, 42, 182, 159, 163, 149, 234, 179, 108, 226, 215, 127, 214, 73, 224, 254, 101, 191, 60, 197, 54, 26, 146, 81, 47,
19, 187, 158, 92, 30, 106, 207, 106, 128, 230, 54, 154, 78, 144, 129, 7, 221, 6, 154, 164, 140, 106, 0, 59, 124, 10, 122, 151, 118, 46, 106, 214, 207, 253, 63, 206, 147, 10, 177, 61,
146, 226, 136, 73, 133, 179, 92, 234, 112, 30, 77, 125, 173, 78, 98, 253, 214, 127, 164, 177, 191, 131, 83, 170, 227, 209, 195, 135, 38, 60, 82, 228, 108, 26, 23, 65, 172, 95, 124, 205,
227, 77, 226, 39, 15, 2, 76, 247, 253, 99, 94, 123, 54, 90, 141, 96, 45, 8, 29, 34, 38, 235, 42, 158, 144, 253, 224, 195, 43, 162, 53, 26, 192, 100, 27, 243, 135, 92, 139, 118,
113, 139, 250, 13, 13, 68, 188, 58, 220, 181, 184, 56, 185, 83, 55, 120, 158, 56, 80, 218, 240, 19, 206, 71, 52, 218, 255, 236, 133, 187, 254, 49, 134, 30, 87, 214, 204, 52, 133, 221,
238, 58, 92, 250, 48, 202, 241, 61, 81, 46, 180, 96, 235, 75, 131, 203, 147, 9, 64, 77, 11, 106, 242, 205, 169, 159, 192, 250, 30, 48, 75, 185, 63, 38, 189, 205, 119, 211, 156, 132,
146, 75, 18, 2, 72, 57, 184, 189, 255, 133, 153, 52, 149, 196, 30, 184, 106, 150, 32, 37, 19, 155, 80, 84, 193, 85, 35, 122, 186, 215, 154, 203, 188, 125, 199, 195, 137, 87, 101, 72,
38, 145, 75, 178, 172, 233, 112, 126, 148, 202, 220, 57, 140, 78, 65, 117, 231, 121, 250, 29, 48, 152, 110, 81, 50, 147, 48, 209, 162, 149, 13, 54, 220, 143, 221, 140, 16, 173, 78, 38,
142, 255, 50, 225, 11, 249, 161, 191, 118, 147, 10, 160, 62, 21, 17, 57, 179, 29, 148, 68, 57, 112, 50, 200, 192, 229, 36, 111, 169, 146, 141, 229, 92, 72, 216, 250, 15, 254, 235, 189,
241, 45, 177, 150, 132, 140, 18, 147, 186, 178, 103, 44, 239, 253, 197, 158, 21, 6, 138, 93, 166, 25, 226, 250, 221, 175, 116, 121, 144, 134, 133, 125, 211, 135, 58, 87, 112, 101, 202, 144,
118, 211, 161, 184, 241, 219, 151, 84, 193, 174, 71, 249, 49, 229, 210, 47, 184, 22, 191, 41, 10, 236, 17, 61, 3, 249, 201, 80, 60, 88, 156, 98, 138, 200, 60, 255, 25, 164, 219, 21,
205, 114, 154, 184, 154, 7, 33, 14, 106, 113, 78, 140, 3, 38, 53, 255, 221, 214, 7, 150, 207, 32, 189, 46, 162, 194, 240, 25, 152, 215, 94, 149, 12, 93, 97, 2, 243, 92, 99, 211,
141, 65, 186, 164, 188, 252, 27, 160, 206, 140, 249, 171, 47, 28, 66, 147, 74, 105, 27, 110, 138, 37, 7, 163, 223, 77, 209, 33, 19, 34, 69, 178, 185, 105, 56, 91, 54, 77, 141, 64,
11, 40, 35, 21, 49, 148, 42, 147, 202, 227, 147, 231, 47, 210, 0, 117, 226, 97, 96, 143, 168, 80, 144, 82, 75, 158, 218, 64, 14, 89, 253, 116, 203, 171, 145, 21, 179, 79, 44, 117,
164, 18, 99, 223, 232, 116, 144, 33, 0, 133, 241, 171, 190, 150, 151, 44, 150, 91, 32, 211, 179, 66, 140, 225, 225, 90, 32, 241, 57, 255, 252, 63, 71, 115, 190, 108, 245, 103, 142, 222,
239, 8, 7, 54, 77, 95, 195, 249, 145, 226, 154, 173, 62, 11, 80, 167, 43, 38, 188, 149, 10, 202, 161, 230, 144, 58, 100, 41, 18, 56, 151, 158, 206, 236, 227, 19, 186, 233, 20, 247,
97, 238, 87, 36, 1, 181, 111, 46, 230, 112, 35, 69, 209, 166, 227, 183, 177, 73, 224, 195, 238, 18, 101, 67, 41, 230, 126, 235, 183, 247, 107, 114, 166, 153, 173, 59, 187, 24, 1, 41,
254, 27, 164, 60, 55, 178, 49, 117, 73, 129, 55, 209, 244, 185, 42, 14, 194, 239, 133, 137, 47, 133, 38, 15, 243, 202, 39, 229, 18, 194, 174, 221, 33, 248, 52, 209, 38, 10, 30, 6,
164, 43, 151, 96, 13, 94, 28, 220, 222, 244, 32, 80, 183, 133, 130, 234, 93, 73, 168, 128, 37, 233, 244, 236, 236, 27, 183, 209, 136, 193, 2, 141, 172, 180, 103, 90, 147, 136, 197, 169,
32, 29, 211, 76, 244, 37, 235, 152, 137, 186, 123, 6, 148, 187, 217, 95, 164, 134, 71, 68, 27, 56, 246, 144, 50, 222, 136, 179, 170, 223, 137, 94, 206, 176, 102, 249, 11, 215, 192, 120,
189, 96, 152, 29, 110, 128, 7, 37, 13, 248, 145, 79, 28, 78, 156, 77, 166, 220, 24, 129, 25, 180, 179, 3, 254, 47, 131, 135, 167, 79, 49, 104, 87, 18, 99, 191, 3, 100, 111, 214,
238, 218, 69, 211, 132, 45, 189, 46, 157, 226, 240, 121, 244, 154, 83, 249, 54, 83, 110, 37, 172, 8, 115, 186, 151, 20, 192, 153, 200, 220, 71, 255, 196, 209, 211, 234, 38, 3, 82, 137,
116, 105, 31, 92, 146, 95, 8, 176, 244, 95, 248, 118, 74, 43, 101, 164, 165, 81, 58, 122, 19, 73, 133, 64, 18, 14, 63, 0, 29, 158, 19, 135, 177, 139, 145, 224, 24, 224, 53, 103,
227, 113, 53, 208, 188, 42, 137, 78, 81, 143, 225, 76, 18, 85, 199, 112, 243, 229, 157, 33, 184, 93, 31, 105, 153, 18, 91, 191, 233, 91, 225, 62, 14, 175, 242, 225, 135, 189, 206, 47,
166, 59, 111, 249, 174, 52, 211, 207, 196, 36, 84, 232, 11, 242, 204, 51, 102, 92, 128, 63, 167, 69, 177, 215, 207, 69, 118, 74, 11, 55, 195, 214, 129, 184, 155, 255, 105, 51, 75, 231,
48, 95, 186, 230, 13, 235, 209, 223, 174, 95, 4, 127, 56, 58, 147, 157, 254, 174, 226, 55, 147, 241, 118, 247, 51, 241, 90, 12, 1, 153, 77, 52, 200, 90, 7, 89, 153, 211, 236, 203,
228, 11, 233, 250, 237, 18, 105, 72, 115, 206, 13, 235, 177, 207, 76, 114, 210, 219, 249, 36, 180, 97, 112, 1, 249, 110, 199, 105, 41, 190, 114, 118, 106, 183, 20, 253, 163, 160, 3, 54,
224, 208, 209, 162, 60, 174, 59, 21, 187, 164, 18, 229, 112, 241, 174, 167, 15, 159, 60, 163, 10, 46, 13, 57, 209, 29, 148, 119, 57, 126, 14, 200, 178, 247, 9, 104, 169, 175, 244, 249,
84, 77, 169, 141, 37, 253, 206, 182, 204, 40, 177, 186, 137, 239, 28, 230, 173, 186, 67, 32, 232, 223, 234, 131, 124, 29, 236, 99, 130, 38, 244, 129, 128, 195, 123, 72, 171, 141, 223, 62,
252, 186, 32, 106, 105, 122, 208, 168, 82, 252, 179, 135, 181, 250, 137, 2, 246, 184, 71, 185, 13, 210, 192, 73, 159, 56, 146, 26, 9, 243, 17, 127, 63, 202, 181, 66, 10, 75, 162, 26,
131, 167, 19, 169, 10, 129, 185, 41, 234, 40, 135, 164, 230, 30, 15, 14, 98, 113, 74, 204, 61, 40, 53, 255, 193, 214, 28, 211, 177, 29, 163, 48, 170, 197, 243, 26, 152, 157, 92, 148,
15, 94, 76, 42, 179, 82, 73, 253, 189, 28, 164, 177, 174, 128, 83, 189, 195, 148, 161, 147, 5, 62, 54, 141, 73, 52, 50, 88, 244, 34, 9, 158, 192, 72, 218, 20, 19, 51, 76, 179,
159, 121, 90, 77, 54, 32, 140, 99, 52, 25, 72, 50, 41, 133, 22, 135, 210, 139, 132, 247, 16, 207, 51, 25, 197, 91, 27, 199, 136, 33, 139, 89, 55, 158, 255, 103, 117, 61, 241, 98,
145, 238, 184, 88, 156, 119, 23, 111, 166, 50, 4, 157, 239, 110, 205, 2, 13, 172, 221, 194, 167, 144, 252, 44, 167, 91, 119, 130, 135, 47, 196, 203, 224, 15, 122, 173, 11, 209, 177, 47,
79, 124, 175, 3, 239, 96, 181, 238, 209, 59, 64, 53, 13, 84, 249, 205, 188, 152, 192, 167, 5, 97, 23, 255, 10, 48, 142, 144, 61, 204, 150, 239, 132, 97, 59, 98, 57, 36, 129, 219,
196, 133, 165, 71, 180, 193, 30, 153, 76, 208, 82, 67, 124, 154, 93, 87, 242, 110, 35, 82, 167, 166, 174, 182, 163, 126, 195, 197, 239, 18, 84, 103, 45, 224, 93, 170, 167, 139, 65, 89,
178, 244, 237, 7, 198, 28, 69, 120, 188, 79, 249, 110, 19, 176, 103, 73, 78, 181, 106, 165, 182, 140, 32, 41, 210, 248, 222, 239, 61, 243, 118, 56, 168, 203, 11, 233, 109, 200, 213, 207,
10, 174, 29, 156, 16, 37, 34, 36, 134, 38, 185, 126, 38, 66, 22, 218, 211, 249, 37, 120, 142, 133, 162, 250, 84, 24, 253, 226, 9, 231, 181, 240, 221, 53, 205, 143, 173, 211, 13, 200,
128, 152, 96, 7, 231, 194, 241, 189, 63, 31, 138, 77, 150, 44, 244, 253, 128, 186, 35, 123, 171, 147, 231, 86, 254, 169, 71, 107, 13, 74, 221, 134, 118, 215, 235, 161, 129, 237, 131, 14,
207, 187, 94, 226, 41, 243, 219, 109, 163, 124, 146, 5, 9, 141, 13, 125, 0, 249, 181, 81, 14, 82, 156, 98, 149, 199, 60, 255, 61, 160, 157, 34, 197, 25, 186, 177, 152, 122, 45, 56,
104, 96, 99, 188, 37, 127, 76, 236, 252, 196, 17, 228, 155, 31, 155, 46, 228, 252, 197, 93, 239, 207, 70, 135, 6, 83, 108, 18, 144, 108, 77, 237, 159, 65, 208, 138, 209, 192, 12, 186,
220, 225, 210, 169, 103, 38, 66, 200, 115, 29, 31, 36, 170, 60, 18, 176, 242, 109, 242, 56, 74, 9, 69, 164, 138, 74, 58, 79, 27, 105, 213, 64, 29, 38, 63, 20, 11, 239, 84, 141,
211, 231, 143, 253, 78, 225, 67, 103, 206, 82, 20, 214, 148, 14, 131, 78, 93, 172, 250, 13, 13, 56, 241, 111, 192, 151, 157, 87, 144, 80, 49, 105, 169, 59, 100, 143, 173, 106, 146, 35,
119, 177, 251, 236, 133, 142, 143, 26, 139, 34, 62, 198, 169, 62, 208, 222, 236, 46, 83, 215, 29, 224, 199, 44, 55, 72, 190, 103, 244, 96, 166, 205, 242, 6, 68, 80, 49, 98, 195, 209,
189, 146, 180, 138, 112, 32, 41, 185, 52, 48, 131, 236, 0, 201, 150, 239, 163, 77, 20, 33, 57, 110, 176, 171, 187, 133, 165, 52, 149, 205, 30, 184, 46, 150, 105, 37, 19, 160, 54, 65,
220, 121, 35, 122, 176, 176, 145, 168, 173, 105, 201, 201, 177, 13, 21, 73, 63, 153, 104, 145, 172, 205, 107, 77, 170, 223, 225, 49, 207, 116, 3, 99, 216, 69, 240, 61, 46, 161, 76, 93,
114, 155, 54, 231, 244, 131, 54, 11, 208, 208, 229, 245, 50, 132, 67, 63, 191, 184, 27, 246, 109, 160, 141, 254, 41, 248, 82, 171, 22, 62, 42, 6, 149, 54, 134, 68, 23, 36, 67, 201,
216, 172, 96, 102, 154, 185, 169, 234, 112, 42, 168, 227, 6, 188, 171, 227, 196, 47, 128, 133, 167, 233, 0, 230, 145, 150, 122, 34, 141, 209, 146, 142, 14, 91, 200, 93, 166, 23, 150, 187,
182, 195, 118, 115, 200, 134, 231, 67, 250, 214, 32, 40, 109, 68, 224, 206, 66, 168, 136, 227, 245, 220, 133, 13, 193, 155, 127, 179, 14, 243, 231, 68, 175, 22, 152, 45, 106, 182, 21, 38,
0, 219, 214, 81, 35, 80, 183, 120, 168, 251, 108, 157, 41, 224, 166, 41, 229, 10, 225, 136, 230, 74, 11, 59, 93, 92, 42, 129, 118, 46, 53, 195, 201, 202, 24, 201, 207, 32, 161, 46,
162, 194, 240, 96, 172, 215, 82, 250, 49, 109, 64, 1, 135, 126, 11, 253, 144, 67, 212, 184, 157, 231, 6, 182, 238, 239, 244, 138, 41, 30, 80, 151, 80, 47, 15, 80, 252, 46, 124, 143,
196, 74, 134, 9, 50, 30, 97, 179, 242, 99, 58, 124, 27, 110, 183, 72, 118, 62, 63, 85, 18, 239, 48, 161, 188, 152, 167, 220, 23, 228, 45, 107, 237, 65, 59, 202, 237, 38, 139, 78,
54, 188, 225, 120, 44, 66, 246, 106, 235, 181, 195, 75, 157, 93, 55, 119, 152, 55, 80, 166, 238, 74, 241, 20, 43, 172, 221, 192, 166, 188, 254, 35, 132, 0, 82, 232, 170, 26, 241, 201,
254, 57, 123, 202, 18, 225, 199, 56, 124, 104, 237, 39, 244, 64, 166, 144, 208, 52, 12, 122, 22, 75, 206, 212, 187, 128, 192, 143, 30, 32, 54, 167, 44, 110, 140, 139, 49, 203, 140, 241,
221, 58, 28, 7, 45, 56, 154, 213, 193, 135, 168, 29, 237, 252, 118, 172, 119, 201, 41, 1, 46, 165, 111, 76, 225, 117, 94, 76, 209, 166, 154, 144, 188, 121, 201, 231, 234, 44, 119, 67,
14, 251, 84, 166, 180, 205, 83, 83, 181, 214, 252, 41, 148, 70, 3, 38, 231, 85, 221, 12, 56, 178, 125, 10, 109, 234, 11, 161, 176, 214, 6, 62, 246, 247, 241, 246, 23, 172, 45, 59,
156, 166, 65, 205, 44, 213, 138, 185, 16, 153, 28, 215, 50, 12, 83, 25, 181, 61, 148, 125, 85, 125, 39, 230, 222, 244, 36, 80, 168, 157, 137, 234, 78, 42, 215, 222, 114, 225, 203, 188,
212, 101, 141, 168, 186, 229, 2, 137, 165, 178, 123, 34, 177, 249, 214, 143, 48, 61, 244, 118, 170, 38, 236, 179, 212, 199, 94, 105, 198, 177, 130, 72, 254, 180, 87, 81, 106, 91, 247, 182,
116, 204, 171, 144, 173, 197, 168, 104, 213, 200, 103, 176, 56, 224, 228, 36, 131, 6, 154, 44, 106, 130, 17, 125, 21, 166, 155, 79, 118, 89, 158, 70, 131, 220, 24, 159, 19, 130, 166, 3,
219, 122, 136, 166, 156, 107, 20, 63, 114, 10, 123, 131, 28, 1, 53, 220, 196, 245, 63, 241, 138, 55, 185, 61, 158, 251, 227, 122, 187, 139, 94, 201, 23, 110, 80, 113, 183, 108, 73, 253,
178, 117, 165, 169, 174, 195, 102, 170, 241, 196, 164, 167, 56, 42, 81, 241, 117, 16, 16, 86, 138, 10, 17, 205, 237, 74, 134, 20, 28, 116, 68, 247, 179, 100, 48, 109, 102, 64, 178, 57,
8, 26, 47, 13, 11, 239, 55, 145, 189, 135, 186, 222, 12, 255, 18, 78, 218, 44, 63, 212, 230, 10, 178, 89, 42, 188, 173, 87, 61, 100, 179, 63, 240, 243, 205, 36, 172, 82, 45, 10,
184, 88, 86, 193, 136, 123, 139, 52, 0, 208, 247, 247, 253, 176, 145, 9, 191, 46, 119, 200, 156, 15, 218, 195, 192, 50, 102, 212, 24, 255, 241, 46, 108, 104, 152, 99, 239, 96, 243, 210,
206, 20, 0, 50, 44, 51, 249, 203, 136, 144, 162, 154, 60, 50, 20, 251, 42, 127, 204, 241, 118, 207, 158, 236, 156, 62, 31, 42, 19, 30, 142, 137, 210, 236, 254, 45, 232, 252, 19, 237,
84, 143, 114, 3, 125, 135, 77, 77, 247, 125, 68, 81, 146, 214, 131, 203, 248, 81, 131, 153, 173, 48, 113, 116, 15, 153, 111, 245, 177, 135, 112, 114, 145, 155, 198, 4, 180, 3, 122, 14,
229, 65, 254, 54, 48, 187, 126, 118, 115, 145, 20, 250, 243, 171, 22, 18, 243, 215, 229, 162, 46, 166, 67, 30, 132, 251, 51, 220, 38, 226, 210, 186, 39, 177, 72, 221, 7, 55, 17, 57,
209, 29, 148, 119, 85, 66, 5, 249, 218, 235, 26, 100, 176, 176, 245, 174, 115, 72, 207, 211, 6, 253, 205, 239, 226, 27, 198, 182, 147, 242, 60, 141, 243, 150, 8, 42, 136, 234, 233, 182,
29, 4, 138, 87, 235, 19, 150, 185, 211, 195, 126, 72, 184, 166, 253, 125, 197, 214, 58, 104, 41, 65, 243, 132, 104, 201, 233, 185, 245, 197, 133, 13, 238, 155, 127, 205, 38, 206, 226, 89,
135, 55, 136, 63, 106, 243, 17, 38, 28, 249, 181, 103, 124, 101, 156, 70, 131, 167, 122, 149, 19, 131, 157, 21, 202, 122, 129, 179, 153, 65, 118, 31, 73, 96, 120, 159, 61, 127, 103, 234,
227, 247, 24, 235, 166, 12, 144, 68, 146, 192, 129, 98, 152, 157, 65, 148, 15, 94, 76, 42, 179, 82, 73, 253, 189, 28, 164, 157, 188, 206, 27, 180, 202, 148, 229, 183, 7, 59, 76, 241,
82, 114, 114, 88, 169, 61, 9, 206, 144, 91, 247, 44, 50, 16, 38, 174, 160, 42, 26, 109, 25, 110, 173, 86, 60, 44, 47, 54, 116, 156, 87, 163, 161, 244, 147, 211, 38, 248, 57, 25,
219, 59, 2, 205, 232, 46, 179, 89, 106, 206, 202, 103, 117, 88, 179, 25, 228, 147, 146, 35, 156, 78, 13, 87, 173, 16, 82, 155, 170, 12, 205, 33, 28, 172, 242, 245, 151, 179, 150, 24,
213, 34, 87, 199, 205, 48, 130, 193, 219, 53, 97, 237, 37, 194, 241, 46, 83, 72, 152, 3, 239, 96, 181, 238, 221, 50, 0, 81, 20, 86, 210, 234, 190, 128, 192, 134, 30, 47, 75, 170,
13, 121, 203, 221, 41, 208, 181, 154, 148, 95, 60, 28, 25, 99, 183, 218, 223, 179, 226, 27, 174, 221, 49, 178, 71, 223, 120, 61, 52, 191, 116, 67, 150, 118, 55, 11, 177, 213, 151, 134,
189, 98, 201, 219, 154, 52, 28, 122, 3, 153, 74, 160, 247, 243, 64, 114, 170, 228, 198, 68, 180, 100, 83, 9, 222, 110, 247, 36, 111, 185, 81, 111, 72, 160, 30, 211, 165, 221, 45, 52,
224, 249, 254, 242, 72, 161, 38, 15, 145, 209, 22, 251, 38, 252, 212, 195, 14, 248, 23, 221, 38, 27, 32, 57, 151, 20, 187, 94, 14, 113, 39, 230, 243, 244, 36, 120, 168, 169, 169, 234,
82, 73, 168, 237, 5, 247, 171, 168, 243, 51, 173, 181, 143, 225, 5, 230, 185, 183, 125, 25, 178, 219, 254, 217, 21, 59, 253, 105, 147, 27, 235, 253, 151, 150, 92, 101, 151, 133, 246, 110,
255, 162, 91, 103, 27, 92, 220, 206, 46, 222, 136, 131, 245, 250, 133, 106, 192, 155, 127, 175, 41, 213, 219, 83, 156, 36, 197, 52, 102, 177, 30, 99, 53, 252, 181, 81, 9, 119, 156, 98,
149, 199, 60, 185, 25, 239, 147, 28, 211, 1, 254, 164, 140, 75, 118, 15, 95, 119, 91, 183, 118, 46, 50, 173, 193, 242, 28, 150, 169, 48, 131, 46, 130, 138, 240, 30, 175, 145, 82, 201,
47, 88, 119, 114, 183, 15, 18, 253, 189, 24, 195, 219, 182, 205, 27, 170, 205, 140, 213, 239, 42, 0, 66, 132, 73, 50, 58, 97, 163, 68, 7, 194, 213, 19, 217, 116, 17, 61, 80, 178,
185, 100, 57, 94, 110, 65, 166, 62, 6, 15, 35, 81, 43, 188, 16, 163, 210, 250, 177, 194, 23, 221, 21, 69, 192, 118, 57, 243, 135, 92, 139, 83, 75, 172, 250, 96, 18, 36, 237, 49,
252, 172, 185, 35, 198, 93, 44, 117, 172, 6, 5, 151, 232, 81, 157, 41, 21, 141, 205, 175, 253, 135, 244, 2, 171, 46, 84, 241, 143, 52, 253, 212, 190, 53, 120, 219, 116, 220, 179, 17,
104, 110, 138, 29, 180, 74, 161, 130, 253, 5, 123, 98, 73, 126, 199, 169, 132, 180, 146, 169, 62, 46, 79, 251, 22, 111, 174, 233, 38, 200, 190, 230, 171, 72, 19, 49, 41, 16, 174, 189,
205, 241, 167, 48, 180, 199, 13, 174, 110, 128, 114, 23, 2, 185, 77, 65, 220, 121, 22, 78, 150, 166, 228, 140, 242, 2, 230, 221, 180, 18, 125, 102, 53, 157, 13, 244, 246, 238, 107, 89,
157, 234, 237, 52, 150, 1, 64, 21, 239, 105, 249, 7, 30, 160, 97, 117, 119, 157, 3, 213, 235, 219, 45, 53, 211, 248, 222, 241, 13, 142, 118, 56, 185, 195, 11, 221, 29, 243, 208, 184,
12, 131, 72, 128, 7, 39, 17, 57, 179, 29, 148, 68, 57, 112, 50, 200, 192, 229, 36, 107, 169, 173, 240, 175, 104, 60, 220, 250, 15, 249, 171, 146, 252, 44, 187, 165, 138, 233, 5, 213,
140, 186, 125, 60, 232, 137, 202, 143, 63, 37, 236, 80, 166, 56, 245, 185, 142, 171, 116, 4, 148, 184, 155, 84, 164, 166, 115, 53, 25, 56, 193, 132, 108, 227, 136, 227, 245, 220, 133, 13,
193, 155, 127, 207, 7, 168, 163, 89, 134, 103, 162, 28, 54, 225, 51, 32, 0, 253, 146, 115, 10, 112, 156, 77, 206, 249, 24, 255, 19, 164, 166, 52, 190, 122, 136, 136, 152, 16, 20, 63,
115, 124, 123, 173, 125, 4, 50, 232, 145, 214, 20, 246, 213, 5, 174, 68, 141, 213, 232, 66, 166, 207, 76, 230, 17, 123, 125, 32, 243, 119, 21, 211, 166, 123, 223, 132, 157, 207, 120, 164,
218, 238, 213, 237, 47, 28, 97, 211, 74, 14, 15, 90, 252, 54, 124, 174, 245, 123, 241, 34, 53, 17, 38, 174, 129, 42, 26, 69, 25, 94, 173, 86, 11, 39, 53, 86, 116, 190, 29, 135,
150, 227, 140, 196, 56, 209, 62, 30, 222, 44, 32, 143, 156, 24, 156, 46, 86, 202, 240, 76, 17, 125, 241, 1, 207, 172, 218, 23, 166, 112, 16, 87, 147, 59, 86, 216, 235, 23, 157, 5,
10, 141, 225, 171, 168, 156, 209, 24, 162, 95, 103, 211, 179, 66, 226, 226, 239, 53, 127, 223, 50, 231, 254, 68, 127, 122, 239, 29, 174, 121, 178, 254, 156, 83, 76, 74, 15, 97, 215, 174,
161, 130, 134, 143, 30, 34, 75, 170, 3, 38, 189, 149, 49, 215, 156, 194, 171, 77, 62, 24, 24, 19, 155, 171, 238, 179, 165, 61, 152, 195, 51, 174, 66, 201, 76, 16, 61, 181, 84, 106,
242, 120, 24, 18, 167, 138, 229, 182, 142, 126, 195, 212, 239, 11, 109, 103, 0, 205, 93, 149, 143, 216, 65, 89, 189, 244, 237, 51, 198, 89, 71, 120, 238, 8, 221, 6, 24, 249, 124, 105,
107, 156, 51, 206, 161, 163, 1, 41, 214, 142, 212, 142, 27, 133, 90, 55, 243, 255, 3, 232, 7, 245, 137, 245, 3, 154, 18, 177, 9, 107, 21, 41, 142, 99, 236, 123, 28, 65, 1, 135,
206, 228, 56, 80, 168, 133, 169, 234, 93, 73, 168, 128, 5, 248, 226, 179, 196, 44, 162, 173, 166, 208, 97, 230, 153, 191, 88, 34, 156, 239, 203, 189, 20, 89, 213, 51, 176, 71, 195, 224,
145, 130, 79, 81, 184, 134, 223, 126, 185, 137, 119, 77, 19, 56, 202, 144, 50, 222, 136, 179, 245, 224, 133, 106, 201, 155, 127, 249, 11, 207, 220, 101, 145, 37, 131, 7, 54, 159, 60, 26,
28, 240, 159, 66, 3, 86, 156, 70, 136, 213, 59, 163, 24, 134, 219, 5, 219, 38, 228, 135, 140, 93, 119, 59, 61, 76, 120, 163, 9, 40, 106, 244, 201, 240, 68, 209, 201, 49, 177, 61,
140, 130, 246, 95, 175, 158, 107, 223, 17, 94, 78, 118, 183, 108, 118, 205, 159, 125, 164, 184, 191, 192, 27, 170, 195, 140, 213, 180, 42, 127, 66, 147, 116, 10, 27, 86, 138, 94, 7, 148,
237, 77, 224, 23, 36, 0, 68, 237, 160, 106, 26, 99, 106, 110, 179, 62, 10, 120, 64, 41, 38, 231, 44, 157, 189, 160, 128, 212, 40, 184, 31, 7, 228, 59, 35, 218, 172, 28, 129, 118,
117, 177, 207, 83, 46, 68, 179, 104, 224, 134, 158, 55, 169, 99, 28, 87, 164, 21, 8, 193, 141, 95, 230, 21, 47, 191, 150, 232, 149, 153, 150, 24, 168, 0, 87, 197, 204, 22, 133, 212,
192, 41, 32, 212, 116, 196, 225, 76, 67, 106, 232, 99, 137, 86, 178, 201, 246, 78, 123, 100, 42, 84, 222, 175, 166, 227, 184, 151, 52, 30, 3, 180, 19, 62, 141, 215, 28, 207, 142, 198,
148, 117, 126, 36, 48, 18, 204, 157, 201, 178, 228, 78, 178, 225, 119, 178, 95, 141, 120, 3, 119, 170, 82, 52, 233, 121, 18, 81, 176, 211, 140, 132, 228, 28, 154, 250, 177, 76, 118, 25,
20, 206, 122, 235, 128, 252, 93, 68, 161, 148, 246, 59, 144, 91, 78, 15, 251, 86, 221, 43, 18, 160, 124, 117, 117, 146, 48, 253, 162, 136, 45, 54, 144, 249, 128, 174, 55, 161, 78, 54,
170, 216, 8, 214, 11, 255, 161, 191, 48, 132, 48, 176, 9, 62, 39, 30, 136, 31, 148, 119, 85, 66, 5, 249, 218, 244, 36, 104, 172, 216, 169, 234, 54, 56, 216, 230, 20, 222, 244, 176,
227, 44, 190, 182, 153, 236, 5, 151, 163, 167, 8, 11, 147, 136, 203, 218, 47, 70, 192, 70, 166, 54, 239, 129, 129, 180, 79, 88, 148, 178, 141, 62, 252, 214, 75, 104, 46, 60, 202, 178,
70, 168, 236, 135, 145, 234, 242, 13, 238, 164, 127, 218, 38, 193, 237, 109, 130, 56, 146, 26, 9, 243, 17, 38, 28, 249, 181, 103, 124, 101, 156, 98, 130, 249, 97, 169, 73, 190, 205, 41,
219, 39, 149, 179, 138, 123, 28, 30, 53, 13, 80, 154, 118, 12, 77, 195, 192, 169, 63, 149, 213, 6, 225, 68, 131, 244, 246, 111, 152, 157, 76, 149, 112, 65, 65, 54, 147, 88, 73, 205,
138, 28, 172, 162, 170, 223, 82, 185, 241, 231, 213, 136, 108, 42, 49, 222, 112, 114, 14, 88, 252, 2, 124, 170, 207, 74, 134, 44, 50, 16, 38, 174, 160, 42, 26, 79, 53, 87, 212, 99,
31, 35, 72, 40, 10, 236, 44, 135, 145, 148, 132, 168, 16, 225, 19, 25, 224, 59, 35, 202, 170, 2, 129, 83, 124, 201, 250, 117, 45, 72, 179, 50, 223, 180, 152, 13, 144, 98, 28, 111,
191, 9, 99, 168, 170, 12, 194, 33, 21, 162, 209, 220, 167, 152, 235, 25, 221, 27, 64, 199, 204, 6, 133, 214, 192, 13, 71, 203, 57, 225, 254, 47, 52, 73, 183, 60, 142, 90, 183, 223,
231, 56, 80, 106, 57, 84, 250, 234, 156, 189, 129, 162, 29, 44, 62, 173, 63, 34, 180, 211, 6, 180, 162, 132, 148, 77, 3, 104, 70, 4, 204, 218, 195, 181, 226, 42, 240, 255, 0, 247,
78, 222, 120, 18, 2, 185, 72, 46, 232, 114, 55, 78, 213, 200, 149, 132, 189, 65, 219, 224, 238, 11, 29, 26, 32, 145, 106, 189, 139, 237, 97, 56, 170, 200, 246, 51, 168, 89, 67, 3,
249, 68, 221, 43, 13, 231, 80, 117, 103, 160, 104, 165, 163, 156, 3, 52, 193, 137, 225, 172, 47, 161, 38, 15, 134, 255, 51, 251, 109, 249, 213, 212, 14, 131, 72, 174, 111, 46, 16, 83,
128, 123, 190, 124, 49, 110, 26, 149, 231, 209, 18, 12, 141, 217, 169, 201, 50, 20, 212, 204, 39, 229, 206, 179, 144, 43, 129, 154, 213, 221, 44, 140, 186, 138, 107, 2, 139, 212, 201, 136,
22, 31, 204, 101, 150, 52, 245, 165, 128, 130, 92, 97, 148, 148, 217, 98, 207, 214, 114, 44, 104, 60, 182, 171, 66, 169, 161, 227, 146, 249, 240, 74, 193, 204, 71, 175, 41, 181, 219, 47,
153, 52, 131, 121, 54, 136, 48, 120, 115, 166, 158, 76, 38, 91, 181, 98, 202, 199, 97, 185, 50, 177, 151, 38, 253, 1, 154, 164, 140, 75, 118, 15, 95, 119, 91, 183, 118, 36, 53, 244,
192, 173, 56, 206, 172, 20, 174, 17, 170, 135, 243, 24, 152, 204, 94, 213, 106, 93, 14, 18, 139, 123, 73, 211, 191, 110, 229, 178, 132, 219, 125, 252, 248, 208, 164, 241, 50, 2, 50, 151,
50, 8, 9, 97, 163, 68, 8, 161, 240, 84, 251, 39, 15, 118, 91, 134, 129, 56, 34, 59, 53, 90, 212, 117, 125, 34, 59, 86, 118, 148, 51, 145, 210, 166, 189, 247, 75, 174, 39, 67,
195, 100, 58, 206, 166, 41, 139, 73, 87, 147, 203, 99, 46, 61, 220, 34, 206, 236, 143, 7, 206, 75, 28, 125, 172, 75, 88, 168, 185, 108, 205, 29, 63, 191, 252, 205, 181, 186, 150, 24,
221, 0, 87, 214, 204, 52, 133, 212, 239, 41, 32, 203, 24, 240, 220, 61, 77, 110, 138, 29, 239, 122, 174, 203, 215, 8, 109, 73, 63, 126, 196, 234, 249, 151, 192, 175, 20, 45, 20, 251,
22, 78, 176, 156, 114, 173, 162, 146, 169, 97, 97, 61, 78, 111, 151, 217, 221, 186, 167, 56, 145, 229, 17, 174, 110, 232, 114, 39, 125, 253, 48, 52, 202, 90, 70, 20, 191, 133, 140, 144,
252, 68, 224, 237, 234, 23, 105, 116, 36, 153, 82, 143, 163, 246, 107, 68, 156, 227, 246, 57, 168, 109, 65, 125, 219, 83, 221, 56, 5, 142, 93, 87, 75, 156, 43, 219, 138, 188, 28, 57,
157, 198, 254, 170, 55, 161, 33, 30, 173, 203, 50, 202, 16, 171, 178, 188, 9, 144, 33, 128, 7, 105, 17, 34, 140, 28, 152, 39, 14, 103, 62, 217, 237, 176, 36, 12, 236, 169, 151, 229,
113, 23, 233, 216, 6, 160, 222, 150, 230, 107, 166, 147, 137, 144, 99, 147, 132, 184, 67, 9, 239, 236, 146, 158, 7, 11, 192, 83, 239, 49, 234, 165, 132, 161, 126, 8, 144, 134, 218, 74,
185, 134, 127, 72, 38, 101, 179, 178, 64, 227, 233, 227, 245, 220, 133, 13, 193, 155, 127, 207, 38, 224, 219, 83, 249, 6, 146, 7, 10, 225, 30, 121, 44, 211, 139, 106, 5, 80, 146, 70,
149, 180, 60, 138, 61, 133, 197, 20, 251, 1, 154, 204, 233, 78, 118, 15, 72, 85, 91, 129, 118, 46, 53, 195, 238, 173, 52, 208, 166, 22, 144, 61, 162, 197, 220, 121, 240, 140, 87, 207,
22, 101, 77, 1, 135, 126, 11, 253, 171, 20, 195, 169, 191, 253, 27, 156, 222, 193, 213, 167, 44, 0, 54, 141, 55, 32, 21, 35, 244, 39, 124, 138, 196, 74, 198, 39, 11, 45, 67, 142,
158, 42, 26, 69, 25, 94, 173, 86, 1, 44, 47, 21, 0, 140, 42, 135, 150, 181, 162, 167, 75, 209, 69, 125, 239, 51, 19, 143, 185, 14, 243, 120, 113, 206, 221, 3, 125, 102, 254, 106,
193, 170, 185, 8, 204, 112, 56, 10, 224, 9, 8, 128, 141, 8, 199, 3, 44, 184, 245, 210, 165, 190, 245, 123, 168, 52, 118, 215, 179, 67, 199, 186, 206, 53, 97, 238, 28, 255, 204, 17,
100, 79, 148, 57, 247, 65, 189, 137, 192, 26, 64, 105, 13, 53, 198, 211, 184, 171, 134, 143, 30, 34, 75, 170, 3, 38, 189, 149, 49, 215, 162, 132, 145, 77, 3, 0, 78, 100, 149, 158,
206, 172, 226, 29, 176, 210, 0, 150, 97, 227, 114, 67, 113, 137, 109, 41, 210, 90, 65, 21, 145, 173, 140, 203, 136, 102, 219, 231, 177, 41, 16, 21, 22, 145, 15, 137, 156, 138, 107, 122,
183, 207, 254, 4, 144, 28, 113, 38, 231, 83, 227, 51, 28, 152, 73, 94, 82, 157, 48, 254, 162, 166, 45, 52, 245, 249, 254, 162, 72, 133, 38, 15, 152, 214, 18, 229, 16, 202, 148, 250,
3, 136, 45, 215, 28, 20, 16, 42, 209, 53, 146, 114, 14, 92, 33, 197, 238, 242, 102, 87, 185, 218, 141, 174, 74, 43, 248, 247, 19, 194, 171, 174, 223, 115, 177, 137, 205, 211, 18, 147,
163, 158, 103, 34, 231, 213, 156, 189, 47, 31, 138, 80, 138, 79, 215, 129, 157, 213, 67, 83, 148, 197, 218, 90, 233, 166, 114, 108, 43, 79, 205, 203, 109, 251, 235, 157, 131, 151, 133, 106,
201, 155, 127, 249, 41, 206, 219, 83, 178, 28, 146, 7, 9, 130, 17, 125, 21, 249, 181, 28, 30, 73, 144, 98, 169, 223, 60, 229, 24, 145, 194, 54, 210, 6, 168, 143, 190, 71, 49, 59,
65, 126, 88, 164, 118, 11, 115, 244, 201, 214, 68, 196, 189, 31, 161, 46, 157, 226, 240, 121, 244, 183, 85, 249, 17, 94, 76, 113, 178, 81, 99, 238, 136, 105, 198, 184, 173, 208, 27, 171,
195, 203, 229, 143, 40, 127, 51, 147, 118, 19, 58, 86, 138, 42, 22, 153, 237, 74, 254, 20, 17, 16, 103, 247, 170, 116, 48, 101, 25, 40, 173, 67, 119, 26, 23, 20, 107, 136, 22, 135,
150, 253, 132, 167, 79, 228, 53, 26, 239, 100, 27, 241, 135, 15, 139, 83, 55, 172, 250, 103, 125, 100, 240, 34, 138, 144, 147, 57, 153, 81, 44, 90, 224, 55, 0, 163, 155, 90, 227, 35,
0, 171, 242, 203, 160, 139, 244, 44, 189, 36, 124, 197, 204, 49, 133, 255, 210, 53, 80, 236, 7, 223, 241, 53, 64, 104, 237, 0, 181, 92, 189, 252, 205, 59, 64, 70, 9, 70, 249, 234,
156, 227, 192, 151, 30, 32, 75, 185, 47, 38, 189, 225, 119, 203, 162, 241, 138, 64, 51, 33, 41, 4, 151, 217, 210, 140, 137, 55, 185, 201, 118, 229, 79, 193, 80, 45, 113, 137, 107, 65,
242, 76, 22, 21, 206, 162, 188, 136, 189, 116, 197, 249, 149, 45, 99, 121, 3, 198, 106, 167, 163, 237, 107, 68, 161, 227, 246, 28, 168, 1, 65, 125, 206, 83, 221, 43, 18, 160, 124, 117,
117, 137, 54, 217, 243, 192, 114, 25, 226, 233, 240, 239, 46, 172, 38, 31, 169, 196, 69, 186, 16, 221, 174, 186, 16, 143, 52, 133, 115, 48, 47, 40, 142, 54, 175, 81, 81, 95, 13, 223,
250, 196, 36, 104, 172, 216, 169, 234, 54, 42, 168, 245, 5, 245, 171, 189, 227, 115, 177, 209, 139, 239, 18, 251, 243, 151, 83, 57, 184, 255, 239, 158, 0, 91, 253, 70, 239, 27, 150, 187,
151, 195, 33, 127, 144, 166, 253, 125, 197, 134, 71, 44, 38, 73, 202, 144, 114, 168, 136, 185, 242, 249, 242, 11, 233, 164, 127, 205, 38, 179, 219, 83, 133, 6, 146, 26, 9, 235, 86, 38,
41, 255, 210, 119, 34, 43, 209, 77, 213, 188, 6, 161, 70, 175, 157, 34, 220, 122, 147, 198, 166, 105, 118, 55, 114, 75, 91, 147, 111, 63, 109, 246, 231, 214, 68, 233, 149, 72, 151, 50,
169, 226, 221, 29, 140, 181, 70, 249, 40, 83, 122, 42, 179, 8, 118, 218, 135, 96, 164, 162, 202, 223, 110, 135, 224, 136, 235, 174, 44, 60, 79, 234, 112, 44, 50, 32, 162, 26, 43, 136,
193, 76, 193, 114, 58, 16, 38, 174, 160, 42, 26, 109, 25, 110, 173, 99, 52, 39, 35, 11, 48, 168, 47, 135, 146, 174, 173, 253, 12, 228, 38, 25, 243, 110, 27, 139, 145, 16, 139, 89,
46, 142, 213, 4, 14, 96, 214, 116, 145, 155, 185, 80, 164, 70, 28, 81, 155, 74, 88, 171, 185, 12, 205, 33, 28, 172, 242, 245, 151, 179, 150, 24, 213, 59, 67, 251, 179, 92, 254, 186,
231, 82, 120, 209, 50, 192, 252, 17, 66, 92, 232, 99, 235, 92, 241, 254, 238, 9, 64, 121, 77, 70, 172, 249, 156, 178, 152, 158, 15, 22, 6, 170, 13, 120, 189, 252, 35, 176, 140, 154,
129, 116, 51, 32, 44, 98, 196, 220, 202, 181, 226, 42, 240, 230, 118, 174, 86, 150, 114, 31, 2, 190, 77, 106, 220, 114, 57, 122, 164, 223, 173, 144, 186, 121, 229, 249, 173, 12, 79, 24,
112, 145, 22, 189, 139, 143, 83, 78, 168, 207, 246, 51, 144, 1, 81, 121, 226, 111, 225, 16, 12, 134, 117, 125, 106, 157, 16, 165, 150, 183, 22, 62, 203, 138, 220, 134, 49, 247, 95, 104,
129, 225, 51, 251, 109, 249, 213, 212, 14, 131, 72, 174, 3, 40, 17, 57, 140, 58, 228, 124, 77, 99, 2, 220, 243, 235, 21, 12, 171, 187, 239, 196, 50, 73, 208, 237, 37, 187, 244, 175,
227, 37, 144, 138, 213, 147, 5, 141, 147, 158, 5, 26, 239, 236, 231, 136, 113, 16, 219, 105, 150, 52, 213, 129, 128, 130, 70, 123, 184, 181, 253, 35, 197, 181, 99, 103, 111, 74, 200, 134,
124, 161, 159, 188, 170, 193, 137, 99, 215, 203, 127, 226, 41, 243, 219, 109, 163, 9, 136, 34, 9, 238, 17, 125, 0, 249, 181, 81, 9, 119, 156, 98, 149, 199, 60, 182, 11, 176, 157, 33,
190, 6, 154, 164, 140, 75, 118, 15, 95, 119, 91, 183, 118, 35, 87, 244, 220, 202, 63, 150, 169, 10, 225, 94, 231, 185, 145, 14, 255, 216, 127, 152, 24, 9, 4, 100, 230, 75, 22, 232,
143, 116, 211, 223, 157, 142, 13, 155, 249, 236, 201, 134, 16, 123, 43, 250, 76, 109, 30, 95, 176, 10, 113, 136, 233, 114, 193, 14, 47, 42, 103, 132, 168, 97, 35, 74, 107, 87, 128, 73,
119, 48, 11, 51, 13, 133, 43, 135, 167, 185, 231, 241, 79, 207, 63, 102, 186, 73, 22, 201, 170, 58, 171, 107, 86, 149, 233, 6, 33, 54, 221, 42, 199, 238, 146, 41, 178, 66, 33, 112,
166, 34, 115, 171, 173, 80, 145, 11, 49, 175, 254, 210, 246, 184, 252, 44, 209, 56, 94, 246, 198, 38, 206, 250, 184, 42, 93, 199, 109, 250, 206, 69, 110, 82, 159, 18, 141, 117, 128, 222,
243, 78, 103, 89, 9, 127, 191, 219, 155, 132, 159, 139, 45, 0, 93, 128, 4, 67, 142, 212, 14, 218, 179, 243, 221, 91, 58, 4, 11, 102, 177, 156, 199, 182, 156, 22, 167, 225, 52, 151,
108, 208, 127, 19, 45, 130, 49, 94, 238, 115, 30, 102, 154, 180, 255, 196, 137, 94, 131, 202, 175, 23, 65, 84, 116, 152, 14, 243, 147, 210, 103, 73, 134, 148, 190, 73, 173, 98, 101, 59,
254, 117, 226, 110, 50, 190, 55, 111, 52, 152, 24, 238, 235, 137, 2, 84, 225, 141, 226, 145, 4, 246, 88, 56, 168, 251, 50, 202, 103, 210, 162, 235, 3, 154, 86, 150, 118, 49, 49, 4,
182, 28, 230, 82, 31, 36, 58, 154, 220, 177, 40, 127, 145, 132, 179, 173, 84, 20, 168, 222, 5, 185, 207, 188, 239, 17, 173, 212, 177, 232, 33, 244, 138, 164, 72, 94, 155, 224, 220, 139,
9, 58, 245, 126, 143, 24, 234, 249, 140, 159, 96, 4, 145, 142, 252, 89, 210, 162, 84, 77, 16, 101, 239, 142, 71, 255, 235, 151, 245, 247, 160, 113, 148, 169, 114, 250, 11, 213, 214, 109,
138, 62, 218, 36, 46, 170, 50, 2, 112, 203, 171, 20, 112, 45, 151, 104, 139, 184, 6, 130, 81, 128, 142, 4, 223, 49, 162, 138, 232, 7, 48, 62, 119, 122, 41, 184, 2, 10, 97, 195,
150, 210, 29, 247, 143, 8, 174, 23, 160, 255, 223, 95, 178, 174, 85, 205, 9, 89, 119, 48, 189, 13, 73, 204, 180, 75, 164, 191, 191, 230, 88, 171, 193, 218, 198, 151, 16, 7, 125, 243,
102, 16, 15, 63, 157, 64, 5, 169, 200, 81, 208, 16, 20, 44, 96, 164, 162, 33, 50, 71, 9, 106, 158, 103, 21, 124, 26, 51, 113, 137, 12, 172, 169, 130, 166, 187, 56, 249, 14, 109,
221, 48, 48, 244, 170, 58, 146, 77, 68, 174, 178, 123, 53, 90, 208, 44, 208, 233, 134, 51, 147, 81, 33, 111, 250, 31, 75, 140, 182, 8, 239, 11, 46, 172, 142, 202, 144, 212, 151, 122,
179, 45, 89, 227, 142, 65, 252, 207, 184, 40, 96, 221, 15, 163, 212, 59, 79, 114, 159, 100, 141, 92, 156, 223, 242, 30, 76, 109, 48, 107, 231, 173, 154, 228, 192, 189, 30, 110, 0, 171,
15, 60, 143, 209, 47, 231, 134, 254, 134, 95, 3, 62, 11, 61, 193, 156, 199, 135, 131, 50, 170, 233, 42, 243, 108, 136, 127, 38, 45, 128, 65, 94, 238, 46, 67, 70, 204, 180, 153, 165,
143, 68, 254, 194, 233, 11, 109, 66, 106, 207, 86, 166, 147, 252, 74, 100, 142, 248, 230, 42, 134, 69, 0, 8, 207, 17, 161, 23, 11, 173, 113, 90, 79, 173, 33, 205, 137, 191, 46, 73,
156, 249, 134, 148, 56, 232, 91, 49, 157, 215, 73, 207, 103, 201, 158, 250, 118, 162, 55, 156, 11, 110, 50, 41, 191, 53, 187, 86, 55, 77, 48, 201, 221, 242, 21, 109, 145, 160, 247, 216,
80, 76, 234, 223, 5, 222, 225, 188, 239, 115, 162, 178, 177, 232, 26, 139, 137, 196, 0, 7, 165, 209, 206, 132, 21, 38, 207, 119, 190, 18, 143, 159, 140, 142, 86, 98, 135, 145, 141, 71,
219, 181, 114, 77, 20, 111, 201, 187, 103, 219, 147, 149, 146, 249, 160, 122, 215, 202, 65, 243, 48, 198, 223, 41, 191, 62, 129, 24, 61, 235, 13, 58, 29, 223, 143, 99, 8, 44, 134, 69,
211, 222, 45, 155, 48, 188, 157, 91, 206, 1, 165, 167, 139, 75, 116, 29, 83, 81, 33, 196, 124, 121, 66, 237, 150, 213, 4, 240, 139, 9, 189, 26, 170, 196, 246, 119, 137, 160, 76, 194,
44, 97, 99, 54, 175, 75, 115, 249, 214, 65, 223, 166, 191, 197, 117, 244, 164, 193, 225, 181, 11, 16, 79, 236, 93, 28, 1, 35, 177, 5, 29, 139, 233, 112, 231, 121, 42, 21, 85, 243,
162, 121, 23, 71, 54, 96, 166, 73, 14, 43, 79, 7, 18, 150, 54, 138, 172, 161, 250, 160, 81, 195, 37, 117, 229, 54, 62, 221, 145, 92, 157, 111, 53, 181, 222, 2, 32, 102, 182, 42,
225, 190, 162, 44, 202, 127, 1, 123, 253, 18, 122, 152, 185, 64, 144, 4, 32, 216, 146, 244, 179, 206, 148, 7, 135, 1, 37, 216, 144, 47, 133, 250, 255, 15, 67, 231, 15, 163, 208, 6,
68, 114, 224, 102, 146, 121, 158, 232, 242, 19, 65, 88, 58, 53, 213, 235, 177, 154, 152, 129, 102, 43, 44, 187, 113, 60, 141, 220, 19, 217, 151, 201, 139, 106, 99, 41, 15, 13, 140, 154,
160, 138, 161, 55, 234, 206, 124, 143, 86, 139, 33, 14, 23, 161, 80, 117, 227, 118, 65, 84, 137, 164, 179, 196, 253, 103, 199, 224, 150, 65, 108, 73, 12, 241, 117, 141, 181, 253, 15, 88,
175, 192, 250, 3, 168, 91, 92, 2, 232, 20, 164, 63, 44, 190, 93, 93, 50, 129, 63, 198, 247, 181, 51, 35, 243, 248, 211, 247, 77, 232, 101, 20, 253, 163, 73, 235, 19, 210, 136, 219,
20, 157, 22, 215, 119, 105, 8, 89, 170, 15, 224, 63, 55, 88, 70, 230, 193, 206, 22, 72, 145, 128, 239, 240, 114, 21, 240, 251, 6, 224, 206, 137, 255, 37, 134, 207, 136, 205, 102, 214,
130, 161, 123, 5, 232, 253, 206, 132, 7, 45, 245, 115, 138, 24, 203, 190, 138, 195, 34, 7, 202, 178, 130, 68, 164, 214, 99, 41, 109, 105, 171, 151, 52, 174, 242, 190, 245, 220, 151, 126,
149, 170, 109, 204, 49, 213, 194, 91, 140, 4, 136, 38, 44, 225, 61, 61, 11, 207, 206, 109, 30, 44, 220, 76, 175, 248, 47, 150, 17, 162, 165, 43, 190, 6, 168, 134, 135, 75, 9, 41,
102, 125, 90, 188, 111, 26, 79, 237, 252, 255, 19, 240, 171, 14, 225, 53, 228, 248, 228, 122, 157, 136, 115, 198, 110, 28, 117, 5, 172, 8, 75, 198, 141, 120, 240, 138, 180, 210, 97, 251,
227, 202, 166, 182, 16, 14, 115, 222, 107, 44, 111, 112, 181, 53, 17, 141, 142, 80, 197, 18, 75, 33, 89, 143, 152, 113, 73, 121, 12, 118, 181, 98, 3, 120, 77, 48, 51, 156, 11, 211,
211, 159, 163, 252, 55, 174, 50, 73, 194, 108, 29, 236, 174, 42, 151, 37, 60, 154, 251, 70, 49, 121, 177, 60, 204, 187, 222, 15, 178, 66, 59, 13, 157, 20, 115, 156, 150, 94, 215, 11,
48, 198, 142, 207, 156, 178, 209, 1, 174, 60, 91, 215, 153, 24, 222, 191, 210, 0, 103, 214, 7, 194, 238, 59, 112, 117, 179, 17, 163, 74, 172, 254, 231, 8, 68, 101, 38, 48, 205, 207,
141, 154, 200, 158, 49, 2, 12, 148, 15, 68, 161, 144, 11, 218, 160, 159, 131, 96, 100, 8, 11, 18, 149, 149, 237, 164, 185, 4, 234, 225, 8, 169, 49, 252, 41, 36, 54, 253, 70, 112,
195, 42, 63, 105, 175, 174, 134, 185, 138, 11, 194, 233, 168, 32, 64, 102, 116, 252, 18, 151, 157, 237, 16, 108, 168, 224, 190, 37, 184, 24, 101, 56, 241, 77, 229, 12, 116, 250, 119, 14,
52, 184, 35, 195, 158, 155, 40, 29, 192, 213, 237, 181, 9, 128, 108, 42, 157, 223, 73, 227, 103, 236, 213, 250, 118, 165, 53, 170, 19, 49, 28, 2, 191, 15, 236, 72, 55, 69, 46, 233,
232, 236, 102, 21, 136, 144, 134, 174, 114, 73, 175, 236, 117, 186, 208, 170, 144, 42, 128, 176, 138, 149, 25, 207, 164, 152, 4, 69, 234, 151, 247, 171, 9, 46, 139, 76, 130, 62, 148, 142,
220, 170, 93, 72, 172, 135, 255, 93, 238, 187, 88, 109, 47, 60, 236, 138, 76, 236, 158, 178, 235, 192, 148, 82, 196, 150, 82, 185, 11, 191, 209, 89, 137, 59, 222, 57, 39, 141, 28, 2,
112, 216, 147, 117, 41, 105, 145, 120, 212, 250, 29, 167, 81, 177, 188, 28, 184, 39, 183, 138, 133, 101, 61, 23, 60, 107, 109, 149, 6, 40, 84, 215, 253, 204, 47, 205, 205, 8, 172, 19,
136, 135, 219, 105, 231, 160, 113, 252, 55, 71, 72, 8, 144, 107, 65, 216, 143, 89, 240, 132, 200, 216, 2, 186, 187, 218, 226, 241, 109, 44, 119, 236, 49, 10, 96, 102, 247, 11, 46, 140,
193, 75, 141, 55, 6, 14, 123, 152, 162, 34, 23, 105, 38, 97, 162, 58, 28, 6, 44, 54, 2, 176, 6, 218, 209, 184, 154, 219, 72, 242, 61, 106, 230, 113, 99, 250, 155, 41, 161, 68,
113, 149, 222, 6, 50, 127, 197, 21, 210, 170, 130, 26, 184, 81, 3, 12, 250, 42, 112, 150, 240, 77, 206, 28, 49, 131, 200, 238, 176, 150, 143, 100, 151, 20, 114, 132, 179, 34, 206, 235,
248, 33, 41, 220, 22, 250, 206, 69, 110, 82, 179, 48, 235, 64, 143, 242, 242, 13, 113, 83, 48, 107, 231, 229, 188, 228, 196, 136, 110, 9, 0, 227, 46, 68, 145, 203, 30, 230, 211, 152,
167, 96, 39, 52, 11, 21, 154, 142, 228, 171, 190, 13, 165, 195, 2, 157, 87, 243, 75, 76, 112, 191, 66, 112, 228, 108, 30, 121, 186, 132, 230, 215, 153, 127, 194, 236, 144, 22, 64, 66,
53, 227, 94, 178, 243, 210, 79, 67, 159, 193, 186, 53, 136, 120, 97, 61, 184, 77, 163, 4, 5, 128, 116, 111, 52, 152, 24, 236, 162, 215, 42, 11, 192, 147, 133, 153, 56, 138, 88, 8,
185, 221, 37, 233, 28, 241, 142, 255, 118, 139, 27, 208, 119, 116, 53, 27, 169, 28, 177, 37, 31, 110, 56, 255, 221, 245, 32, 91, 155, 218, 165, 230, 84, 20, 168, 222, 5, 198, 215, 151,
228, 44, 186, 146, 141, 149, 63, 234, 164, 170, 8, 65, 135, 220, 236, 132, 40, 10, 212, 79, 135, 44, 231, 166, 129, 169, 97, 113, 157, 175, 128, 74, 192, 138, 99, 125, 16, 107, 179, 134,
76, 240, 187, 151, 245, 247, 160, 10, 234, 152, 90, 201, 48, 191, 205, 111, 153, 33, 129, 7, 16, 142, 1, 0, 11, 211, 148, 28, 23, 102, 215, 92, 138, 223, 51, 166, 14, 175, 173, 71,
243, 114, 128, 141, 138, 114, 35, 17, 76, 88, 87, 172, 114, 42, 49, 243, 211, 232, 24, 209, 205, 21, 181, 45, 160, 242, 228, 90, 190, 151, 113, 229, 19, 115, 125, 116, 138, 110, 66, 209,
159, 28, 231, 135, 173, 211, 12, 164, 230, 208, 213, 191, 43, 123, 75, 218, 71, 10, 12, 123, 189, 29, 112, 161, 245, 127, 215, 116, 54, 44, 67, 133, 132, 70, 65, 55, 18, 33, 158, 95,
119, 15, 3, 39, 115, 188, 92, 131, 167, 152, 164, 168, 57, 212, 21, 29, 189, 86, 6, 255, 155, 41, 180, 102, 86, 173, 251, 112, 21, 103, 215, 44, 208, 233, 134, 33, 170, 127, 99, 108,
253, 35, 75, 154, 238, 114, 244, 91, 11, 140, 142, 214, 145, 150, 233, 32, 135, 11, 37, 202, 183, 33, 193, 228, 242, 52, 75, 233, 14, 190, 226, 27, 68, 80, 224, 35, 146, 26, 137, 232,
195, 49, 30, 82, 41, 127, 206, 165, 242, 138, 167, 172, 52, 110, 33, 187, 15, 81, 202, 224, 46, 251, 190, 225, 140, 86, 96, 62, 11, 61, 193, 156, 239, 180, 233, 9, 167, 225, 45, 132,
60, 150, 116, 55, 3, 182, 85, 119, 243, 90, 17, 24, 141, 128, 142, 132, 164, 4, 252, 253, 176, 9, 112, 69, 10, 144, 86, 150, 169, 212, 18, 125, 142, 155, 207, 31, 143, 14, 125, 56,
185, 70, 223, 104, 111, 153, 70, 123, 79, 173, 27, 205, 142, 152, 118, 60, 214, 250, 237, 139, 19, 232, 91, 49, 157, 215, 34, 196, 28, 192, 189, 245, 47, 154, 20, 128, 34, 116, 1, 90,
209, 59, 191, 85, 81, 56, 68, 233, 204, 219, 37, 10, 188, 158, 253, 250, 84, 50, 240, 222, 116, 234, 209, 179, 203, 6, 147, 172, 170, 210, 6, 151, 255, 196, 88, 56, 173, 129, 198, 212,
53, 1, 214, 54, 137, 54, 212, 128, 140, 133, 114, 31, 199, 158, 222, 93, 227, 129, 88, 116, 9, 65, 171, 191, 76, 254, 246, 149, 241, 158, 174, 10, 147, 197, 13, 210, 11, 172, 245, 40,
168, 0, 158, 12, 49, 188, 0, 30, 11, 184, 210, 103, 49, 90, 149, 106, 211, 188, 61, 129, 23, 186, 197, 52, 227, 49, 134, 134, 169, 25, 44, 30, 82, 108, 113, 196, 124, 121, 66, 234,
242, 251, 4, 229, 166, 76, 226, 12, 173, 234, 219, 68, 239, 203, 111, 252, 118, 102, 91, 47, 247, 119, 81, 186, 181, 65, 251, 164, 173, 216, 96, 244, 164, 140, 231, 143, 110, 61, 98, 198,
71, 14, 104, 100, 173, 5, 29, 139, 233, 127, 133, 35, 8, 20, 99, 139, 255, 121, 35, 103, 49, 97, 176, 71, 17, 36, 54, 53, 14, 140, 39, 128, 167, 143, 152, 160, 45, 230, 50, 77,
193, 112, 23, 218, 166, 5, 133, 115, 100, 139, 170, 127, 125, 32, 225, 21, 241, 177, 148, 22, 147, 81, 12, 12, 250, 67, 80, 129, 182, 79, 253, 35, 1, 163, 139, 241, 156, 178, 243, 25,
172, 13, 91, 232, 198, 4, 241, 250, 196, 40, 93, 181, 46, 177, 198, 23, 98, 54, 183, 34, 141, 117, 189, 142, 231, 42, 5, 71, 41, 48, 163, 209, 174, 146, 159, 184, 13, 109, 44, 128,
32, 92, 142, 222, 50, 208, 215, 201, 134, 78, 59, 30, 9, 20, 182, 156, 199, 165, 156, 4, 142, 197, 115, 233, 60, 246, 127, 61, 117, 246, 84, 126, 210, 68, 65, 80, 179, 181, 152, 191,
130, 68, 233, 224, 238, 8, 119, 103, 44, 237, 78, 188, 177, 237, 114, 77, 212, 248, 166, 71, 136, 4, 96, 36, 252, 85, 231, 63, 22, 250, 108, 13, 48, 142, 27, 198, 171, 137, 16, 10,
225, 250, 211, 175, 75, 165, 76, 10, 134, 217, 25, 221, 103, 174, 172, 253, 18, 158, 8, 215, 28, 116, 55, 27, 202, 42, 188, 118, 23, 123, 59, 237, 225, 181, 32, 122, 170, 132, 139, 169,
84, 14, 240, 210, 39, 191, 189, 188, 239, 19, 173, 135, 149, 232, 102, 233, 168, 160, 88, 11, 186, 253, 149, 142, 39, 30, 137, 64, 174, 20, 235, 188, 156, 195, 114, 67, 179, 196, 222, 73,
205, 209, 127, 89, 22, 91, 201, 144, 71, 236, 160, 159, 244, 217, 151, 85, 228, 182, 30, 196, 7, 191, 197, 68, 188, 4, 222, 57, 46, 243, 47, 59, 45, 227, 152, 98, 41, 105, 179, 27,
212, 248, 52, 134, 23, 160, 193, 35, 207, 18, 137, 132, 135, 111, 38, 16, 52, 74, 109, 144, 13, 30, 124, 235, 150, 222, 19, 149, 183, 53, 129, 69, 160, 248, 247, 127, 230, 174, 20, 252,
55, 28, 125, 5, 177, 8, 87, 209, 128, 91, 160, 197, 159, 230, 1, 187, 193, 193, 200, 236, 16, 7, 64, 243, 102, 110, 48, 68, 143, 6, 2, 136, 233, 75, 237, 23, 58, 44, 76, 148,
172, 37, 69, 33, 102, 113, 171, 104, 29, 102, 21, 7, 51, 140, 35, 216, 164, 170, 166, 161, 40, 250, 57, 110, 251, 73, 54, 217, 145, 92, 128, 90, 72, 186, 170, 90, 61, 118, 224, 57,
144, 187, 178, 80, 147, 81, 103, 125, 138, 33, 97, 191, 175, 83, 226, 28, 21, 155, 205, 213, 156, 184, 224, 46, 212, 41, 37, 131, 144, 21, 196, 195, 253, 48, 97, 245, 109, 194, 193, 59,
100, 117, 147, 97, 147, 120, 162, 226, 215, 58, 68, 66, 26, 82, 163, 240, 147, 231, 131, 170, 105, 55, 55, 186, 15, 67, 210, 237, 1, 199, 160, 237, 221, 92, 37, 104, 74, 98, 182, 142,
228, 143, 157, 71, 233, 197, 51, 247, 73, 213, 78, 21, 107, 151, 93, 72, 205, 126, 67, 101, 204, 140, 178, 144, 248, 85, 131, 237, 238, 32, 65, 105, 117, 205, 97, 144, 156, 237, 16, 124,
134, 202, 218, 8, 141, 71, 90, 8, 191, 113, 216, 49, 50, 157, 114, 81, 42, 178, 56, 163, 142, 155, 115, 56, 243, 239, 220, 154, 56, 232, 124, 49, 157, 242, 65, 247, 62, 253, 209, 227,
118, 157, 78, 140, 21, 21, 48, 5, 191, 13, 166, 34, 40, 56, 95, 253, 221, 178, 57, 83, 155, 156, 128, 172, 97, 82, 172, 196, 9, 235, 239, 152, 205, 37, 162, 169, 177, 232, 102, 204,
137, 152, 100, 1, 188, 209, 236, 157, 45, 2, 225, 85, 188, 25, 231, 155, 202, 189, 37, 66, 185, 135, 206, 103, 223, 173, 90, 121, 42, 49, 188, 187, 61, 243, 187, 236, 245, 192, 168, 113,
210, 152, 118, 248, 11, 213, 253, 74, 134, 100, 194, 56, 55, 141, 28, 124, 112, 255, 203, 16, 30, 71, 211, 114, 170, 213, 23, 130, 49, 188, 151, 62, 207, 50, 166, 138, 237, 3, 11, 55,
46, 94, 74, 197, 16, 118, 101, 212, 235, 197, 56, 139, 164, 76, 132, 27, 250, 135, 219, 105, 175, 205, 86, 229, 18, 75, 64, 41, 138, 83, 82, 239, 146, 123, 160, 129, 207, 129, 81, 227,
230, 230, 225, 175, 41, 49, 67, 249, 108, 62, 51, 77, 173, 5, 113, 139, 233, 75, 133, 49, 8, 42, 39, 155, 185, 122, 5, 99, 60, 93, 138, 109, 14, 12, 11, 40, 114, 157, 6, 133,
141, 164, 166, 218, 17, 209, 32, 109, 189, 68, 0, 241, 145, 41, 241, 68, 110, 140, 204, 64, 61, 102, 221, 51, 210, 185, 162, 84, 168, 112, 23, 15, 166, 7, 75, 183, 182, 76, 206, 95,
41, 184, 207, 210, 181, 212, 213, 35, 169, 22, 125, 228, 206, 50, 206, 203, 201, 42, 93, 199, 109, 250, 206, 69, 110, 82, 159, 5, 146, 64, 136, 142, 195, 73, 88, 73, 48, 86, 228, 198,
177, 167, 131, 180, 12, 60, 41, 164, 40, 78, 189, 231, 48, 172, 140, 205, 164, 59, 108, 6, 29, 62, 178, 157, 254, 180, 137, 11, 181, 201, 28, 136, 108, 244, 109, 27, 45, 166, 109, 72,
241, 70, 77, 118, 166, 128, 251, 139, 136, 85, 194, 192, 139, 78, 110, 69, 55, 238, 84, 138, 241, 143, 69, 113, 167, 237, 186, 32, 141, 124, 13, 56, 185, 21, 163, 117, 111, 189, 47, 126,
42, 155, 9, 199, 240, 132, 42, 12, 208, 213, 133, 172, 42, 236, 44, 30, 157, 196, 65, 185, 50, 247, 207, 225, 118, 154, 86, 136, 118, 45, 82, 68, 142, 52, 147, 65, 55, 102, 58, 153,
233, 197, 11, 91, 187, 160, 147, 207, 97, 77, 207, 253, 3, 194, 214, 235, 196, 62, 178, 217, 182, 226, 24, 254, 255, 159, 100, 1, 236, 203, 147, 153, 9, 42, 129, 126, 188, 54, 195, 143,
140, 134, 115, 121, 151, 184, 228, 104, 227, 200, 120, 117, 44, 107, 240, 202, 54, 255, 235, 151, 245, 247, 160, 113, 148, 169, 114, 248, 48, 198, 205, 46, 189, 61, 135, 36, 46, 146, 49, 59,
48, 231, 142, 73, 41, 122, 215, 24, 168, 205, 23, 156, 81, 160, 192, 95, 254, 45, 254, 143, 153, 126, 0, 108, 107, 88, 41, 204, 52, 122, 97, 172, 252, 205, 1, 242, 166, 45, 128, 42,
136, 242, 219, 87, 239, 171, 11, 201, 19, 115, 125, 116, 138, 83, 19, 204, 180, 109, 195, 180, 191, 239, 87, 131, 249, 218, 228, 183, 55, 49, 114, 212, 61, 16, 96, 123, 247, 86, 12, 140,
193, 90, 248, 56, 6, 14, 114, 151, 162, 86, 23, 58, 54, 85, 189, 73, 14, 7, 50, 3, 49, 235, 2, 179, 134, 155, 159, 199, 78, 205, 36, 122, 202, 105, 55, 215, 166, 41, 160, 102,
71, 206, 233, 82, 61, 68, 231, 23, 235, 154, 173, 85, 178, 20, 33, 104, 160, 5, 121, 153, 240, 94, 236, 67, 1, 131, 204, 179, 130, 208, 213, 10, 179, 84, 120, 222, 147, 30, 204, 245,
225, 52, 117, 252, 109, 250, 215, 83, 110, 114, 159, 37, 141, 94, 189, 209, 195, 87, 81, 118, 12, 107, 231, 173, 154, 228, 192, 189, 30, 110, 0, 158, 22, 76, 190, 139, 55, 218, 214, 193,
172, 69, 31, 34, 58, 61, 145, 154, 199, 240, 159, 10, 153, 233, 9, 239, 60, 239, 81, 3, 22, 252, 97, 74, 192, 106, 7, 111, 185, 165, 142, 190, 157, 4, 235, 202, 133, 9, 108, 69,
10, 134, 18, 176, 190, 143, 74, 124, 167, 226, 186, 24, 179, 14, 109, 8, 207, 85, 166, 20, 116, 144, 108, 102, 117, 142, 62, 222, 235, 154, 46, 84, 225, 249, 134, 148, 56, 232, 101, 52,
187, 215, 65, 235, 49, 221, 158, 253, 29, 154, 20, 176, 28, 45, 10, 90, 175, 54, 144, 36, 76, 77, 48, 201, 221, 242, 21, 109, 145, 132, 178, 219, 84, 46, 168, 225, 5, 227, 206, 151,
228, 27, 157, 143, 141, 149, 7, 211, 164, 187, 8, 7, 135, 129, 206, 132, 53, 17, 207, 114, 168, 44, 143, 250, 139, 141, 34, 68, 140, 216, 222, 103, 195, 204, 66, 85, 8, 82, 245, 178,
71, 218, 235, 191, 245, 192, 161, 113, 148, 197, 118, 232, 11, 213, 247, 84, 160, 107, 188, 123, 58, 235, 62, 11, 48, 223, 138, 20, 41, 105, 215, 120, 212, 205, 52, 188, 55, 239, 130, 40,
178, 114, 164, 182, 153, 7, 48, 29, 83, 81, 33, 153, 41, 32, 110, 212, 214, 255, 4, 218, 135, 21, 186, 13, 160, 227, 244, 120, 235, 129, 81, 252, 124, 95, 64, 5, 241, 83, 19, 178,
129, 66, 255, 154, 191, 129, 127, 171, 193, 238, 201, 234, 16, 12, 60, 250, 83, 0, 19, 36, 128, 90, 7, 138, 243, 112, 216, 44, 47, 6, 121, 155, 174, 119, 38, 96, 45, 97, 183, 89,
50, 31, 19, 55, 53, 235, 84, 187, 164, 244, 164, 248, 16, 216, 16, 125, 252, 86, 22, 196, 170, 58, 134, 109, 68, 148, 178, 94, 23, 69, 209, 44, 208, 178, 130, 13, 147, 81, 12, 81,
138, 67, 97, 152, 175, 64, 222, 28, 17, 163, 207, 227, 172, 178, 246, 35, 212, 63, 89, 221, 145, 38, 229, 245, 248, 43, 67, 218, 16, 230, 214, 72, 100, 90, 156, 45, 244, 77, 130, 243,
156, 42, 123, 51, 39, 115, 208, 179, 146, 231, 159, 249, 60, 60, 38, 174, 43, 99, 181, 229, 117, 230, 149, 196, 157, 97, 0, 104, 38, 102, 173, 161, 187, 129, 232, 52, 167, 225, 34, 151,
108, 252, 127, 64, 45, 130, 84, 81, 253, 46, 62, 71, 186, 180, 236, 203, 129, 120, 158, 195, 140, 22, 92, 109, 51, 218, 110, 130, 176, 135, 87, 62, 211, 219, 236, 9, 143, 65, 88, 59,
184, 101, 243, 28, 107, 251, 99, 126, 104, 146, 26, 229, 180, 132, 0, 11, 144, 137, 246, 247, 6, 232, 91, 21, 185, 244, 65, 229, 105, 206, 133, 195, 33, 144, 23, 179, 20, 21, 8, 89,
191, 60, 144, 99, 24, 34, 91, 197, 186, 196, 32, 108, 170, 218, 245, 230, 84, 78, 168, 199, 5, 185, 224, 188, 239, 19, 173, 151, 201, 232, 12, 206, 165, 176, 7, 43, 174, 201, 245, 154,
110, 61, 223, 99, 188, 53, 205, 173, 129, 216, 93, 8, 151, 134, 225, 78, 192, 219, 124, 79, 116, 89, 197, 178, 52, 178, 142, 228, 129, 198, 239, 118, 231, 144, 13, 228, 61, 242, 164, 77,
242, 35, 193, 4, 61, 158, 47, 52, 6, 206, 186, 20, 19, 46, 174, 120, 167, 189, 58, 227, 13, 167, 157, 35, 207, 2, 149, 169, 137, 77, 12, 61, 96, 99, 32, 174, 0, 5, 117, 221,
209, 201, 63, 209, 164, 30, 185, 30, 189, 248, 224, 119, 150, 206, 81, 201, 19, 111, 81, 23, 179, 71, 75, 253, 180, 103, 172, 130, 199, 196, 114, 187, 191, 245, 229, 182, 8, 14, 124, 132,
102, 53, 15, 34, 177, 94, 1, 139, 233, 73, 239, 45, 10, 14, 123, 148, 255, 34, 65, 92, 18, 104, 142, 102, 14, 120, 56, 48, 118, 188, 41, 140, 134, 171, 152, 217, 71, 175, 16, 106,
216, 50, 55, 201, 232, 59, 134, 89, 66, 175, 239, 97, 53, 90, 213, 44, 208, 138, 134, 80, 147, 81, 103, 111, 250, 50, 80, 141, 235, 123, 205, 3, 119, 216, 238, 225, 149, 178, 232, 40,
215, 40, 71, 197, 186, 24, 141, 251, 184, 32, 92, 199, 38, 190, 237, 59, 100, 110, 232, 13, 240, 29, 252, 209, 227, 58, 30, 49, 48, 73, 242, 214, 158, 180, 131, 170, 12, 115, 45, 184,
40, 96, 190, 192, 54, 172, 140, 227, 182, 91, 0, 61, 11, 36, 192, 195, 217, 129, 182, 47, 179, 158, 51, 159, 87, 140, 46, 31, 49, 128, 84, 94, 238, 126, 67, 98, 204, 180, 236, 144,
137, 85, 131, 237, 238, 33, 29, 102, 116, 252, 126, 190, 177, 237, 102, 122, 164, 193, 190, 26, 143, 125, 101, 124, 210, 77, 166, 18, 24, 144, 75, 81, 42, 138, 27, 208, 235, 131, 60, 10,
225, 151, 218, 176, 22, 246, 120, 52, 173, 184, 65, 230, 116, 173, 161, 253, 51, 189, 43, 140, 15, 13, 28, 82, 142, 47, 147, 102, 55, 77, 13, 201, 221, 217, 21, 14, 145, 132, 243, 219,
84, 30, 168, 199, 117, 215, 239, 244, 148, 54, 162, 212, 141, 226, 12, 207, 242, 160, 95, 52, 174, 137, 253, 157, 35, 89, 227, 111, 181, 44, 147, 170, 220, 163, 37, 4, 188, 135, 206, 70,
219, 154, 112, 113, 108, 60, 180, 178, 103, 238, 234, 167, 244, 153, 175, 14, 221, 143, 97, 208, 7, 198, 165, 120, 250, 4, 171, 1, 55, 141, 44, 123, 60, 222, 190, 119, 41, 105, 145, 120,
212, 196, 20, 167, 81, 177, 188, 67, 207, 41, 164, 201, 153, 7, 53, 15, 71, 123, 87, 197, 7, 32, 76, 234, 240, 203, 47, 231, 174, 86, 191, 5, 160, 222, 132, 88, 136, 202, 107, 157,
124, 100, 91, 124, 140, 73, 124, 231, 176, 104, 195, 223, 149, 156, 91, 244, 249, 199, 226, 170, 26, 34, 116, 244, 83, 62, 51, 95, 243, 92, 1, 161, 206, 107, 226, 4, 54, 44, 123, 186,
242, 60, 35, 105, 29, 97, 142, 90, 106, 123, 79, 2, 118, 140, 41, 135, 167, 185, 231, 241, 79, 207, 63, 102, 186, 73, 22, 201, 170, 58, 180, 44, 68, 206, 178, 71, 53, 69, 252, 44,
208, 154, 130, 33, 147, 81, 3, 12, 250, 42, 112, 150, 240, 79, 214, 71, 61, 175, 214, 212, 179, 212, 245, 6, 151, 22, 33, 227, 144, 19, 246, 250, 255, 42, 67, 253, 20, 210, 210, 77,
52, 97, 156, 38, 147, 77, 176, 138, 227, 73, 88, 74, 47, 113, 231, 254, 249, 164, 192, 255, 28, 61, 49, 227, 43, 49, 186, 194, 115, 209, 170, 204, 166, 91, 3, 62, 6, 120, 178, 152,
221, 183, 139, 70, 181, 202, 119, 151, 108, 208, 127, 19, 45, 130, 49, 94, 238, 70, 38, 67, 204, 180, 142, 178, 137, 112, 131, 207, 146, 53, 78, 77, 53, 152, 94, 180, 243, 209, 102, 73,
168, 237, 208, 54, 135, 98, 114, 43, 254, 77, 243, 56, 107, 251, 107, 126, 104, 186, 26, 247, 240, 132, 45, 44, 195, 206, 241, 246, 31, 128, 97, 106, 165, 235, 65, 233, 28, 241, 142, 255,
28, 253, 75, 180, 113, 49, 20, 27, 206, 32, 131, 98, 55, 110, 76, 157, 199, 197, 122, 119, 237, 166, 148, 230, 84, 20, 168, 222, 5, 185, 207, 188, 239, 17, 173, 212, 177, 232, 26, 233,
168, 167, 103, 69, 170, 207, 144, 156, 9, 42, 129, 126, 188, 54, 195, 143, 140, 134, 115, 121, 151, 184, 228, 73, 192, 129, 39, 125, 27, 111, 202, 185, 102, 242, 235, 236, 158, 254, 242, 85,
228, 172, 115, 242, 63, 213, 247, 51, 138, 53, 136, 42, 41, 170, 10, 8, 113, 219, 176, 75, 41, 89, 207, 27, 132, 231, 52, 231, 52, 191, 192, 71, 255, 40, 190, 142, 236, 7, 44, 41,
83, 9, 78, 166, 7, 43, 50, 169, 243, 234, 61, 214, 169, 21, 191, 55, 160, 224, 216, 1, 175, 174, 15, 234, 113, 122, 117, 116, 138, 83, 19, 204, 180, 75, 164, 191, 191, 230, 88, 171,
193, 218, 198, 151, 16, 7, 125, 207, 99, 56, 19, 121, 190, 86, 12, 147, 149, 113, 228, 22, 44, 14, 88, 143, 162, 121, 5, 101, 24, 122, 166, 93, 119, 122, 65, 35, 6, 182, 16, 165,
202, 187, 231, 231, 36, 161, 31, 66, 202, 121, 25, 232, 158, 58, 146, 37, 68, 206, 224, 108, 33, 106, 239, 21, 144, 137, 179, 54, 171, 99, 50, 68, 250, 68, 121, 153, 146, 91, 247, 14,
124, 131, 204, 179, 130, 208, 213, 10, 179, 84, 45, 227, 198, 65, 252, 250, 184, 55, 62, 208, 109, 250, 180, 56, 110, 114, 159, 37, 141, 94, 246, 222, 243, 30, 76, 109, 48, 107, 231, 173,
154, 228, 192, 189, 30, 55, 1, 131, 2, 112, 138, 147, 11, 230, 203, 237, 166, 56, 18, 3, 38, 50, 161, 138, 199, 151, 157, 9, 143, 234, 43, 152, 99, 136, 127, 58, 14, 128, 65, 117,
238, 83, 17, 84, 174, 128, 140, 180, 162, 70, 131, 196, 238, 75, 111, 103, 39, 228, 80, 131, 177, 237, 77, 122, 164, 155, 190, 3, 143, 125, 76, 59, 254, 101, 230, 31, 50, 190, 83, 12,
52, 173, 56, 194, 173, 152, 113, 52, 225, 233, 135, 161, 9, 138, 38, 24, 130, 251, 29, 184, 5, 221, 136, 187, 118, 175, 65, 136, 1, 49, 50, 90, 159, 54, 191, 69, 45, 103, 58, 197,
204, 219, 5, 80, 166, 146, 189, 223, 81, 78, 223, 242, 22, 186, 203, 185, 246, 119, 157, 130, 138, 232, 3, 201, 255, 196, 88, 62, 148, 200, 245, 161, 2, 34, 244, 108, 143, 24, 221, 167,
162, 156, 116, 104, 139, 186, 129, 73, 192, 185, 66, 125, 109, 91, 222, 178, 71, 218, 235, 191, 245, 192, 161, 113, 148, 197, 116, 246, 58, 198, 245, 89, 172, 62, 222, 6, 28, 235, 93, 8,
49, 211, 143, 104, 117, 81, 146, 125, 206, 197, 23, 129, 36, 186, 162, 27, 241, 122, 165, 167, 151, 30, 13, 26, 83, 81, 33, 196, 124, 121, 66, 237, 150, 207, 90, 204, 204, 21, 226, 83,
160, 203, 247, 127, 150, 137, 106, 201, 19, 27, 11, 114, 189, 69, 106, 234, 180, 71, 252, 165, 159, 152, 96, 189, 186, 202, 226, 149, 53, 12, 72, 213, 68, 18, 108, 76, 173, 5, 29, 139,
233, 127, 141, 58, 6, 14, 115, 152, 162, 121, 23, 71, 54, 87, 180, 73, 14, 43, 79, 38, 118, 140, 92, 178, 209, 167, 152, 224, 79, 243, 33, 102, 226, 112, 30, 231, 170, 33, 148, 106,
87, 176, 233, 125, 62, 89, 213, 24, 253, 177, 182, 13, 147, 81, 12, 12, 250, 71, 112, 134, 240, 77, 222, 67, 1, 128, 138, 240, 130, 208, 204, 38, 179, 32, 45, 221, 198, 18, 218, 238,
231, 84, 101, 221, 109, 248, 231, 69, 102, 127, 239, 12, 165, 117, 189, 242, 243, 83, 5, 117, 59, 48, 216, 179, 159, 154, 182, 246, 30, 9, 8, 171, 15, 112, 174, 237, 11, 208, 157, 228,
134, 69, 3, 10, 11, 102, 164, 156, 199, 165, 156, 6, 167, 225, 22, 233, 51, 246, 117, 6, 125, 189, 124, 66, 238, 118, 60, 108, 143, 138, 227, 206, 136, 68, 131, 225, 238, 63, 79, 25,
117, 218, 119, 148, 247, 139, 75, 88, 164, 251, 190, 63, 143, 98, 96, 59, 254, 22, 226, 13, 50, 190, 113, 111, 52, 145, 24, 227, 235, 137, 12, 84, 225, 214, 251, 143, 26, 246, 37, 22,
165, 193, 5, 204, 28, 206, 172, 250, 49, 157, 9, 170, 15, 54, 55, 68, 162, 39, 128, 103, 23, 34, 57, 205, 186, 181, 40, 83, 186, 132, 139, 173, 109, 14, 160, 195, 117, 191, 189, 188,
239, 19, 173, 135, 177, 232, 102, 233, 168, 160, 103, 0, 170, 210, 145, 156, 9, 30, 129, 115, 188, 54, 203, 143, 140, 213, 66, 67, 209, 175, 229, 96, 194, 178, 120, 124, 16, 91, 195, 151,
71, 241, 234, 128, 169, 217, 144, 14, 206, 197, 0, 249, 27, 183, 197, 47, 153, 97, 182, 20, 106, 142, 28, 42, 44, 207, 142, 101, 41, 105, 179, 27, 212, 213, 20, 168, 81, 162, 158, 67,
207, 6, 226, 170, 153, 7, 11, 49, 83, 125, 33, 167, 23, 23, 48, 243, 212, 247, 61, 197, 166, 9, 226, 73, 255, 231, 231, 104, 238, 162, 81, 253, 18, 88, 125, 23, 138, 83, 82, 204,
180, 123, 164, 165, 191, 230, 81, 171, 193, 140, 198, 140, 16, 7, 83, 222, 108, 107, 108, 34, 177, 94, 1, 139, 233, 73, 248, 40, 6, 14, 100, 151, 162, 122, 22, 54, 107, 122, 213, 74,
106, 19, 42, 7, 118, 140, 62, 165, 167, 143, 231, 251, 79, 248, 17, 102, 186, 58, 18, 214, 170, 58, 134, 74, 72, 148, 170, 114, 44, 90, 209, 99, 192, 134, 131, 7, 150, 66, 12, 93,
162, 49, 97, 130, 189, 94, 245, 29, 1, 208, 142, 205, 149, 165, 211, 1, 220, 25, 45, 128, 213, 65, 225, 188, 231, 4, 96, 255, 56, 163, 247, 59, 52, 108, 156, 48, 246, 94, 138, 222,
243, 78, 76, 65, 48, 107, 227, 173, 154, 190, 192, 164, 30, 110, 47, 171, 15, 68, 202, 240, 12, 230, 220, 237, 151, 88, 60, 33, 27, 46, 164, 161, 227, 164, 165, 12, 232, 195, 49, 235,
72, 140, 110, 61, 23, 128, 93, 45, 245, 91, 63, 112, 181, 174, 154, 189, 168, 88, 194, 237, 190, 62, 65, 117, 4, 236, 87, 168, 156, 143, 119, 125, 183, 254, 229, 53, 143, 112, 13, 59,
184, 74, 166, 42, 111, 251, 67, 112, 60, 147, 56, 249, 163, 135, 20, 84, 253, 213, 135, 235, 22, 246, 70, 24, 167, 242, 57, 220, 24, 192, 209, 191, 1, 158, 53, 179, 53, 48, 15, 82,
167, 0, 141, 125, 55, 77, 13, 201, 221, 217, 21, 14, 145, 132, 243, 219, 84, 30, 168, 251, 5, 222, 232, 188, 239, 54, 128, 138, 148, 222, 37, 147, 168, 160, 100, 3, 145, 238, 229, 190,
34, 2, 200, 84, 178, 54, 232, 152, 140, 159, 114, 101, 202, 135, 240, 104, 227, 214, 90, 53, 14, 60, 226, 207, 61, 238, 235, 155, 245, 223, 168, 112, 156, 153, 79, 202, 23, 213, 194, 77,
138, 4, 218, 1, 46, 141, 48, 59, 48, 188, 138, 119, 41, 105, 145, 120, 212, 196, 52, 156, 74, 148, 182, 3, 185, 41, 134, 143, 135, 111, 61, 55, 52, 90, 41, 182, 119, 121, 80, 235,
150, 203, 47, 213, 177, 61, 135, 11, 173, 255, 244, 124, 173, 157, 93, 205, 7, 2, 92, 8, 189, 107, 22, 193, 189, 98, 195, 195, 191, 237, 13, 171, 178, 201, 243, 137, 40, 7, 54, 215,
102, 50, 15, 77, 179, 41, 43, 142, 233, 75, 141, 55, 6, 14, 123, 152, 162, 34, 23, 92, 54, 87, 161, 73, 14, 123, 79, 2, 118, 184, 62, 218, 169, 187, 154, 192, 79, 225, 64, 77,
189, 58, 51, 250, 236, 5, 158, 70, 68, 129, 246, 123, 51, 54, 221, 31, 150, 173, 197, 42, 164, 66, 51, 11, 170, 7, 97, 172, 189, 119, 145, 31, 48, 175, 139, 238, 145, 184, 235, 38,
130, 40, 86, 241, 200, 29, 213, 203, 184, 49, 85, 199, 46, 231, 238, 69, 71, 96, 183, 18, 141, 117, 128, 222, 243, 13, 113, 83, 48, 107, 226, 219, 154, 132, 192, 155, 30, 9, 1, 158,
22, 56, 186, 212, 55, 218, 160, 216, 220, 59, 63, 101, 41, 27, 154, 212, 194, 244, 227, 41, 179, 225, 107, 143, 108, 243, 126, 56, 42, 224, 66, 112, 205, 110, 22, 78, 176, 165, 229, 138,
130, 85, 246, 236, 239, 63, 86, 102, 6, 144, 84, 183, 190, 210, 69, 97, 167, 237, 210, 69, 172, 98, 101, 103, 254, 21, 231, 29, 57, 144, 119, 9, 119, 155, 97, 240, 171, 172, 125, 60,
144, 234, 211, 136, 73, 232, 124, 106, 224, 230, 35, 205, 13, 250, 142, 245, 125, 147, 29, 150, 118, 45, 82, 68, 142, 52, 147, 65, 55, 102, 58, 201, 221, 177, 40, 127, 145, 132, 179, 173,
84, 30, 252, 209, 35, 182, 205, 227, 149, 51, 176, 217, 141, 226, 46, 214, 164, 184, 119, 69, 174, 210, 244, 212, 35, 15, 247, 104, 135, 44, 231, 166, 143, 149, 97, 9, 151, 162, 213, 104,
239, 141, 117, 102, 38, 103, 202, 186, 98, 244, 148, 134, 146, 246, 253, 113, 148, 169, 114, 250, 11, 213, 214, 109, 138, 62, 218, 36, 46, 146, 49, 59, 48, 231, 142, 20, 23, 102, 171, 0,
149, 223, 23, 160, 36, 130, 188, 91, 190, 4, 191, 137, 154, 7, 51, 41, 83, 122, 41, 204, 22, 42, 65, 201, 144, 200, 69, 217, 205, 12, 135, 52, 173, 156, 154, 67, 150, 162, 93, 201,
19, 115, 125, 116, 138, 83, 19, 204, 180, 75, 164, 191, 191, 230, 88, 171, 193, 201, 228, 180, 53, 49, 117, 147, 102, 24, 28, 97, 140, 45, 13, 183, 194, 127, 218, 16, 43, 14, 88, 143,
162, 92, 28, 109, 49, 33, 189, 103, 50, 44, 26, 43, 10, 141, 92, 172, 179, 136, 177, 247, 63, 188, 14, 29, 164, 105, 54, 245, 170, 33, 241, 77, 76, 149, 232, 123, 115, 90, 208, 28,
208, 153, 176, 49, 147, 81, 33, 111, 250, 59, 112, 153, 240, 94, 236, 67, 1, 131, 204, 179, 130, 208, 213, 10, 179, 32, 66, 242, 157, 78, 213, 245, 210, 51, 99, 232, 29, 233, 208, 83,
83, 114, 140, 12, 240, 86, 235, 193, 156, 59, 80, 98, 59, 125, 211, 173, 252, 228, 159, 138, 18, 49, 6, 174, 106, 58, 138, 232, 118, 251, 129, 192, 156, 95, 3, 62, 11, 61, 193, 156,
199, 180, 233, 9, 167, 225, 43, 152, 108, 136, 127, 38, 45, 128, 49, 81, 253, 109, 17, 114, 186, 180, 255, 165, 152, 75, 130, 152, 233, 12, 112, 110, 110, 192, 86, 181, 243, 237, 29, 36,
164, 192, 229, 1, 135, 24, 76, 99, 243, 123, 198, 107, 116, 253, 113, 15, 68, 141, 26, 205, 150, 152, 33, 11, 223, 233, 195, 172, 56, 254, 89, 49, 224, 195, 6, 207, 24, 201, 158, 225,
118, 170, 53, 138, 53, 54, 75, 32, 142, 7, 147, 86, 55, 77, 48, 201, 221, 242, 21, 109, 145, 132, 178, 219, 84, 46, 168, 225, 5, 215, 224, 148, 226, 17, 130, 148, 177, 148, 3, 151,
169, 167, 0, 43, 166, 209, 143, 160, 39, 29, 214, 75, 188, 25, 227, 155, 135, 166, 37, 0, 154, 135, 241, 105, 243, 147, 122, 71, 10, 60, 189, 164, 83, 203, 170, 158, 165, 223, 182, 112,
215, 140, 118, 247, 54, 234, 245, 74, 134, 62, 194, 32, 38, 234, 1, 42, 48, 224, 138, 22, 35, 117, 215, 83, 212, 225, 12, 168, 51, 231, 177, 31, 241, 122, 153, 181, 172, 111, 124, 63,
103, 110, 33, 196, 14, 121, 85, 237, 252, 253, 17, 210, 183, 21, 226, 83, 160, 203, 247, 127, 150, 137, 106, 201, 19, 27, 64, 5, 138, 83, 83, 186, 180, 65, 190, 164, 173, 216, 96, 244,
164, 140, 222, 231, 50, 13, 60, 249, 68, 14, 48, 100, 241, 36, 62, 195, 236, 112, 231, 17, 18, 44, 35, 155, 134, 119, 65, 93, 29, 125, 167, 78, 14, 43, 79, 38, 118, 140, 92, 135,
167, 170, 231, 211, 79, 207, 16, 102, 186, 86, 22, 196, 170, 58, 134, 109, 68, 148, 222, 76, 44, 89, 177, 40, 208, 145, 128, 80, 189, 98, 39, 100, 129, 67, 115, 131, 182, 75, 229, 31,
114, 135, 201, 214, 169, 208, 204, 38, 179, 32, 45, 221, 198, 38, 222, 250, 184, 15, 93, 201, 109, 250, 239, 69, 110, 122, 159, 34, 141, 117, 189, 142, 204, 42, 5, 98, 48, 114, 195, 219,
174, 154, 164, 252, 110, 44, 45, 171, 15, 112, 174, 237, 11, 208, 157, 228, 134, 69, 3, 10, 11, 102, 164, 156, 199, 165, 156, 6, 167, 225, 34, 151, 108, 211, 78, 32, 22, 166, 101, 117,
238, 118, 60, 108, 143, 138, 227, 148, 137, 73, 235, 237, 182, 53, 92, 105, 106, 195, 13, 157, 157, 210, 97, 78, 213, 196, 190, 63, 170, 98, 124, 59, 190, 102, 222, 10, 50, 142, 71, 125,
72, 137, 35, 218, 245, 172, 6, 80, 192, 216, 226, 176, 56, 254, 78, 29, 165, 242, 6, 229, 56, 179, 211, 225, 118, 157, 86, 170, 118, 45, 55, 68, 142, 39, 147, 97, 55, 102, 70, 201,
221, 225, 40, 83, 145, 132, 183, 173, 84, 78, 175, 192, 39, 224, 235, 185, 148, 57, 186, 144, 177, 225, 37, 233, 160, 158, 84, 47, 171, 210, 145, 187, 9, 62, 212, 74, 149, 20, 215, 252,
128, 213, 66, 27, 140, 142, 130, 102, 192, 134, 64, 120, 46, 101, 247, 144, 86, 236, 235, 146, 245, 217, 133, 90, 147, 142, 109, 241, 48, 198, 161, 68, 134, 100, 218, 13, 46, 238, 28, 60,
45, 248, 131, 98, 41, 105, 179, 27, 212, 213, 20, 168, 81, 162, 158, 67, 207, 6, 226, 170, 153, 7, 11, 49, 83, 125, 33, 181, 124, 30, 80, 243, 212, 241, 44, 196, 143, 45, 133, 18,
170, 201, 247, 104, 238, 162, 81, 201, 35, 90, 78, 114, 138, 113, 75, 198, 177, 120, 160, 153, 159, 252, 113, 174, 230, 228, 169, 177, 41, 122, 105, 200, 102, 23, 108, 34, 179, 34, 125, 139,
232, 73, 248, 26, 6, 44, 118, 148, 255, 125, 70, 54, 58, 104, 141, 116, 28, 43, 41, 15, 118, 239, 21, 165, 132, 167, 186, 251, 40, 229, 70, 84, 186, 58, 18, 214, 170, 58, 240, 77,
68, 158, 178, 97, 53, 90, 213, 44, 208, 138, 134, 80, 147, 81, 103, 111, 250, 50, 80, 138, 235, 123, 157, 71, 63, 138, 238, 239, 246, 212, 208, 10, 142, 4, 37, 215, 142, 24, 133, 195,
197, 49, 75, 219, 102, 163, 224, 27, 49, 117, 169, 97, 146, 86, 135, 234, 231, 16, 26, 65, 48, 107, 227, 173, 154, 190, 192, 164, 30, 110, 47, 171, 15, 68, 161, 144, 11, 208, 170, 254,
134, 88, 3, 123, 11, 51, 182, 152, 201, 145, 182, 47, 147, 251, 7, 171, 102, 220, 41, 77, 45, 137, 126, 94, 241, 85, 36, 98, 204, 180, 236, 144, 137, 85, 131, 237, 238, 32, 64, 102,
116, 252, 126, 190, 177, 237, 102, 125, 220, 237, 195, 17, 143, 125, 97, 59, 254, 77, 230, 51, 50, 190, 92, 12, 52, 237, 24, 227, 171, 151, 5, 54, 156, 218, 197, 180, 56, 232, 124, 49,
157, 223, 73, 227, 103, 238, 161, 252, 118, 188, 58, 167, 51, 47, 38, 58, 179, 43, 176, 96, 79, 38, 59, 153, 205, 202, 61, 125, 158, 174, 147, 219, 55, 59, 243, 222, 29, 185, 195, 239,
138, 108, 199, 163, 209, 145, 21, 233, 129, 166, 92, 44, 156, 206, 150, 133, 46, 31, 250, 115, 167, 47, 146, 143, 164, 169, 103, 87, 144, 185, 209, 35, 234, 211, 97, 87, 45, 108, 175, 165,
127, 202, 163, 135, 178, 216, 241, 72, 193, 154, 66, 247, 61, 242, 216, 109, 187, 4, 171, 63, 58, 141, 48, 15, 49, 188, 138, 111, 41, 117, 170, 97, 142, 196, 6, 183, 19, 158, 152, 29,
253, 50, 185, 152, 148, 126, 28, 12, 82, 1, 33, 167, 124, 121, 76, 237, 150, 200, 90, 247, 205, 76, 181, 27, 138, 255, 244, 96, 150, 160, 107, 194, 55, 100, 97, 9, 177, 119, 87, 186,
174, 84, 252, 191, 202, 213, 81, 128, 251, 144, 224, 146, 61, 44, 75, 234, 49, 10, 15, 110, 177, 90, 1, 130, 195, 107, 251, 23, 58, 118, 100, 187, 130, 42, 50, 105, 49, 124, 209, 93,
119, 37, 40, 2, 118, 140, 41, 135, 167, 185, 231, 241, 79, 207, 63, 102, 186, 73, 122, 242, 186, 88, 130, 111, 52, 206, 212, 123, 48, 54, 221, 42, 235, 176, 162, 12, 206, 20, 16, 123,
253, 39, 112, 150, 178, 77, 226, 71, 119, 131, 200, 204, 246, 184, 150, 44, 179, 60, 89, 227, 178, 69, 252, 195, 222, 34, 82, 213, 18, 210, 246, 58, 68, 96, 183, 18, 141, 117, 128, 222,
243, 13, 113, 83, 48, 107, 226, 219, 154, 132, 159, 167, 18, 61, 46, 128, 22, 38, 140, 194, 48, 173, 170, 236, 167, 96, 39, 52, 11, 120, 178, 142, 187, 185, 156, 14, 168, 197, 43, 133,
76, 215, 127, 58, 117, 246, 65, 126, 210, 115, 57, 97, 186, 174, 164, 171, 243, 127, 254, 205, 238, 10, 18, 29, 44, 228, 84, 243, 188, 210, 119, 67, 181, 237, 229, 38, 141, 68, 101, 59,
252, 65, 226, 110, 13, 142, 110, 109, 52, 152, 24, 238, 235, 137, 2, 84, 225, 141, 192, 136, 56, 232, 96, 15, 137, 195, 63, 201, 28, 247, 162, 253, 16, 174, 35, 213, 20, 110, 46, 18,
142, 123, 224, 86, 41, 37, 28, 157, 178, 204, 51, 85, 151, 158, 147, 240, 80, 53, 207, 141, 47, 164, 227, 227, 215, 101, 134, 180, 187, 205, 24, 137, 137, 184, 91, 65, 240, 193, 194, 152,
40, 59, 248, 85, 174, 18, 209, 191, 167, 169, 120, 120, 207, 147, 237, 57, 206, 170, 96, 91, 109, 91, 188, 144, 71, 255, 235, 151, 245, 247, 160, 113, 148, 169, 114, 250, 76, 179, 245, 90,
146, 6, 186, 61, 6, 180, 30, 52, 6, 227, 207, 101, 107, 121, 170, 25, 212, 230, 58, 150, 49, 176, 174, 85, 188, 11, 149, 207, 137, 77, 2, 61, 124, 72, 94, 160, 0, 5, 52, 221,
214, 214, 5, 216, 164, 84, 191, 12, 128, 234, 217, 104, 233, 188, 92, 159, 20, 93, 111, 23, 176, 117, 85, 238, 179, 30, 225, 165, 168, 212, 69, 186, 227, 218, 198, 151, 16, 7, 125, 243,
102, 16, 15, 78, 177, 94, 20, 139, 233, 127, 237, 25, 58, 44, 67, 148, 172, 66, 69, 93, 60, 122, 143, 102, 14, 35, 48, 2, 61, 141, 2, 216, 164, 255, 152, 229, 78, 208, 31, 94,
186, 122, 36, 198, 236, 5, 173, 45, 87, 145, 168, 65, 50, 106, 215, 44, 151, 233, 131, 84, 164, 20, 100, 8, 132, 61, 80, 140, 238, 0, 253, 94, 1, 154, 223, 240, 246, 206, 221, 47,
169, 11, 37, 228, 171, 65, 252, 250, 184, 55, 62, 208, 109, 250, 215, 83, 110, 114, 159, 37, 141, 123, 166, 222, 243, 30, 76, 109, 48, 107, 231, 173, 154, 228, 192, 189, 30, 110, 1, 184,
40, 112, 190, 232, 48, 208, 157, 251, 167, 69, 63, 105, 29, 18, 158, 157, 227, 136, 134, 8, 167, 206, 111, 169, 83, 208, 41, 25, 125, 165, 82, 99, 245, 109, 17, 16, 164, 128, 140, 152,
137, 99, 235, 197, 177, 14, 108, 69, 15, 238, 79, 136, 161, 254, 98, 72, 144, 226, 229, 4, 135, 71, 0, 63, 254, 85, 210, 13, 12, 177, 108, 23, 117, 141, 27, 253, 158, 160, 2, 35,
223, 237, 240, 246, 19, 232, 91, 49, 157, 215, 73, 207, 103, 201, 158, 250, 118, 128, 53, 189, 118, 116, 82, 35, 166, 52, 144, 70, 55, 117, 19, 245, 178, 177, 102, 10, 237, 160, 160, 234,
84, 50, 240, 222, 14, 234, 238, 235, 206, 53, 185, 144, 137, 226, 24, 251, 160, 135, 88, 95, 167, 129, 210, 182, 39, 30, 214, 115, 177, 62, 143, 179, 140, 156, 96, 87, 207, 198, 198, 68,
206, 185, 66, 122, 109, 99, 222, 166, 100, 244, 182, 157, 179, 192, 161, 113, 148, 197, 118, 232, 11, 213, 160, 77, 138, 52, 218, 27, 46, 235, 49, 46, 14, 231, 161, 106, 41, 71, 134, 69,
211, 184, 54, 155, 50, 239, 141, 21, 207, 25, 166, 170, 167, 101, 49, 21, 49, 67, 46, 179, 3, 32, 106, 193, 214, 206, 23, 240, 184, 9, 251, 87, 253, 248, 213, 104, 178, 160, 76, 253,
19, 76, 22, 5, 176, 104, 28, 221, 173, 65, 164, 145, 191, 253, 127, 186, 178, 249, 224, 191, 52, 7, 74, 233, 102, 13, 15, 63, 177, 5, 29, 139, 233, 127, 141, 58, 6, 42, 114, 247,
228, 86, 28, 90, 54, 124, 189, 95, 32, 98, 52, 53, 32, 235, 83, 174, 172, 252, 231, 211, 55, 207, 17, 69, 193, 54, 122, 246, 234, 80, 157, 91, 61, 205, 212, 80, 125, 102, 225, 42,
146, 190, 167, 75, 147, 97, 59, 81, 140, 18, 75, 185, 175, 76, 236, 95, 18, 132, 138, 240, 176, 208, 208, 25, 151, 1, 37, 243, 200, 50, 209, 253, 229, 43, 33, 231, 16, 163, 221, 31,
110, 85, 183, 37, 150, 0, 166, 209, 215, 12, 123, 55, 11, 72, 205, 235, 251, 180, 192, 129, 30, 9, 8, 171, 15, 112, 174, 237, 11, 208, 157, 228, 134, 97, 60, 37, 53, 62, 188, 159,
199, 243, 139, 54, 155, 138, 104, 214, 37, 153, 57, 84, 31, 250, 89, 59, 152, 60, 87, 66, 166, 163, 189, 205, 173, 97, 216, 225, 154, 61, 111, 30, 115, 207, 11, 151, 137, 211, 102, 126,
215, 199, 186, 63, 170, 103, 7, 117, 233, 19, 233, 12, 102, 231, 69, 75, 46, 191, 108, 222, 188, 196, 49, 62, 209, 223, 242, 243, 61, 139, 37, 11, 131, 235, 60, 197, 21, 183, 171, 201,
118, 131, 63, 169, 30, 17, 40, 17, 171, 7, 129, 72, 54, 88, 33, 156, 199, 218, 61, 76, 238, 209, 158, 197, 67, 47, 171, 238, 0, 234, 210, 170, 225, 15, 187, 140, 136, 224, 5, 235,
250, 166, 112, 63, 186, 223, 238, 195, 1, 25, 225, 65, 240, 72, 207, 179, 160, 133, 81, 9, 187, 135, 159, 121, 204, 139, 96, 92, 18, 92, 176, 154, 112, 254, 176, 153, 241, 234, 143, 97,
246, 159, 7, 211, 36, 201, 214, 95, 249, 56, 192, 33, 58, 233, 79, 11, 18, 255, 141, 28, 51, 42, 210, 104, 156, 232, 36, 166, 27, 191, 163, 43, 211, 27, 225, 155, 169, 82, 9, 46,
127, 75, 112, 196, 32, 40, 86, 235, 209, 201, 48, 201, 170, 33, 130, 20, 243, 131, 137, 24, 153, 142, 23, 255, 106, 69, 11, 54, 242, 16, 79, 243, 163, 125, 220, 168, 178, 214, 86, 191,
253, 233, 194, 138, 8, 113, 76, 240, 119, 17, 24, 83, 188, 8, 39, 144, 202, 8, 250, 15, 48, 18, 119, 136, 157, 56, 4, 100, 6, 104, 168, 79, 40, 125, 19, 6, 29, 240, 13, 129,
131, 133, 188, 223, 46, 210, 63, 78, 189, 75, 36, 237, 156, 3, 242, 85, 115, 174, 208, 80, 46, 106, 205, 45, 138, 232, 128, 45, 153, 84, 3, 19, 145, 9, 64, 167, 174, 0, 232, 46,
113, 143, 212, 247, 181, 142, 149, 33, 191, 5, 90, 214, 164, 78, 132, 196, 192, 43, 71, 242, 9, 201, 209, 13, 52, 82, 157, 108, 176, 105, 158, 215, 243, 37, 109, 114, 78, 79, 218, 173,
178, 167, 198, 135, 58, 57, 32, 170, 1, 57, 203, 239, 115, 234, 136, 204, 212, 110, 20, 5, 55, 33, 162, 222, 255, 245, 228, 76, 146, 242, 39, 186, 51, 192, 104, 46, 60, 185, 47, 82,
213, 85, 64, 70, 159, 222, 189, 185, 173, 7, 216, 227, 134, 61, 111, 93, 46, 196, 125, 167, 128, 200, 29, 79, 135, 239, 163, 65, 174, 94, 2, 63, 188, 115, 223, 51, 47, 141, 53, 11,
42, 170, 108, 209, 143, 154, 49, 2, 214, 253, 210, 152, 10, 169, 66, 38, 188, 171, 69, 229, 37, 223, 182, 233, 49, 184, 40, 207, 11, 39, 40, 41, 141, 31, 228, 38, 6, 102, 13, 231,
211, 247, 0, 85, 167, 195, 141, 168, 97, 78, 182, 227, 119, 229, 175, 129, 211, 14, 173, 215, 145, 247, 5, 248, 165, 190, 90, 1, 240, 224, 238, 163, 29, 14, 246, 75, 246, 42, 199, 152,
179, 130, 96, 90, 203, 216, 214, 71, 197, 146, 107, 115, 48, 125, 234, 205, 73, 241, 176, 231, 149, 150, 144, 77, 156, 179, 76, 180, 28, 207, 248, 100, 178, 0, 152, 61, 12, 142, 10, 6,
2, 238, 140, 28, 18, 108, 131, 111, 191, 228, 101, 160, 55, 155, 163, 0, 255, 32, 229, 166, 183, 79, 47, 40, 85, 0, 82, 129, 46, 96, 64, 222, 150, 200, 51, 143, 177, 10, 130, 56,
243, 242, 137, 118, 151, 180, 64, 255, 117, 104, 11, 114, 253, 6, 114, 192, 143, 21, 161, 128, 176, 197, 82, 254, 187, 250, 198, 233, 38, 15, 80, 212, 52, 12, 20, 69, 129, 61, 117, 161,
233, 12, 209, 14, 44, 31, 71, 166, 129, 82, 68, 109, 58, 66, 143, 123, 42, 60, 19, 9, 50, 149, 80, 130, 169, 171, 225, 221, 27, 162, 49, 127, 223, 96, 99, 237, 133, 38, 134, 95,
55, 146, 168, 91, 33, 69, 181, 98, 196, 145, 128, 50, 202, 118, 21, 91, 224, 38, 64, 187, 142, 79, 209, 58, 54, 217, 244, 213, 183, 146, 227, 30, 135, 4, 44, 130, 176, 30, 255, 216,
222, 43, 87, 255, 29, 250, 224, 78, 77, 94, 150, 51, 180, 99, 239, 232, 215, 6, 90, 107, 7, 95, 229, 217, 157, 165, 163, 141, 25, 0, 11, 170, 63, 57, 149, 205, 32, 174, 212, 198,
212, 102, 20, 102, 53, 48, 190, 161, 211, 247, 158, 49, 145, 253, 39, 235, 107, 138, 108, 64, 118, 155, 115, 104, 203, 107, 71, 117, 144, 190, 190, 215, 174, 97, 128, 252, 187, 52, 79, 72,
6, 207, 104, 160, 131, 232, 94, 69, 159, 237, 230, 40, 169, 109, 66, 5, 179, 109, 210, 21, 46, 157, 110, 81, 110, 170, 23, 222, 243, 167, 39, 43, 234, 216, 251, 173, 53, 172, 91, 54,
253, 213, 62, 199, 62, 241, 220, 185, 12, 157, 12, 144, 55, 102, 34, 37, 163, 45, 189, 115, 6, 70, 57, 206, 229, 218, 32, 70, 238, 195, 148, 248, 61, 19, 192, 240, 60, 228, 211, 129,
225, 108, 187, 140, 201, 224, 5, 219, 250, 188, 112, 63, 179, 223, 238, 134, 48, 3, 211, 125, 181, 80, 199, 160, 147, 152, 96, 1, 174, 135, 248, 106, 198, 155, 105, 87, 57, 67, 237, 185,
99, 208, 186, 164, 240, 203, 148, 74, 228, 148, 7, 235, 78, 221, 164, 107, 248, 53, 144, 20, 39, 147, 19, 40, 6, 241, 140, 118, 18, 78, 165, 124, 206, 195, 36, 133, 42, 160, 129, 89,
248, 16, 188, 136, 170, 99, 23, 20, 72, 67, 106, 130, 28, 22, 71, 250, 244, 230, 94, 212, 146, 87, 133, 41, 254, 131, 193, 24, 144, 190, 78, 149, 46, 64, 18, 29, 180, 6, 70, 238,
177, 30, 167, 129, 204, 210, 98, 174, 242, 206, 223, 178, 44, 121, 85, 139, 52, 42, 24, 34, 160, 8, 14, 180, 150, 72, 253, 57, 51, 1, 102, 143, 242, 69, 25, 100, 58, 110, 168, 121,
9, 62, 15, 45, 38, 155, 3, 221, 159, 254, 188, 223, 59, 210, 63, 30, 189, 101, 99, 237, 146, 4, 134, 105, 55, 152, 168, 108, 15, 69, 181, 41, 150, 171, 132, 50, 199, 104, 21, 104,
164, 60, 70, 215, 134, 124, 151, 29, 117, 186, 243, 253, 169, 139, 157, 18, 164, 37, 58, 196, 171, 21, 134, 201, 242, 54, 69, 253, 18, 229, 210, 56, 61, 88, 225, 5, 190, 89, 247, 242,
233, 37, 7, 114, 52, 62, 255, 215, 141, 130, 156, 148, 42, 18, 50, 181, 125, 90, 156, 200, 53, 180, 140, 222, 220, 116, 20, 1, 27, 32, 181, 195, 254, 176, 180, 77, 232, 223, 7, 168,
108, 233, 124, 6, 1, 246, 108, 82, 145, 100, 62, 105, 209, 139, 147, 197, 170, 107, 216, 227, 234, 61, 111, 118, 22, 202, 11, 151, 158, 241, 102, 72, 215, 205, 163, 70, 187, 118, 2, 0,
252, 75, 228, 12, 107, 153, 69, 91, 46, 140, 40, 193, 149, 152, 49, 45, 214, 140, 216, 182, 77, 148, 71, 108, 255, 251, 62, 251, 19, 161, 162, 213, 47, 189, 11, 160, 45, 50, 62, 9,
162, 4, 145, 95, 75, 70, 51, 212, 210, 205, 41, 70, 158, 169, 143, 207, 61, 54, 245, 248, 28, 215, 213, 137, 156, 26, 187, 140, 137, 150, 5, 209, 250, 153, 112, 88, 148, 223, 238, 161,
29, 93, 246, 75, 138, 42, 199, 156, 140, 168, 94, 117, 132, 132, 248, 94, 200, 137, 105, 120, 50, 76, 198, 185, 70, 208, 144, 155, 143, 234, 246, 75, 192, 165, 7, 237, 58, 235, 245, 127,
164, 120, 134, 22, 59, 146, 85, 25, 2, 243, 140, 118, 6, 110, 165, 70, 206, 230, 36, 154, 43, 160, 129, 2, 188, 13, 155, 166, 152, 107, 5, 104, 100, 86, 47, 156, 40, 41, 126, 220,
253, 236, 29, 139, 182, 61, 237, 17, 166, 255, 210, 118, 238, 142, 80, 192, 35, 92, 114, 125, 134, 92, 79, 237, 208, 90, 198, 158, 142, 211, 31, 150, 207, 210, 223, 143, 57, 18, 126, 140,
119, 46, 10, 112, 252, 7, 41, 136, 225, 93, 193, 115, 49, 33, 92, 189, 162, 96, 41, 88, 62, 112, 133, 103, 39, 31, 15, 5, 35, 157, 22, 173, 171, 245, 187, 224, 6, 210, 16, 31,
202, 44, 6, 228, 171, 38, 134, 107, 55, 193, 168, 91, 40, 69, 181, 63, 230, 164, 128, 50, 168, 118, 21, 107, 224, 0, 4, 187, 151, 95, 209, 29, 39, 191, 129, 183, 150, 206, 197, 5,
181, 14, 79, 155, 159, 92, 192, 233, 255, 18, 102, 253, 5, 201, 210, 68, 61, 74, 225, 98, 140, 89, 247, 239, 138, 50, 7, 114, 21, 44, 206, 222, 189, 227, 184, 191, 109, 61, 50, 174,
60, 100, 183, 200, 55, 174, 181, 156, 212, 67, 7, 102, 59, 32, 190, 169, 248, 143, 227, 26, 237, 234, 34, 187, 108, 243, 43, 65, 113, 182, 101, 99, 157, 107, 62, 71, 145, 163, 158, 177,
143, 127, 135, 251, 181, 61, 111, 25, 55, 158, 11, 160, 135, 207, 94, 63, 181, 239, 161, 51, 187, 68, 80, 52, 248, 75, 244, 29, 106, 251, 99, 73, 54, 148, 35, 228, 240, 154, 45, 76,
230, 253, 216, 182, 41, 247, 37, 5, 138, 235, 94, 251, 53, 183, 160, 201, 29, 253, 17, 169, 38, 103, 38, 47, 213, 5, 146, 116, 55, 37, 13, 193, 197, 231, 98, 76, 238, 185, 175, 201,
117, 44, 220, 254, 29, 238, 220, 149, 241, 109, 163, 147, 151, 136, 21, 207, 249, 182, 101, 57, 240, 151, 226, 195, 18, 16, 246, 81, 168, 72, 244, 189, 211, 170, 35, 83, 145, 149, 204, 93,
238, 150, 32, 84, 14, 114, 224, 196, 92, 182, 188, 153, 241, 193, 143, 105, 225, 200, 83, 184, 79, 192, 225, 108, 158, 61, 153, 37, 18, 177, 28, 31, 41, 252, 181, 74, 49, 101, 156, 31,
138, 217, 1, 133, 20, 161, 157, 58, 248, 115, 188, 136, 236, 123, 117, 29, 68, 67, 54, 146, 2, 96, 64, 180, 242, 165, 4, 237, 186, 62, 130, 50, 191, 196, 240, 76, 138, 202, 110, 254,
39, 107, 93, 117, 242, 16, 114, 243, 150, 86, 204, 169, 201, 225, 92, 164, 249, 219, 211, 175, 11, 113, 98, 204, 93, 19, 8, 32, 163, 2, 14, 177, 142, 117, 130, 57, 9, 2, 45, 235,
142, 106, 8, 119, 107, 97, 133, 103, 125, 51, 41, 54, 41, 155, 2, 129, 169, 250, 160, 223, 46, 210, 63, 78, 189, 65, 99, 237, 231, 4, 134, 122, 55, 186, 168, 101, 33, 86, 201, 63,
202, 158, 128, 51, 202, 20, 98, 110, 248, 57, 72, 167, 173, 0, 221, 30, 117, 142, 212, 209, 178, 146, 247, 10, 134, 25, 89, 251, 191, 1, 135, 193, 251, 14, 35, 247, 55, 229, 178, 31,
73, 116, 147, 5, 145, 28, 134, 137, 225, 43, 7, 114, 21, 62, 255, 255, 141, 165, 184, 148, 38, 61, 50, 150, 11, 94, 188, 240, 34, 197, 156, 204, 211, 63, 6, 52, 29, 26, 154, 154,
192, 247, 153, 76, 146, 231, 42, 149, 108, 214, 93, 6, 29, 160, 118, 35, 212, 84, 2, 97, 173, 183, 134, 186, 188, 7, 248, 227, 148, 51, 125, 116, 45, 222, 105, 163, 128, 144, 102, 113,
135, 239, 251, 30, 132, 118, 98, 25, 236, 74, 218, 51, 49, 153, 94, 107, 72, 174, 42, 209, 135, 160, 61, 42, 202, 244, 211, 182, 11, 150, 37, 12, 177, 163, 39, 239, 39, 223, 133, 191,
18, 241, 10, 207, 53, 30, 54, 83, 136, 14, 153, 38, 54, 122, 71, 216, 249, 176, 62, 83, 235, 219, 156, 179, 118, 74, 172, 227, 14, 217, 238, 185, 220, 47, 187, 148, 136, 213, 28, 242,
254, 190, 115, 13, 233, 246, 197, 223, 106, 4, 206, 124, 166, 42, 199, 152, 179, 130, 96, 90, 203, 135, 248, 123, 179, 148, 105, 87, 47, 75, 214, 149, 50, 255, 237, 155, 241, 229, 156, 125,
193, 206, 120, 201, 17, 178, 198, 116, 184, 17, 192, 42, 39, 233, 10, 117, 39, 205, 189, 16, 113, 72, 183, 124, 214, 190, 55, 160, 74, 161, 129, 26, 237, 16, 157, 205, 136, 24, 7, 5,
86, 65, 80, 186, 119, 11, 61, 222, 150, 200, 51, 143, 177, 10, 130, 56, 243, 242, 137, 127, 165, 142, 23, 255, 114, 81, 104, 14, 149, 81, 126, 195, 150, 84, 161, 166, 182, 130, 120, 181,
179, 240, 226, 178, 44, 120, 65, 203, 84, 35, 50, 76, 173, 95, 55, 182, 210, 75, 154, 5, 19, 51, 89, 170, 162, 122, 11, 88, 26, 97, 212, 123, 42, 58, 78, 37, 30, 165, 14, 166,
145, 188, 225, 221, 59, 194, 32, 118, 216, 103, 99, 134, 133, 36, 247, 95, 55, 146, 168, 91, 33, 69, 181, 98, 230, 180, 128, 50, 202, 118, 21, 81, 178, 70, 84, 139, 149, 118, 145, 38,
3, 190, 243, 225, 239, 149, 241, 40, 164, 22, 120, 214, 148, 16, 131, 218, 217, 50, 68, 175, 28, 193, 212, 44, 75, 42, 232, 29, 160, 119, 190, 212, 199, 6, 100, 74, 72, 52, 162, 233,
162, 145, 158, 187, 27, 29, 79, 186, 31, 106, 145, 243, 51, 213, 177, 231, 212, 102, 126, 102, 46, 0, 149, 135, 221, 246, 158, 49, 145, 253, 39, 136, 83, 146, 108, 30, 29, 191, 72, 88,
157, 100, 36, 77, 137, 191, 237, 133, 173, 7, 231, 203, 151, 19, 116, 66, 124, 197, 12, 146, 176, 142, 104, 59, 150, 246, 211, 54, 184, 118, 98, 25, 198, 23, 228, 23, 107, 191, 103, 90,
74, 161, 42, 228, 170, 171, 39, 45, 242, 248, 226, 165, 51, 138, 37, 14, 255, 228, 35, 246, 107, 175, 161, 223, 29, 190, 33, 163, 22, 19, 85, 8, 169, 126, 163, 117, 75, 83, 45, 216,
230, 247, 34, 80, 140, 222, 139, 179, 107, 15, 208, 238, 61, 234, 210, 129, 225, 108, 187, 140, 201, 224, 5, 219, 165, 131, 124, 11, 180, 244, 247, 149, 48, 88, 241, 125, 181, 15, 234, 224,
170, 190, 96, 106, 132, 216, 228, 75, 249, 170, 117, 89, 11, 114, 224, 180, 92, 211, 188, 179, 128, 252, 150, 98, 208, 177, 7, 176, 48, 201, 253, 47, 134, 62, 162, 20, 37, 185, 46, 29,
28, 189, 156, 73, 125, 90, 213, 95, 138, 234, 96, 180, 46, 174, 186, 61, 205, 21, 132, 186, 185, 123, 23, 20, 70, 72, 42, 190, 40, 124, 106, 247, 252, 244, 26, 227, 199, 4, 190, 42,
167, 229, 247, 108, 158, 191, 23, 216, 60, 126, 76, 114, 134, 120, 110, 200, 212, 92, 195, 197, 156, 225, 110, 154, 242, 206, 166, 144, 108, 121, 51, 139, 107, 29, 20, 125, 166, 22, 37, 130,
226, 69, 242, 5, 49, 115, 85, 187, 175, 69, 24, 100, 106, 104, 168, 123, 125, 62, 1, 45, 43, 155, 13, 218, 131, 158, 188, 233, 72, 198, 28, 99, 222, 51, 26, 252, 233, 46, 246, 109,
103, 152, 208, 108, 40, 78, 246, 41, 212, 147, 187, 33, 155, 127, 35, 89, 175, 6, 64, 163, 188, 79, 151, 9, 34, 141, 137, 225, 148, 144, 208, 30, 173, 20, 114, 197, 184, 16, 131, 202,
233, 37, 68, 175, 116, 218, 183, 22, 92, 79, 158, 5, 190, 66, 247, 233, 247, 40, 122, 114, 52, 76, 255, 197, 254, 226, 195, 157, 19, 61, 50, 189, 1, 90, 183, 200, 50, 216, 181, 252,
212, 89, 20, 1, 26, 120, 162, 182, 199, 172, 167, 59, 184, 155, 44, 235, 111, 140, 65, 69, 32, 185, 72, 108, 253, 75, 49, 75, 166, 175, 179, 202, 130, 81, 227, 199, 154, 73, 111, 26,
17, 202, 119, 175, 166, 241, 86, 72, 156, 238, 195, 31, 155, 79, 5, 26, 252, 19, 248, 44, 6, 153, 69, 91, 46, 140, 40, 193, 149, 152, 49, 45, 214, 140, 216, 182, 38, 158, 36, 104,
155, 199, 35, 232, 53, 219, 145, 181, 18, 130, 65, 207, 49, 107, 50, 35, 169, 124, 179, 38, 56, 103, 71, 203, 209, 211, 30, 100, 233, 159, 170, 216, 64, 48, 235, 205, 116, 185, 210, 162,
234, 38, 135, 140, 137, 150, 5, 209, 250, 153, 112, 88, 148, 223, 238, 161, 29, 93, 246, 65, 128, 75, 194, 167, 212, 180, 96, 73, 132, 131, 132, 78, 217, 145, 96, 40, 42, 75, 178, 201,
112, 208, 138, 155, 157, 153, 148, 124, 239, 172, 126, 227, 48, 197, 251, 94, 178, 29, 187, 1, 58, 141, 9, 127, 42, 218, 204, 109, 13, 119, 213, 70, 191, 202, 98, 154, 43, 144, 129, 14,
220, 123, 183, 203, 135, 112, 45, 49, 49, 9, 54, 164, 37, 96, 112, 253, 204, 198, 51, 143, 150, 10, 130, 48, 243, 222, 137, 127, 181, 142, 23, 192, 9, 126, 76, 43, 167, 86, 106, 179,
160, 104, 186, 159, 136, 241, 5, 163, 227, 226, 252, 172, 59, 121, 113, 207, 110, 51, 0, 37, 247, 91, 125, 203, 151, 127, 197, 120, 71, 127, 119, 149, 157, 73, 4, 63, 15, 104, 168, 106,
8, 49, 1, 45, 34, 143, 80, 164, 210, 245, 236, 249, 39, 243, 32, 30, 201, 115, 20, 138, 185, 95, 243, 76, 74, 150, 244, 110, 62, 102, 210, 49, 195, 164, 132, 50, 140, 118, 19, 120,
164, 60, 101, 187, 167, 65, 224, 61, 51, 171, 236, 253, 176, 182, 211, 3, 164, 27, 58, 214, 182, 88, 240, 230, 254, 84, 87, 177, 46, 201, 210, 48, 82, 91, 186, 109, 165, 86, 157, 235,
243, 10, 98, 110, 53, 112, 213, 168, 158, 139, 179, 191, 7, 18, 50, 150, 110, 69, 173, 220, 111, 237, 140, 239, 191, 72, 99, 6, 72, 38, 154, 180, 242, 243, 167, 49, 237, 251, 39, 236,
60, 203, 93, 65, 45, 255, 99, 85, 228, 101, 31, 97, 141, 160, 166, 142, 153, 94, 195, 225, 154, 22, 111, 93, 0, 153, 104, 167, 181, 197, 75, 127, 160, 149, 254, 1, 173, 103, 2, 26,
209, 103, 223, 23, 110, 185, 47, 11, 46, 148, 22, 194, 188, 152, 1, 61, 205, 136, 239, 136, 74, 182, 37, 5, 138, 235, 94, 251, 53, 183, 160, 201, 118, 157, 63, 203, 11, 50, 7, 59,
169, 31, 173, 72, 54, 91, 24, 193, 179, 239, 53, 21, 233, 190, 162, 244, 67, 8, 205, 222, 42, 246, 177, 151, 150, 4, 197, 162, 134, 150, 16, 251, 160, 158, 104, 95, 185, 140, 157, 152,
119, 8, 201, 60, 136, 21, 220, 137, 141, 182, 98, 105, 137, 148, 195, 124, 210, 183, 80, 75, 19, 125, 209, 172, 96, 219, 128, 153, 128, 156, 140, 127, 199, 155, 111, 232, 46, 235, 165, 95,
155, 107, 131, 57, 43, 174, 0, 32, 35, 243, 186, 96, 107, 110, 139, 88, 209, 251, 55, 138, 9, 173, 142, 22, 227, 1, 134, 180, 181, 121, 117, 29, 68, 67, 54, 146, 2, 96, 64, 170,
208, 212, 51, 143, 138, 52, 150, 44, 133, 244, 242, 65, 153, 137, 97, 203, 39, 24, 105, 111, 235, 124, 18, 192, 129, 86, 231, 129, 169, 253, 98, 181, 239, 229, 223, 178, 40, 121, 85, 209,
52, 51, 24, 34, 143, 8, 14, 182, 253, 117, 194, 115, 44, 45, 32, 152, 242, 113, 63, 119, 29, 85, 136, 111, 117, 29, 12, 84, 39, 168, 7, 146, 136, 167, 188, 214, 60, 210, 12, 78,
186, 104, 31, 138, 141, 94, 247, 122, 55, 186, 168, 108, 32, 69, 181, 14, 226, 166, 128, 50, 188, 86, 21, 81, 224, 25, 64, 164, 142, 116, 193, 58, 34, 209, 254, 242, 247, 144, 229, 10,
134, 26, 89, 198, 170, 17, 129, 198, 209, 21, 68, 196, 56, 207, 210, 72, 73, 41, 180, 45, 149, 29, 246, 140, 235, 8, 12, 43, 45, 81, 242, 164, 132, 225, 167, 152, 46, 13, 50, 162,
125, 57, 141, 243, 116, 180, 161, 253, 143, 67, 20, 1, 18, 48, 190, 149, 220, 138, 158, 49, 166, 231, 39, 149, 83, 227, 108, 69, 20, 224, 103, 112, 255, 74, 3, 77, 191, 141, 224, 150,
251, 10, 243, 227, 179, 22, 111, 25, 38, 206, 118, 150, 244, 148, 28, 91, 170, 213, 244, 42, 157, 114, 126, 29, 220, 66, 210, 102, 26, 138, 60, 75, 118, 129, 108, 241, 141, 152, 1, 78,
211, 236, 133, 185, 41, 147, 121, 12, 170, 254, 23, 232, 23, 220, 160, 202, 48, 166, 21, 135, 30, 30, 50, 83, 221, 31, 237, 38, 54, 97, 71, 248, 164, 205, 99, 76, 180, 195, 158, 222,
115, 73, 171, 197, 118, 234, 210, 185, 220, 49, 187, 140, 141, 150, 5, 139, 250, 128, 112, 39, 233, 244, 229, 223, 10, 11, 202, 54, 142, 41, 203, 255, 220, 213, 77, 84, 184, 159, 227, 72,
255, 154, 89, 77, 16, 127, 201, 177, 75, 233, 171, 140, 129, 150, 183, 87, 244, 154, 7, 211, 51, 235, 214, 105, 249, 50, 192, 22, 20, 146, 85, 6, 2, 254, 140, 118, 45, 105, 137, 71,
168, 190, 48, 154, 4, 176, 129, 6, 200, 2, 231, 136, 170, 93, 116, 36, 100, 120, 45, 140, 111, 41, 54, 202, 212, 205, 15, 195, 179, 10, 130, 56, 243, 242, 137, 127, 165, 142, 23, 229,
9, 112, 11, 54, 142, 6, 79, 192, 163, 125, 246, 166, 206, 227, 98, 166, 227, 240, 163, 149, 41, 61, 65, 235, 52, 10, 24, 113, 245, 87, 107, 161, 195, 127, 225, 24, 39, 50, 125, 148,
161, 74, 63, 124, 58, 85, 131, 121, 8, 4, 1, 7, 52, 149, 41, 155, 166, 171, 179, 221, 59, 239, 36, 67, 224, 66, 19, 252, 175, 28, 146, 45, 103, 146, 168, 91, 33, 69, 181, 98,
230, 180, 128, 50, 202, 118, 21, 91, 224, 38, 64, 187, 142, 80, 244, 54, 51, 218, 243, 225, 183, 172, 237, 10, 182, 22, 92, 226, 144, 88, 208, 189, 220, 6, 64, 217, 55, 235, 192, 43,
98, 75, 225, 14, 146, 94, 129, 220, 199, 77, 101, 43, 81, 68, 162, 215, 175, 169, 131, 136, 51, 17, 50, 254, 60, 72, 183, 200, 51, 174, 181, 198, 212, 102, 20, 102, 53, 48, 190, 161,
211, 247, 158, 76, 156, 157, 38, 184, 64, 244, 86, 65, 5, 191, 47, 88, 230, 102, 4, 67, 201, 163, 178, 150, 172, 93, 136, 157, 134, 41, 75, 107, 44, 200, 125, 158, 172, 211, 102, 109,
215, 239, 164, 40, 154, 125, 5, 25, 204, 89, 228, 12, 29, 185, 69, 81, 46, 140, 108, 194, 161, 192, 47, 18, 209, 230, 141, 152, 13, 149, 37, 16, 255, 251, 60, 197, 52, 194, 211, 229,
118, 132, 63, 213, 10, 103, 85, 0, 221, 126, 254, 34, 75, 112, 1, 212, 227, 238, 99, 7, 188, 141, 175, 208, 107, 15, 202, 218, 52, 196, 198, 136, 233, 108, 187, 140, 201, 224, 5, 219,
250, 188, 112, 63, 179, 223, 238, 149, 18, 32, 246, 75, 189, 12, 246, 166, 143, 175, 97, 102, 147, 186, 196, 97, 211, 168, 105, 120, 28, 88, 210, 138, 104, 200, 224, 189, 190, 221, 177, 108,
221, 138, 0, 194, 24, 180, 205, 76, 184, 120, 167, 60, 17, 160, 85, 40, 6, 241, 140, 118, 18, 78, 165, 124, 206, 195, 36, 133, 42, 160, 129, 89, 248, 16, 188, 204, 184, 109, 9, 23,
102, 72, 76, 183, 20, 8, 55, 254, 209, 239, 51, 246, 204, 38, 149, 68, 243, 230, 137, 65, 143, 183, 82, 226, 106, 2, 76, 30, 167, 87, 110, 194, 179, 78, 220, 191, 143, 142, 98, 190,
164, 206, 249, 149, 53, 50, 85, 139, 52, 42, 24, 34, 160, 8, 14, 180, 253, 91, 250, 15, 76, 45, 122, 236, 224, 91, 24, 100, 106, 104, 168, 123, 125, 62, 1, 45, 43, 155, 45, 166,
166, 158, 134, 214, 43, 249, 50, 105, 221, 52, 38, 253, 175, 3, 242, 105, 85, 186, 236, 119, 119, 122, 193, 108, 236, 166, 197, 47, 188, 105, 21, 68, 169, 28, 68, 197, 143, 95, 213, 35,
1, 185, 150, 209, 140, 142, 149, 18, 164, 20, 58, 197, 148, 88, 240, 201, 211, 51, 107, 196, 61, 238, 211, 56, 61, 88, 225, 5, 190, 89, 247, 242, 233, 37, 7, 114, 52, 62, 255, 201,
162, 134, 152, 161, 104, 1, 22, 181, 22, 89, 188, 236, 11, 253, 156, 223, 140, 78, 99, 8, 23, 120, 134, 161, 252, 181, 227, 58, 239, 216, 112, 136, 52, 224, 109, 34, 1, 252, 116, 94,
234, 116, 13, 105, 142, 172, 189, 149, 173, 84, 216, 227, 234, 61, 111, 118, 36, 192, 10, 134, 131, 200, 103, 104, 151, 249, 164, 31, 155, 125, 5, 117, 200, 75, 228, 12, 29, 141, 67, 12,
107, 178, 10, 193, 149, 152, 49, 45, 214, 140, 216, 182, 77, 134, 85, 14, 155, 194, 1, 229, 25, 232, 214, 163, 40, 240, 13, 220, 39, 9, 50, 35, 169, 33, 175, 36, 52, 99, 13, 203,
209, 251, 26, 21, 149, 223, 239, 216, 117, 19, 242, 229, 0, 223, 206, 148, 202, 106, 128, 215, 206, 158, 127, 219, 157, 129, 104, 1, 158, 200, 247, 161, 118, 80, 225, 54, 162, 5, 144, 156,
129, 142, 122, 73, 159, 131, 221, 124, 236, 179, 123, 124, 8, 76, 237, 150, 99, 208, 176, 155, 148, 234, 143, 97, 193, 181, 64, 180, 25, 178, 247, 127, 242, 9, 135, 61, 45, 182, 55, 9,
53, 243, 136, 118, 112, 112, 169, 98, 214, 223, 59, 146, 52, 160, 177, 2, 195, 14, 171, 205, 175, 107, 23, 15, 49, 73, 42, 140, 5, 34, 54, 209, 212, 211, 61, 194, 150, 48, 130, 46,
243, 228, 137, 75, 173, 129, 78, 212, 11, 65, 114, 117, 169, 125, 15, 200, 143, 67, 195, 163, 209, 210, 98, 150, 207, 147, 223, 178, 104, 15, 85, 209, 48, 47, 19, 33, 190, 13, 117, 190,
231, 82, 194, 115, 15, 55, 93, 247, 161, 116, 48, 126, 23, 66, 165, 106, 2, 0, 1, 55, 48, 151, 35, 173, 178, 167, 178, 255, 11, 239, 27, 89, 255, 122, 99, 237, 239, 38, 134, 88,
74, 202, 247, 98, 48, 119, 243, 63, 230, 164, 128, 50, 142, 93, 7, 104, 187, 43, 84, 138, 143, 73, 198, 29, 42, 221, 245, 225, 147, 156, 201, 18, 167, 29, 79, 209, 181, 52, 227, 220,
230, 11, 105, 217, 108, 190, 246, 30, 75, 91, 155, 109, 134, 98, 168, 236, 220, 87, 0, 43, 53, 112, 206, 222, 142, 164, 154, 171, 16, 57, 2, 174, 118, 124, 183, 240, 43, 243, 140, 199,
163, 62, 101, 57, 27, 19, 153, 169, 221, 241, 167, 59, 240, 204, 61, 134, 48, 252, 43, 30, 33, 185, 47, 79, 195, 123, 64, 70, 164, 215, 135, 166, 243, 91, 226, 232, 138, 22, 98, 105,
19, 158, 78, 135, 180, 212, 18, 103, 147, 245, 220, 20, 132, 82, 125, 103, 164, 68, 224, 28, 21, 231, 61, 68, 103, 182, 44, 191, 148, 136, 53, 52, 225, 236, 154, 149, 10, 131, 93, 4,
131, 218, 22, 251, 46, 255, 220, 244, 3, 163, 42, 220, 33, 8, 50, 36, 172, 41, 166, 71, 41, 88, 95, 246, 216, 201, 50, 76, 238, 141, 175, 216, 109, 15, 248, 240, 119, 249, 194, 145,
144, 108, 134, 170, 138, 237, 2, 206, 142, 128, 104, 35, 185, 140, 157, 152, 119, 33, 150, 47, 130, 46, 239, 129, 172, 218, 108, 115, 151, 129, 219, 121, 229, 148, 107, 117, 109, 112, 206, 147,
112, 208, 179, 146, 252, 156, 183, 127, 203, 154, 111, 248, 4, 235, 162, 68, 156, 55, 192, 57, 43, 243, 33, 20, 115, 241, 191, 107, 111, 40, 136, 115, 142, 195, 27, 153, 54, 177, 129, 22,
227, 19, 134, 185, 236, 69, 1, 43, 124, 78, 33, 130, 19, 46, 60, 234, 195, 168, 51, 212, 136, 53, 146, 47, 165, 216, 198, 101, 136, 172, 99, 212, 113, 103, 78, 60, 150, 94, 111, 187,
141, 99, 166, 129, 169, 211, 31, 160, 164, 243, 162, 178, 11, 2, 66, 218, 84, 28, 62, 89, 167, 38, 32, 189, 198, 90, 255, 18, 38, 42, 108, 189, 243, 34, 51, 58, 58, 33, 140, 120,
19, 62, 28, 45, 125, 148, 55, 223, 202, 133, 188, 194, 26, 216, 31, 72, 200, 100, 62, 218, 230, 48, 190, 75, 85, 152, 208, 119, 44, 105, 193, 1, 246, 235, 163, 50, 157, 104, 2, 81,
160, 5, 26, 164, 142, 90, 236, 30, 11, 179, 240, 177, 247, 204, 148, 32, 136, 33, 114, 251, 174, 88, 194, 238, 196, 47, 90, 200, 42, 253, 239, 72, 99, 108, 182, 39, 160, 95, 176, 206,
230, 63, 66, 112, 60, 86, 194, 251, 174, 163, 192, 255, 44, 18, 15, 253, 50, 77, 138, 209, 10, 199, 180, 200, 220, 110, 108, 35, 54, 32, 192, 217, 255, 187, 134, 56, 172, 202, 42, 186,
46, 205, 112, 91, 29, 187, 70, 88, 199, 127, 13, 22, 182, 190, 184, 164, 152, 102, 200, 236, 170, 43, 103, 123, 35, 223, 22, 166, 134, 140, 108, 56, 176, 159, 218, 64, 170, 125, 125, 40,
179, 119, 235, 44, 26, 158, 73, 11, 54, 175, 49, 193, 172, 158, 8, 15, 220, 198, 209, 142, 74, 166, 39, 37, 190, 215, 4, 165, 19, 223, 130, 200, 113, 134, 51, 203, 50, 15, 50, 91,
131, 24, 128, 127, 4, 91, 16, 192, 209, 179, 99, 109, 155, 135, 130, 172, 124, 31, 225, 250, 46, 214, 253, 182, 227, 14, 196, 166, 144, 203, 123, 139, 129, 156, 112, 95, 154, 239, 204, 169,
118, 38, 211, 125, 139, 70, 199, 185, 150, 166, 119, 70, 177, 131, 225, 104, 231, 129, 127, 89, 53, 123, 202, 181, 112, 203, 138, 155, 160, 197, 172, 87, 212, 207, 64, 237, 81, 208, 238, 80,
155, 16, 189, 13, 26, 159, 33, 29, 41, 243, 138, 86, 28, 104, 183, 71, 149, 190, 48, 233, 39, 166, 150, 94, 236, 10, 157, 155, 170, 100, 41, 20, 85, 113, 126, 173, 28, 100, 75, 202,
253, 204, 2, 231, 143, 43, 189, 56, 136, 227, 137, 27, 158, 183, 115, 199, 49, 83, 112, 23, 161, 105, 74, 241, 129, 120, 161, 223, 173, 134, 120, 148, 220, 225, 232, 150, 7, 12, 114, 139,
83, 43, 43, 77, 174, 33, 54, 188, 210, 74, 196, 23, 48, 108, 66, 148, 165, 37, 0, 63, 59, 104, 128, 127, 119, 126, 63, 37, 30, 154, 93, 133, 173, 164, 135, 224, 26, 198, 17, 67,
194, 105, 100, 247, 240, 80, 142, 51, 118, 131, 207, 110, 17, 95, 234, 26, 149, 175, 140, 13, 132, 119, 63, 127, 184, 70, 126, 187, 153, 95, 209, 90, 110, 170, 254, 183, 239, 156, 211, 96,
159, 8, 62, 219, 207, 16, 192, 252, 188, 90, 102, 177, 39, 194, 246, 44, 87, 127, 186, 38, 160, 71, 150, 220, 212, 52, 70, 43, 52, 93, 206, 204, 175, 189, 154, 150, 55, 25, 13, 164,
110, 90, 140, 240, 35, 206, 162, 226, 206, 93, 18, 50, 42, 63, 135, 195, 248, 185, 164, 43, 145, 158, 61, 136, 83, 146, 108, 30, 20, 253, 77, 88, 246, 77, 15, 77, 189, 208, 147, 185,
251, 90, 221, 235, 158, 45, 108, 66, 15, 232, 114, 141, 150, 250, 101, 106, 150, 131, 163, 71, 200, 89, 103, 9, 233, 118, 213, 19, 23, 251, 86, 90, 54, 239, 35, 228, 142, 192, 115, 11,
235, 140, 141, 182, 76, 131, 93, 104, 138, 224, 27, 185, 23, 179, 180, 203, 51, 190, 3, 220, 22, 103, 7, 34, 169, 103, 237, 85, 56, 77, 70, 155, 192, 236, 99, 76, 180, 209, 175, 255,
67, 15, 208, 238, 33, 223, 246, 141, 209, 58, 161, 180, 186, 151, 53, 239, 254, 192, 82, 54, 148, 251, 148, 163, 6, 43, 142, 85, 149, 39, 238, 170, 140, 156, 32, 9, 167, 173, 230, 106,
204, 170, 105, 127, 13, 77, 178, 169, 100, 172, 176, 153, 157, 234, 143, 74, 246, 176, 7, 211, 21, 180, 247, 87, 132, 52, 129, 101, 37, 153, 48, 63, 18, 217, 141, 101, 45, 123, 163, 28,
214, 250, 34, 161, 58, 153, 135, 57, 253, 1, 224, 204, 179, 28, 47, 18, 71, 110, 54, 189, 29, 63, 112, 168, 146, 211, 1, 153, 143, 29, 131, 68, 243, 224, 137, 24, 151, 142, 23, 248,
106, 126, 111, 114, 167, 73, 101, 194, 212, 95, 248, 169, 177, 214, 93, 139, 250, 237, 228, 137, 116, 27, 66, 208, 60, 3, 33, 59, 241, 95, 42, 190, 213, 12, 215, 114, 81, 41, 115, 232,
161, 42, 11, 106, 53, 95, 168, 88, 9, 33, 21, 15, 61, 232, 22, 168, 144, 158, 188, 223, 59, 243, 45, 106, 222, 64, 24, 138, 189, 6, 240, 89, 119, 147, 202, 81, 60, 69, 205, 112,
138, 187, 132, 34, 180, 8, 109, 68, 169, 28, 68, 197, 143, 95, 213, 35, 1, 185, 150, 209, 176, 187, 237, 15, 172, 37, 120, 220, 154, 6, 194, 190, 196, 0, 90, 200, 108, 253, 239, 37,
99, 73, 182, 39, 143, 95, 176, 221, 230, 29, 66, 112, 23, 86, 194, 203, 147, 146, 152, 160, 55, 109, 21, 136, 41, 75, 205, 213, 1, 197, 143, 252, 206, 74, 38, 30, 49, 63, 158, 129,
219, 182, 144, 46, 147, 231, 117, 176, 83, 207, 90, 37, 48, 166, 52, 48, 230, 125, 22, 85, 173, 163, 229, 180, 250, 64, 216, 224, 179, 52, 79, 99, 2, 229, 81, 160, 169, 197, 92, 120,
181, 148, 252, 38, 143, 79, 103, 60, 237, 84, 210, 110, 52, 128, 70, 90, 103, 178, 40, 197, 149, 136, 44, 25, 232, 230, 216, 166, 58, 244, 112, 26, 134, 228, 73, 248, 11, 206, 220, 250,
115, 254, 32, 144, 50, 61, 34, 91, 139, 31, 178, 91, 42, 101, 57, 253, 202, 199, 19, 76, 156, 209, 235, 228, 109, 8, 178, 248, 28, 224, 213, 188, 145, 31, 193, 140, 137, 232, 38, 212,
251, 128, 103, 37, 144, 219, 225, 132, 38, 14, 192, 86, 156, 16, 222, 165, 161, 130, 102, 4, 136, 192, 248, 97, 237, 137, 123, 121, 56, 76, 206, 179, 65, 235, 144, 165, 190, 206, 174, 2,
243, 205, 95, 211, 16, 201, 213, 106, 156, 26, 149, 41, 8, 149, 11, 5, 125, 177, 186, 116, 34, 47, 174, 120, 138, 217, 55, 233, 75, 152, 195, 93, 179, 53, 188, 152, 145, 109, 32, 105,
72, 65, 33, 223, 17, 25, 60, 195, 246, 200, 44, 212, 141, 21, 146, 50, 165, 242, 214, 77, 167, 138, 105, 222, 43, 121, 123, 54, 239, 16, 16, 218, 178, 102, 221, 152, 177, 239, 114, 131,
205, 240, 215, 148, 46, 29, 118, 248, 113, 12, 58, 69, 168, 3, 32, 148, 193, 110, 241, 18, 6, 1, 110, 185, 143, 37, 6, 87, 59, 73, 147, 117, 13, 33, 29, 49, 117, 233, 13, 179,
166, 156, 188, 222, 8, 162, 63, 25, 219, 68, 98, 221, 168, 91, 173, 87, 72, 161, 207, 0, 13, 106, 215, 63, 157, 149, 132, 34, 200, 30, 109, 119, 169, 17, 68, 152, 134, 95, 213, 21,
60, 162, 150, 209, 172, 180, 237, 35, 172, 11, 120, 249, 146, 6, 194, 253, 227, 5, 90, 200, 7, 216, 239, 61, 99, 82, 182, 19, 168, 95, 176, 204, 226, 68, 66, 112, 74, 118, 194, 241,
174, 252, 192, 154, 45, 108, 38, 162, 31, 68, 174, 147, 55, 213, 207, 243, 138, 99, 39, 54, 36, 13, 158, 162, 178, 140, 139, 53, 181, 224, 16, 174, 66, 213, 122, 63, 2, 191, 47, 108,
230, 43, 49, 66, 205, 164, 134, 149, 252, 85, 133, 225, 135, 20, 102, 100, 19, 231, 88, 182, 161, 254, 22, 125, 175, 229, 219, 4, 176, 113, 77, 120, 229, 87, 199, 4, 41, 177, 69, 68,
106, 170, 14, 172, 151, 163, 33, 78, 194, 215, 242, 182, 46, 128, 65, 45, 130, 210, 57, 255, 41, 247, 143, 244, 43, 153, 16, 165, 54, 61, 32, 29, 141, 13, 186, 65, 6, 79, 3, 206,
197, 208, 1, 8, 186, 190, 242, 215, 118, 1, 192, 128, 51, 230, 236, 144, 236, 25, 156, 150, 154, 233, 25, 237, 249, 184, 112, 29, 142, 223, 214, 142, 28, 91, 210, 110, 172, 29, 199, 129,
209, 131, 86, 70, 206, 158, 140, 39, 200, 165, 114, 90, 54, 97, 253, 205, 104, 241, 171, 182, 173, 202, 179, 15, 198, 186, 76, 194, 81, 234, 221, 119, 228, 61, 187, 120, 25, 158, 53, 22,
117, 252, 183, 101, 20, 42, 143, 27, 206, 217, 32, 133, 43, 174, 176, 54, 250, 4, 233, 182, 137, 25, 14, 14, 71, 85, 83, 183, 32, 40, 107, 180, 200, 240, 17, 145, 150, 37, 178, 56,
133, 240, 154, 99, 236, 129, 83, 238, 39, 83, 114, 42, 131, 120, 21, 254, 160, 72, 220, 154, 138, 210, 90, 160, 249, 233, 198, 233, 8, 58, 54, 219, 119, 13, 12, 123, 151, 95, 18, 146,
150, 93, 225, 57, 70, 1, 66, 180, 140, 60, 2, 107, 15, 66, 150, 64, 4, 2, 61, 84, 7, 169, 6, 143, 213, 154, 167, 163, 46, 210, 50, 78, 193, 73, 9, 217, 178, 45, 141, 117,
119, 182, 178, 123, 21, 95, 201, 110, 142, 143, 144, 33, 174, 81, 32, 91, 187, 1, 66, 156, 233, 76, 220, 62, 18, 144, 250, 253, 183, 168, 146, 25, 159, 59, 45, 196, 182, 92, 209, 198,
238, 16, 36, 217, 17, 197, 205, 68, 87, 87, 174, 12, 170, 98, 138, 234, 209, 56, 64, 47, 29, 99, 165, 179, 165, 165, 184, 148, 38, 109, 45, 163, 9, 100, 205, 240, 49, 173, 142, 232,
163, 122, 7, 7, 6, 24, 194, 154, 252, 139, 167, 20, 189, 222, 34, 189, 108, 202, 81, 77, 115, 157, 98, 112, 199, 69, 49, 115, 173, 210, 166, 186, 191, 10, 210, 199, 190, 25, 22, 31,
36, 254, 72, 240, 150, 241, 18, 95, 148, 148, 210, 51, 159, 6, 2, 25, 220, 98, 213, 31, 47, 178, 87, 104, 103, 131, 8, 193, 190, 171, 119, 42, 253, 217, 243, 182, 11, 148, 37, 20,
138, 228, 94, 232, 23, 232, 166, 201, 114, 133, 44, 190, 9, 52, 62, 2, 183, 9, 229, 121, 46, 117, 70, 155, 185, 176, 9, 21, 235, 176, 140, 206, 80, 33, 219, 129, 107, 201, 189, 240,
220, 49, 134, 140, 143, 158, 102, 248, 157, 171, 71, 88, 187, 223, 238, 163, 29, 14, 246, 75, 246, 21, 209, 130, 212, 136, 91, 5, 151, 149, 213, 104, 217, 129, 69, 127, 24, 75, 246, 177,
82, 233, 224, 145, 145, 221, 240, 110, 148, 196, 6, 231, 15, 207, 220, 102, 132, 63, 199, 22, 15, 189, 85, 26, 110, 185, 178, 119, 46, 69, 210, 109, 147, 255, 36, 154, 6, 160, 129, 42,
252, 2, 188, 169, 156, 107, 23, 8, 102, 83, 105, 195, 43, 57, 49, 206, 151, 204, 15, 231, 135, 85, 182, 20, 153, 227, 193, 119, 179, 162, 82, 237, 117, 31, 64, 37, 170, 125, 21, 241,
140, 103, 215, 223, 172, 221, 93, 189, 254, 232, 223, 164, 16, 112, 65, 200, 117, 50, 24, 69, 161, 8, 14, 188, 210, 74, 196, 56, 44, 31, 118, 148, 164, 71, 24, 67, 53, 110, 168, 96,
53, 27, 76, 2, 9, 140, 55, 137, 221, 187, 134, 254, 47, 249, 50, 29, 191, 87, 38, 253, 176, 80, 242, 79, 115, 149, 208, 13, 2, 106, 205, 52, 233, 142, 132, 34, 173, 30, 109, 95,
169, 1, 68, 152, 234, 95, 213, 67, 60, 173, 150, 209, 139, 180, 237, 115, 172, 88, 94, 211, 203, 6, 240, 184, 216, 55, 91, 166, 60, 240, 225, 57, 61, 116, 174, 51, 131, 98, 150, 201,
203, 52, 82, 109, 7, 111, 255, 232, 254, 130, 131, 130, 7, 43, 34, 188, 28, 100, 136, 238, 11, 173, 150, 220, 213, 122, 26, 102, 38, 99, 184, 162, 197, 145, 254, 16, 154, 231, 5, 229,
104, 143, 90, 26, 29, 151, 96, 112, 233, 40, 13, 106, 152, 176, 147, 153, 135, 80, 242, 225, 148, 61, 17, 3, 55, 195, 104, 151, 170, 241, 126, 125, 177, 199, 208, 25, 169, 122, 13, 5,
179, 121, 210, 21, 61, 153, 98, 15, 53, 150, 59, 210, 147, 149, 50, 43, 224, 215, 251, 147, 85, 134, 81, 41, 131, 233, 62, 186, 61, 161, 171, 196, 63, 252, 11, 160, 8, 50, 80, 26,
162, 5, 145, 93, 10, 125, 91, 230, 193, 230, 11, 90, 244, 199, 146, 205, 82, 21, 205, 225, 29, 246, 192, 129, 208, 100, 161, 174, 169, 148, 5, 218, 162, 191, 86, 24, 151, 222, 148, 137,
49, 34, 220, 114, 137, 21, 220, 155, 169, 218, 97, 105, 141, 206, 220, 66, 195, 139, 117, 75, 112, 99, 241, 133, 70, 227, 176, 134, 148, 202, 172, 8, 228, 211, 97, 211, 19, 201, 230, 43,
186, 42, 147, 33, 108, 149, 54, 31, 44, 254, 186, 111, 8, 110, 173, 108, 213, 205, 55, 138, 13, 173, 188, 13, 227, 46, 134, 179, 142, 24, 112, 53, 106, 109, 106, 144, 112, 96, 125, 175,
220, 240, 35, 197, 132, 36, 177, 78, 242, 152, 245, 123, 144, 190, 80, 149, 46, 111, 99, 61, 131, 77, 82, 224, 180, 97, 195, 182, 204, 210, 2, 154, 251, 211, 162, 149, 47, 24, 93, 203,
97, 110, 11, 34, 147, 91, 22, 169, 237, 78, 154, 107, 46, 8, 127, 184, 130, 123, 73, 54, 103, 113, 137, 99, 2, 42, 59, 1, 47, 179, 42, 218, 131, 149, 191, 187, 48, 164, 33, 20,
217, 74, 122, 239, 151, 38, 165, 55, 82, 183, 253, 102, 43, 66, 198, 55, 231, 179, 128, 44, 180, 105, 98, 122, 189, 28, 70, 164, 167, 79, 209, 42, 50, 168, 212, 242, 147, 207, 156, 18,
142, 42, 89, 199, 203, 32, 227, 201, 231, 23, 90, 234, 40, 229, 210, 50, 65, 41, 172, 7, 246, 105, 181, 238, 213, 30, 30, 108, 41, 40, 194, 170, 159, 225, 165, 189, 39, 17, 7, 138,
45, 90, 138, 209, 118, 199, 180, 224, 220, 126, 108, 35, 56, 32, 192, 186, 255, 171, 134, 56, 168, 202, 42, 169, 51, 221, 104, 46, 17, 185, 47, 119, 213, 78, 64, 70, 179, 180, 135, 158,
243, 68, 226, 192, 142, 22, 98, 29, 113, 253, 78, 135, 171, 135, 18, 88, 147, 192, 220, 73, 143, 79, 67, 11, 230, 76, 218, 110, 62, 186, 69, 23, 64, 159, 26, 229, 247, 141, 47, 16,
227, 255, 236, 132, 27, 130, 82, 51, 135, 194, 0, 201, 108, 239, 166, 239, 50, 129, 50, 203, 115, 62, 79, 62, 145, 27, 187, 98, 23, 88, 35, 255, 249, 198, 62, 83, 137, 176, 156, 248,
117, 47, 170, 240, 47, 229, 236, 236, 192, 36, 180, 138, 182, 145, 108, 211, 147, 198, 112, 41, 167, 223, 230, 135, 53, 61, 241, 125, 252, 57, 214, 159, 149, 212, 89, 116, 170, 197, 242, 35,
223, 183, 93, 89, 37, 127, 207, 165, 81, 216, 189, 132, 163, 195, 240, 89, 203, 180, 7, 235, 24, 214, 167, 119, 178, 97, 188, 56, 14, 188, 85, 7, 112, 221, 155, 71, 116, 121, 180, 68,
220, 244, 100, 146, 38, 147, 194, 37, 202, 58, 129, 136, 237, 108, 117, 63, 86, 1, 82, 140, 12, 120, 84, 170, 211, 206, 51, 152, 183, 95, 159, 53, 255, 202, 213, 121, 176, 180, 118, 223,
17, 88, 123, 37, 188, 6, 114, 232, 180, 91, 163, 163, 199, 254, 87, 162, 227, 226, 161, 234, 10, 121, 83, 207, 110, 51, 0, 94, 131, 91, 39, 176, 231, 85, 198, 5, 15, 31, 44, 143,
129, 80, 19, 33, 30, 85, 137, 103, 31, 37, 8, 55, 115, 134, 45, 179, 164, 167, 180, 255, 46, 198, 70, 116, 224, 110, 40, 237, 178, 80, 134, 88, 42, 148, 216, 115, 47, 125, 243, 35,
242, 148, 199, 13, 180, 111, 7, 75, 142, 28, 75, 171, 165, 118, 252, 61, 118, 220, 234, 220, 243, 180, 199, 46, 134, 84, 79, 136, 174, 0, 250, 224, 220, 91, 105, 217, 109, 201, 239, 68,
70, 74, 140, 29, 134, 96, 138, 226, 142, 36, 109, 74, 58, 113, 191, 222, 158, 224, 200, 150, 46, 25, 6, 150, 52, 124, 143, 226, 118, 202, 128, 229, 179, 64, 52, 18, 75, 53, 149, 223,
204, 142, 167, 76, 240, 157, 13, 143, 119, 252, 108, 16, 45, 173, 102, 76, 235, 75, 56, 66, 205, 148, 226, 211, 156, 67, 223, 202, 153, 43, 22, 30, 8, 203, 97, 163, 166, 197, 103, 124,
150, 154, 193, 33, 173, 94, 70, 60, 160, 116, 164, 51, 105, 227, 70, 114, 117, 149, 22, 221, 240, 135, 10, 78, 194, 196, 133, 165, 46, 132, 121, 107, 137, 167, 52, 249, 106, 233, 151, 191,
118, 162, 20, 203, 11, 50, 50, 47, 213, 52, 134, 65, 73, 127, 13, 193, 187, 251, 0, 8, 137, 220, 130, 235, 108, 28, 248, 226, 10, 218, 226, 233, 209, 109, 157, 148, 135, 235, 62, 202,
254, 181, 123, 91, 181, 218, 149, 220, 6, 42, 252, 54, 244, 84, 203, 252, 208, 181, 34, 95, 175, 216, 211, 121, 204, 177, 36, 87, 47, 77, 203, 146, 98, 161, 246, 237, 174, 202, 161, 105,
238, 200, 64, 184, 28, 181, 214, 78, 178, 41, 199, 120, 61, 160, 85, 117, 6, 225, 140, 118, 112, 78, 165, 76, 212, 196, 35, 227, 26, 153, 142, 2, 185, 4, 158, 155, 244, 28, 54, 14,
100, 96, 80, 183, 45, 32, 92, 176, 237, 215, 44, 139, 150, 4, 178, 9, 251, 213, 129, 24, 142, 136, 23, 238, 42, 28, 74, 42, 166, 123, 79, 243, 163, 125, 220, 129, 176, 210, 98, 254,
238, 233, 198, 233, 8, 58, 54, 219, 119, 13, 12, 123, 151, 95, 18, 146, 150, 93, 225, 57, 70, 1, 66, 180, 140, 60, 2, 107, 15, 66, 150, 64, 4, 2, 19, 9, 7, 171, 13, 154,
166, 248, 187, 244, 54, 251, 71, 94, 189, 90, 24, 237, 231, 4, 134, 122, 55, 186, 168, 108, 32, 62, 203, 63, 202, 149, 187, 88, 167, 84, 6, 78, 187, 58, 126, 184, 186, 116, 234, 54,
40, 164, 137, 225, 181, 136, 245, 8, 142, 25, 122, 200, 191, 48, 132, 226, 228, 32, 94, 217, 13, 196, 175, 63, 87, 126, 225, 39, 129, 94, 178, 195, 242, 20, 6, 82, 6, 62, 255, 255,
141, 162, 179, 152, 61, 9, 51, 163, 49, 81, 189, 150, 5, 232, 158, 226, 140, 67, 108, 35, 54, 32, 192, 217, 255, 187, 134, 56, 172, 202, 42, 186, 51, 192, 104, 46, 60, 185, 47, 82,
213, 85, 64, 70, 198, 180, 135, 206, 243, 73, 226, 192, 139, 22, 98, 70, 113, 221, 78, 135, 163, 135, 18, 95, 147, 226, 220, 73, 182, 82, 125, 20, 199, 106, 224, 28, 116, 155, 78, 80,
106, 170, 15, 248, 172, 161, 39, 76, 144, 221, 198, 182, 39, 166, 35, 4, 173, 193, 66, 212, 40, 192, 178, 200, 35, 254, 21, 203, 53, 43, 34, 92, 179, 124, 135, 91, 47, 33, 51, 239,
202, 239, 32, 70, 189, 156, 175, 249, 81, 56, 205, 249, 20, 189, 229, 179, 208, 63, 152, 146, 170, 224, 49, 244, 187, 176, 123, 69, 138, 234, 206, 169, 53, 45, 142, 117, 181, 21, 205, 255,
151, 164, 96, 118, 175, 145, 140, 68, 237, 142, 85, 92, 5, 58, 201, 202, 109, 251, 239, 162, 145, 246, 140, 9, 147, 137, 67, 237, 13, 228, 222, 82, 164, 33, 222, 123, 55, 160, 55, 11,
53, 225, 181, 101, 113, 88, 174, 92, 147, 195, 98, 185, 4, 144, 129, 31, 207, 21, 190, 177, 141, 100, 107, 23, 81, 92, 50, 186, 14, 119, 76, 174, 220, 240, 51, 143, 177, 80, 142, 44,
188, 201, 243, 123, 188, 144, 113, 254, 125, 112, 76, 52, 145, 86, 101, 255, 176, 73, 215, 166, 172, 241, 69, 181, 197, 225, 200, 170, 108, 18, 124, 202, 83, 27, 111, 76, 139, 64, 117, 202,
209, 120, 221, 21, 6, 127, 66, 139, 224, 71, 67, 67, 53, 55, 140, 123, 42, 58, 21, 7, 9, 230, 17, 196, 166, 187, 188, 221, 75, 210, 12, 118, 216, 87, 99, 213, 189, 50, 135, 95,
55, 146, 255, 91, 49, 66, 214, 15, 232, 178, 182, 36, 209, 86, 51, 79, 251, 28, 83, 197, 233, 64, 231, 41, 22, 130, 232, 226, 190, 153, 225, 35, 170, 27, 79, 198, 170, 50, 140, 253,
254, 23, 71, 171, 26, 229, 234, 20, 107, 74, 176, 31, 144, 25, 137, 253, 252, 50, 77, 114, 72, 52, 199, 216, 175, 169, 154, 164, 104, 60, 79, 169, 16, 79, 202, 243, 49, 174, 181, 198,
175, 74, 18, 26, 29, 48, 181, 161, 211, 133, 133, 20, 184, 195, 39, 229, 76, 203, 90, 66, 11, 153, 64, 67, 226, 101, 22, 100, 199, 172, 149, 179, 173, 84, 219, 244, 157, 61, 94, 122,
3, 152, 11, 160, 131, 216, 94, 103, 181, 205, 199, 51, 174, 112, 113, 22, 223, 20, 211, 106, 5, 157, 66, 15, 53, 235, 59, 229, 147, 149, 46, 22, 230, 201, 248, 182, 26, 170, 94, 61,
179, 215, 59, 251, 37, 171, 145, 198, 39, 158, 44, 190, 124, 111, 93, 56, 136, 30, 184, 72, 16, 79, 48, 232, 192, 236, 36, 81, 188, 209, 175, 255, 84, 15, 182, 249, 61, 234, 231, 129,
208, 100, 145, 176, 172, 208, 5, 207, 173, 181, 93, 61, 152, 140, 198, 220, 119, 42, 150, 106, 140, 42, 238, 158, 172, 195, 112, 105, 154, 163, 195, 63, 202, 139, 117, 75, 112, 95, 238, 147,
84, 254, 184, 154, 161, 199, 175, 124, 213, 159, 66, 228, 85, 179, 238, 44, 186, 107, 144, 20, 20, 158, 75, 10, 6, 241, 145, 6, 104, 21, 196, 11, 197, 172, 14, 230, 35, 247, 201, 76,
169, 25, 225, 209, 230, 69, 5, 108, 107, 93, 112, 155, 119, 7, 99, 172, 151, 254, 13, 201, 206, 36, 189, 30, 242, 229, 154, 84, 174, 215, 106, 202, 48, 97, 14, 50, 244, 105, 84, 209,
180, 88, 237, 223, 168, 198, 120, 154, 253, 230, 254, 237, 58, 37, 110, 201, 97, 27, 13, 83, 136, 38, 107, 129, 210, 93, 133, 5, 57, 18, 121, 141, 165, 81, 33, 93, 7, 125, 160, 107,
10, 113, 1, 9, 13, 136, 20, 211, 132, 250, 158, 201, 78, 216, 24, 124, 207, 59, 20, 238, 180, 0, 239, 51, 116, 188, 227, 65, 49, 87, 195, 26, 196, 185, 152, 57, 191, 105, 31, 14,
161, 30, 75, 197, 136, 92, 209, 47, 40, 138, 143, 254, 168, 181, 199, 49, 191, 3, 87, 216, 135, 32, 155, 219, 242, 46, 114, 233, 62, 238, 193, 59, 98, 78, 246, 53, 166, 104, 178, 246,
233, 8, 7, 83, 26, 48, 222, 243, 138, 137, 148, 225, 9, 106, 75, 174, 51, 76, 137, 225, 49, 214, 213, 207, 166, 117, 31, 55, 50, 47, 184, 132, 218, 174, 162, 85, 147, 225, 35, 186,
66, 138, 119, 37, 16, 170, 118, 84, 195, 85, 23, 74, 145, 157, 167, 159, 185, 66, 221, 220, 168, 64, 78, 65, 106, 219, 126, 131, 244, 251, 11, 99, 128, 197, 249, 95, 201, 91, 117, 40,
219, 85, 223, 26, 110, 128, 79, 101, 79, 238, 55, 191, 161, 190, 113, 78, 157, 209, 248, 173, 44, 131, 44, 8, 177, 255, 38, 254, 55, 223, 172, 216, 42, 162, 8, 165, 12, 25, 43, 8,
161, 120, 148, 68, 40, 81, 28, 237, 210, 249, 40, 6, 237, 156, 146, 222, 71, 32, 182, 251, 118, 182, 179, 137, 221, 19, 177, 167, 183, 221, 2, 138, 142, 194, 85, 3, 175, 253, 241, 220,
116, 11, 136, 48, 235, 73, 148, 169, 162, 156, 127, 91, 170, 187, 204, 74, 207, 132, 75, 80, 105, 75, 253, 146, 119, 222, 176, 181, 242, 232, 176, 78, 196, 189, 79, 214, 79, 224, 191, 119,
186, 28, 183, 121, 42, 186, 87, 33, 6, 240, 202, 119, 7, 94, 183, 123, 131, 229, 126, 148, 14, 148, 142, 13, 216, 114, 185, 154, 189, 108, 22, 18, 61, 0, 76, 141, 19, 44, 117, 227,
151, 236, 7, 208, 144, 44, 176, 73, 185, 245, 215, 126, 150, 190, 11, 248, 48, 30, 14, 114, 161, 89, 17, 238, 132, 26, 222, 168, 180, 237, 91, 138, 211, 246, 229, 139, 112, 28, 118, 151,
48, 31, 53, 63, 160, 94, 39, 186, 148, 94, 212, 24, 71, 62, 121, 189, 140, 106, 37, 98, 9, 118, 128, 103, 54, 46, 73, 28, 43, 146, 43, 196, 206, 189, 132, 209, 40, 242, 71, 21,
243, 110, 2, 140, 177, 42, 241, 125, 104, 193, 224, 89, 107, 98, 211, 1, 226, 165, 186, 58, 207, 107, 96, 84, 129, 56, 70, 170, 175, 94, 206, 84, 22, 138, 247, 214, 136, 188, 204, 38,
138, 61, 64, 198, 167, 39, 193, 212, 207, 49, 121, 251, 53, 167, 220, 59, 48, 123, 187, 58, 136, 121, 244, 255, 235, 9, 98, 71, 27, 78, 193, 216, 172, 130, 157, 253, 21, 41, 32, 173,
49, 59, 163, 150, 39, 205, 209, 241, 146, 65, 54, 32, 51, 52, 190, 166, 186, 161, 176, 55, 148, 221, 116, 229, 51, 208, 85, 63, 20, 171, 70, 121, 151, 95, 39, 110, 159, 159, 187, 166,
187, 92, 221, 250, 238, 41, 20, 117, 29, 145, 83, 160, 133, 230, 82, 68, 215, 223, 212, 7, 182, 5, 94, 29, 250, 107, 235, 38, 39, 190, 103, 77, 46, 178, 97, 243, 172, 218, 35, 63,
244, 251, 196, 129, 21, 255, 87, 15, 253, 162, 29, 165, 8, 233, 128, 192, 34, 155, 43, 214, 46, 29, 85, 13, 130, 127, 166, 64, 59, 33, 2, 225, 227, 239, 30, 11, 142, 166, 242, 198,
66, 11, 200, 220, 37, 246, 181, 129, 237, 37, 178, 213, 189, 241, 61, 233, 179, 150, 4, 29, 187, 210, 199, 129, 116, 11, 215, 99, 171, 80, 147, 187, 211, 222, 79, 123, 174, 129, 254, 66,
248, 128, 104, 114, 105, 125, 220, 200, 114, 192, 177, 133, 188, 151, 166, 92, 220, 142, 6, 176, 47, 193, 194, 55, 166, 124, 157, 125, 42, 189, 51, 32, 117, 186, 189, 99, 114, 75, 165, 83,
182, 249, 0, 232, 27, 226, 199, 36, 206, 9, 160, 178, 185, 76, 60, 38, 118, 77, 108, 179, 8, 127, 52, 173, 147, 242, 35, 145, 202, 51, 229, 53, 159, 193, 255, 107, 133, 160, 76, 255,
54, 69, 118, 107, 246, 87, 114, 238, 147, 88, 228, 133, 132, 212, 124, 185, 239, 144, 166, 237, 30, 48, 65, 229, 87, 118, 108, 118, 252, 88, 118, 172, 241, 117, 154, 19, 23, 17, 86, 132,
128, 120, 7, 88, 54, 75, 166, 101, 118, 11, 62, 19, 7, 188, 13, 133, 179, 231, 191, 241, 40, 196, 25, 67, 243, 81, 24, 135, 158, 5, 189, 41, 96, 156, 211, 122, 113, 69, 194, 28,
149, 185, 164, 33, 206, 101, 3, 13, 190, 26, 105, 220, 175, 123, 208, 61, 16, 194, 206, 231, 239, 175, 236, 12, 183, 30, 113, 196, 136, 24, 214, 189, 219, 57, 104, 241, 22, 240, 213, 69,
76, 43, 154, 62, 239, 96, 166, 216, 193, 6, 125, 100, 9, 78, 161, 207, 159, 186, 181, 150, 37, 51, 34, 156, 6, 113, 142, 222, 112, 207, 221, 132, 159, 117, 25, 2, 78, 49, 147, 185,
231, 173, 129, 85, 169, 194, 8, 164, 108, 192, 74, 37, 44, 130, 81, 72, 238, 94, 38, 102, 204, 189, 166, 143, 179, 106, 254, 255, 167, 16, 70, 121, 11, 234, 112, 247, 163, 246, 113, 95,
156, 149, 160, 63, 201, 117, 89, 53, 204, 70, 201, 110, 22, 252, 101, 74, 46, 238, 10, 242, 147, 162, 38, 44, 202, 141, 231, 142, 60, 254, 108, 43, 184, 231, 66, 201, 19, 224, 170, 228,
10, 248, 77, 166, 30, 105, 49, 18, 220, 26, 176, 86, 55, 56, 56, 156, 248, 239, 102, 113, 169, 208, 182, 235, 98, 76, 225, 197, 54, 231, 199, 153, 146, 18, 199, 135, 189, 238, 2, 197,
190, 202, 104, 12, 239, 251, 139, 133, 49, 58, 212, 49, 182, 55, 195, 158, 168, 166, 93, 91, 191, 194, 204, 91, 196, 185, 69, 82, 59, 98, 213, 136, 125, 222, 186, 130, 146, 233, 150, 81,
144, 142, 109, 202, 47, 178, 194, 55, 184, 96, 154, 59, 54, 143, 33, 52, 52, 187, 206, 17, 42, 105, 211, 108, 144, 229, 12, 161, 38, 189, 176, 10, 192, 21, 137, 174, 180, 105, 34, 23,
106, 126, 117, 132, 48, 56, 67, 163, 210, 236, 65, 209, 168, 10, 177, 83, 250, 217, 199, 100, 180, 145, 87, 217, 55, 27, 124, 2, 190, 107, 77, 196, 188, 101, 227, 146, 155, 248, 6, 163,
196, 246, 232, 152, 13, 10, 109, 133, 127, 51, 28, 78, 137, 33, 116, 181, 212, 125, 218, 18, 11, 4, 117, 152, 130, 121, 27, 75, 25, 93, 178, 59, 50, 10, 9, 15, 114, 179, 18, 178,
172, 168, 175, 245, 55, 188, 91, 75, 250, 65, 27, 145, 230, 16, 166, 115, 112, 210, 201, 83, 53, 56, 229, 33, 212, 238, 130, 55, 209, 115, 51, 118, 190, 54, 2, 182, 236, 109, 212, 56,
13, 216, 227, 253, 245, 187, 201, 24, 166, 8, 70, 232, 148, 45, 132, 231, 250, 85, 99, 170, 22, 226, 238, 31, 42, 118, 177, 109, 146, 29, 176, 142, 225, 16, 70, 98, 18, 111, 250, 169,
140, 230, 149, 246, 105, 27, 19, 251, 54, 59, 174, 147, 112, 215, 178, 157, 163, 86, 63, 127, 70, 32, 155, 159, 231, 160, 228, 74, 150, 198, 35, 144, 42, 214, 96, 33, 1, 153, 103, 72,
151, 94, 56, 71, 183, 132, 166, 169, 179, 7, 192, 255, 167, 78, 73, 27, 63, 234, 112, 140, 149, 236, 11, 97, 147, 200, 252, 52, 153, 109, 91, 20, 179, 85, 232, 21, 110, 171, 111, 105,
46, 225, 1, 208, 180, 172, 62, 26, 246, 132, 249, 171, 29, 178, 115, 119, 136, 170, 1, 161, 51, 172, 139, 246, 1, 167, 11, 147, 12, 15, 85, 50, 167, 126, 150, 86, 36, 34, 27, 230,
185, 215, 6, 106, 181, 169, 142, 230, 66, 72, 250, 131, 14, 213, 220, 157, 150, 42, 167, 217, 157, 223, 98, 204, 188, 128, 6, 27, 236, 137, 199, 191, 13, 4, 204, 108, 177, 8, 244, 128,
174, 148, 93, 122, 166, 173, 208, 69, 207, 176, 33, 95, 61, 99, 201, 141, 48, 239, 159, 181, 158, 234, 166, 107, 208, 190, 84, 246, 31, 224, 187, 120, 189, 20, 199, 55, 27, 142, 3, 0,
18, 236, 180, 105, 51, 112, 211, 27, 144, 201, 12, 136, 18, 190, 172, 25, 210, 104, 165, 178, 185, 107, 116, 16, 53, 96, 44, 150, 61, 55, 99, 226, 150, 242, 30, 153, 140, 4, 129, 13,
255, 156, 222, 127, 244, 155, 118, 159, 0, 30, 105, 38, 172, 15, 21, 248, 167, 30, 222, 200, 206, 252, 0, 135, 200, 219, 196, 245, 45, 37, 110, 255, 65, 118, 9, 59, 162, 9, 3, 178,
221, 81, 216, 25, 16, 52, 114, 141, 228, 122, 33, 107, 106, 97, 183, 121, 118, 5, 58, 83, 13, 148, 75, 141, 211, 150, 145, 198, 63, 194, 38, 86, 243, 110, 96, 219, 158, 4, 156, 111,
55, 157, 201, 123, 115, 74, 178, 29, 239, 185, 152, 48, 175, 105, 46, 73, 153, 21, 101, 193, 237, 82, 224, 27, 17, 138, 143, 194, 168, 181, 199, 51, 150, 3, 111, 252, 154, 27, 238, 188,
185, 41, 95, 218, 53, 197, 220, 49, 48, 124, 150, 0, 146, 117, 139, 214, 234, 16, 122, 49, 22, 111, 254, 211, 137, 177, 148, 246, 111, 32, 50, 185, 6, 113, 168, 146, 1, 248, 141, 224,
174, 73, 63, 35, 50, 25, 183, 219, 243, 165, 250, 11, 230, 153, 34, 147, 108, 200, 92, 21, 48, 163, 117, 76, 194, 70, 76, 67, 154, 208, 142, 157, 130, 107, 225, 152, 238, 63, 84, 91,
118, 229, 8, 181, 142, 136, 105, 56, 189, 225, 222, 24, 144, 113, 92, 34, 186, 108, 165, 47, 39, 144, 99, 111, 112, 156, 60, 198, 128, 221, 55, 51, 151, 147, 250, 182, 40, 137, 88, 105,
173, 249, 4, 227, 19, 250, 143, 206, 34, 167, 11, 142, 34, 37, 60, 42, 208, 31, 173, 41, 18, 67, 0, 245, 206, 215, 33, 100, 167, 191, 242, 248, 98, 40, 172, 195, 14, 182, 241, 151,
234, 54, 157, 175, 149, 240, 49, 245, 178, 194, 116, 89, 147, 239, 233, 195, 41, 11, 252, 77, 143, 25, 197, 190, 174, 133, 80, 99, 139, 149, 215, 116, 185, 170, 94, 107, 19, 74, 222, 151,
76, 246, 160, 149, 142, 232, 163, 108, 223, 204, 94, 250, 43, 212, 167, 89, 248, 96, 164, 25, 106, 179, 86, 43, 31, 236, 203, 110, 41, 93, 180, 98, 209, 231, 108, 151, 7, 238, 128, 61,
185, 104, 185, 157, 177, 80, 41, 14, 102, 99, 65, 153, 8, 21, 78, 248, 194, 206, 28, 242, 149, 80, 225, 45, 138, 245, 214, 74, 149, 202, 93, 252, 11, 98, 78, 20, 241, 7, 77, 225,
206, 26, 249, 146, 207, 152, 115, 137, 224, 219, 197, 232, 26, 57, 53, 147, 48, 61, 14, 97, 247, 94, 39, 186, 148, 87, 130, 4, 45, 45, 115, 166, 242, 75, 40, 103, 109, 66, 128, 116,
29, 46, 30, 8, 45, 178, 62, 158, 212, 255, 177, 244, 79, 198, 4, 69, 241, 74, 18, 142, 169, 6, 146, 114, 104, 193, 252, 120, 33, 89, 227, 99, 226, 170, 198, 7, 149, 70, 31, 120,
228, 31, 97, 158, 157, 89, 226, 32, 41, 168, 141, 201, 174, 178, 144, 17, 171, 25, 122, 130, 178, 34, 252, 248, 228, 14, 101, 170, 23, 235, 194, 12, 76, 47, 188, 4, 161, 27, 179, 204,
148, 41, 86, 47, 16, 64, 229, 175, 178, 138, 181, 138, 108, 111, 52, 142, 22, 77, 207, 150, 39, 248, 138, 128, 134, 78, 98, 38, 57, 97, 145, 170, 189, 232, 133, 75, 186, 220, 12, 143,
78, 235, 33, 33, 6, 150, 108, 116, 213, 44, 39, 110, 142, 144, 231, 166, 188, 7, 227, 255, 167, 60, 102, 109, 29, 232, 83, 190, 151, 235, 15, 120, 145, 233, 222, 64, 146, 65, 69, 120,
231, 22, 198, 36, 116, 131, 69, 75, 104, 191, 35, 226, 177, 138, 19, 22, 210, 230, 154, 184, 24, 172, 36, 12, 136, 250, 11, 165, 6, 207, 190, 234, 14, 171, 24, 182, 114, 52, 53, 36,
179, 61, 231, 89, 40, 121, 5, 148, 227, 247, 34, 117, 186, 177, 173, 183, 68, 35, 160, 211, 125, 229, 230, 180, 253, 36, 135, 214, 187, 253, 127, 233, 147, 138, 0, 60, 185, 243, 156, 132,
1, 89, 254, 114, 134, 13, 237, 187, 167, 136, 83, 72, 170, 197, 130, 106, 252, 176, 75, 127, 60, 124, 253, 134, 104, 234, 138, 146, 169, 226, 239, 105, 225, 191, 99, 218, 57, 235, 228, 70,
179, 30, 185, 56, 7, 158, 12, 45, 31, 255, 174, 85, 117, 107, 166, 99, 191, 246, 63, 167, 22, 164, 135, 56, 188, 108, 162, 147, 185, 127, 8, 38, 61, 72, 120, 130, 55, 40, 113, 211,
236, 206, 58, 197, 148, 30, 140, 54, 242, 229, 129, 126, 173, 205, 96, 237, 45, 125, 64, 124, 183, 75, 86, 206, 188, 116, 164, 128, 180, 225, 3, 171, 250, 218, 166, 237, 29, 31, 65, 136,
65, 48, 55, 78, 172, 23, 28, 138, 221, 110, 198, 16, 57, 13, 121, 134, 146, 122, 64, 93, 108, 66, 183, 104, 119, 125, 52, 2, 124, 141, 86, 128, 221, 163, 144, 198, 23, 174, 55, 97,
254, 74, 24, 239, 152, 14, 156, 73, 77, 172, 204, 12, 10, 36, 220, 43, 142, 165, 144, 81, 159, 64, 22, 88, 145, 49, 4, 193, 154, 9, 234, 61, 16, 174, 216, 178, 141, 138, 234, 124,
183, 90, 83, 221, 205, 20, 134, 206, 206, 57, 32, 217, 42, 204, 238, 77, 73, 42, 181, 29, 147, 67, 145, 193, 202, 78, 98, 83, 59, 97, 197, 228, 160, 188, 197, 254, 44, 119, 23, 180,
106, 76, 186, 240, 39, 232, 138, 241, 174, 105, 45, 28, 21, 27, 166, 213, 231, 245, 166, 41, 150, 241, 35, 182, 72, 232, 126, 62, 29, 130, 110, 89, 235, 94, 69, 112, 189, 223, 153, 174,
157, 68, 212, 247, 240, 11, 99, 84, 18, 234, 123, 181, 239, 210, 126, 77, 215, 225, 236, 55, 209, 90, 100, 59, 250, 123, 220, 56, 47, 169, 126, 107, 76, 173, 110, 231, 241, 162, 111, 60,
147, 151, 221, 173, 21, 139, 36, 17, 172, 247, 71, 250, 109, 175, 179, 248, 9, 226, 21, 172, 3, 21, 0, 51, 191, 120, 231, 122, 85, 56, 48, 155, 242, 180, 55, 112, 232, 165, 170, 234,
98, 76, 242, 140, 54, 202, 211, 239, 212, 4, 140, 175, 209, 238, 38, 241, 188, 180, 70, 27, 187, 209, 157, 191, 116, 11, 212, 101, 150, 21, 147, 168, 209, 161, 69, 101, 148, 194, 204, 107,
254, 177, 93, 45, 8, 67, 201, 215, 119, 222, 225, 189, 175, 254, 138, 112, 208, 190, 91, 209, 16, 176, 237, 68, 174, 54, 154, 0, 106, 141, 34, 125, 117, 236, 173, 101, 116, 79, 189, 92,
130, 234, 47, 163, 75, 174, 153, 33, 226, 14, 226, 200, 240, 78, 35, 21, 66, 18, 90, 219, 61, 22, 117, 176, 242, 173, 20, 139, 173, 37, 140, 76, 249, 231, 224, 23, 179, 177, 85, 226,
0, 125, 86, 114, 188, 8, 74, 197, 168, 94, 196, 132, 143, 231, 126, 231, 196, 229, 224, 180, 42, 58, 67, 249, 74, 23, 20, 89, 177, 55, 16, 201, 228, 13, 140, 107, 38, 11, 64, 134,
162, 70, 64, 75, 59, 108, 157, 94, 35, 113, 47, 85, 55, 138, 46, 142, 177, 180, 229, 210, 10, 163, 7, 91, 185, 81, 62, 201, 139, 13, 166, 70, 71, 205, 237, 64, 37, 99, 176, 56,
208, 151, 148, 15, 138, 114, 28, 111, 228, 35, 0, 158, 135, 82, 213, 53, 13, 128, 227, 192, 141, 133, 204, 31, 167, 26, 111, 198, 177, 37, 140, 213, 210, 17, 39, 255, 116, 192, 195, 23,
83, 123, 233, 55, 147, 123, 188, 195, 202, 78, 6, 48, 59, 112, 197, 230, 160, 139, 152, 254, 46, 57, 15, 150, 10, 79, 145, 215, 34, 229, 174, 234, 159, 53, 19, 56, 78, 24, 165, 131,
217, 138, 161, 12, 182, 216, 35, 145, 87, 150, 115, 62, 22, 251, 113, 81, 151, 113, 23, 119, 178, 181, 167, 205, 187, 105, 228, 254, 137, 25, 108, 67, 4, 224, 120, 149, 239, 216, 15, 58,
170, 153, 196, 7, 187, 97, 123, 99, 209, 107, 248, 15, 39, 227, 99, 125, 112, 178, 51, 163, 148, 134, 115, 79, 227, 241, 141, 172, 50, 151, 90, 41, 159, 252, 27, 193, 10, 202, 203, 224,
50, 187, 23, 203, 11, 16, 60, 33, 208, 24, 189, 121, 14, 37, 70, 207, 250, 249, 102, 76, 183, 186, 239, 215, 52, 11, 209, 155, 47, 205, 183, 176, 244, 4, 187, 181, 164, 243, 38, 151,
190, 150, 97, 23, 184, 219, 220, 221, 116, 11, 248, 86, 143, 8, 201, 131, 183, 149, 84, 85, 155, 149, 133, 78, 185, 160, 93, 71, 45, 75, 247, 176, 100, 252, 171, 149, 133, 203, 171, 114,
210, 181, 1, 179, 40, 203, 211, 121, 179, 58, 128, 55, 7, 142, 42, 1, 110, 229, 202, 66, 111, 116, 165, 67, 209, 249, 45, 178, 27, 165, 179, 62, 205, 33, 185, 169, 137, 122, 8, 43,
80, 77, 42, 179, 8, 125, 111, 215, 192, 183, 38, 232, 213, 36, 231, 50, 242, 209, 199, 126, 235, 162, 81, 232, 11, 81, 14, 3, 176, 88, 110, 196, 162, 70, 161, 179, 150, 252, 124, 135,
200, 219, 224, 134, 61, 9, 107, 200, 108, 26, 46, 76, 247, 6, 38, 185, 211, 111, 130, 25, 74, 2, 115, 164, 153, 124, 51, 95, 13, 42, 135, 79, 118, 26, 20, 92, 6, 148, 43, 134,
179, 162, 185, 192, 81, 216, 19, 21, 184, 66, 96, 212, 157, 32, 239, 122, 114, 128, 210, 68, 119, 101, 244, 55, 200, 175, 130, 24, 207, 16, 28, 84, 172, 48, 122, 169, 166, 119, 246, 24,
17, 208, 220, 194, 168, 181, 199, 51, 150, 3, 111, 252, 154, 27, 238, 188, 185, 72, 114, 169, 22, 196, 193, 26, 42, 87, 246, 58, 142, 98, 235, 214, 214, 16, 67, 101, 9, 67, 210, 174,
188, 161, 160, 254, 49, 23, 60, 148, 10, 120, 207, 207, 61, 197, 207, 193, 202, 123, 63, 31, 40, 34, 186, 152, 218, 138, 254, 11, 233, 135, 22, 172, 119, 246, 125, 26, 15, 137, 61, 73,
234, 78, 56, 78, 198, 157, 155, 185, 170, 66, 249, 196, 137, 17, 75, 3, 18, 196, 87, 156, 188, 211, 99, 122, 215, 222, 220, 62, 169, 113, 67, 10, 230, 80, 246, 108, 29, 159, 48, 68,
102, 172, 12, 187, 161, 218, 61, 48, 200, 223, 209, 183, 18, 163, 93, 22, 136, 203, 40, 247, 53, 203, 137, 232, 35, 226, 28, 213, 112, 40, 14, 46, 202, 43, 161, 88, 14, 79, 0, 157,
227, 251, 62, 122, 135, 156, 182, 248, 107, 0, 195, 236, 62, 236, 204, 159, 230, 36, 129, 151, 140, 221, 30, 239, 190, 169, 91, 30, 180, 205, 233, 182, 61, 4, 146, 106, 170, 56, 201, 132,
130, 160, 124, 122, 182, 216, 224, 116, 194, 185, 99, 82, 59, 57, 213, 180, 107, 175, 147, 183, 245, 192, 162, 83, 210, 200, 89, 236, 40, 206, 250, 119, 166, 59, 195, 35, 112, 191, 60, 103,
2, 236, 210, 97, 23, 94, 183, 31, 202, 235, 19, 184, 42, 225, 131, 36, 255, 108, 166, 173, 149, 120, 41, 27, 104, 15, 95, 153, 119, 36, 43, 173, 212, 245, 16, 143, 185, 31, 190, 52,
242, 134, 137, 79, 188, 207, 70, 192, 18, 81, 94, 46, 188, 81, 87, 229, 180, 28, 253, 133, 132, 213, 121, 167, 223, 237, 221, 152, 110, 3, 66, 151, 116, 51, 53, 100, 182, 2, 49, 162,
221, 110, 130, 53, 79, 34, 121, 148, 134, 32, 11, 75, 38, 122, 138, 78, 14, 34, 58, 28, 6, 157, 62, 211, 162, 157, 176, 201, 78, 164, 34, 72, 211, 51, 2, 201, 177, 5, 239, 125,
116, 207, 204, 68, 62, 69, 241, 12, 227, 148, 179, 8, 134, 72, 51, 81, 250, 7, 104, 153, 190, 86, 150, 26, 16, 164, 247, 227, 146, 203, 232, 38, 169, 26, 95, 131, 137, 27, 248, 252,
185, 85, 69, 244, 116, 203, 237, 83, 65, 79, 235, 17, 158, 93, 128, 139, 192, 16, 65, 71, 22, 97, 173, 244, 250, 167, 163, 187, 37, 19, 44, 135, 6, 58, 155, 195, 34, 254, 174, 232,
130, 124, 1, 2, 78, 49, 179, 165, 243, 130, 131, 74, 184, 194, 41, 164, 102, 150, 90, 12, 28, 253, 84, 118, 227, 74, 77, 70, 198, 169, 230, 184, 188, 7, 197, 255, 167, 60, 102, 109,
28, 232, 83, 190, 167, 200, 64, 124, 147, 233, 237, 64, 138, 93, 68, 31, 164, 85, 213, 23, 40, 190, 99, 81, 112, 176, 18, 229, 247, 152, 6, 80, 246, 223, 208, 184, 71, 133, 121, 109,
166, 163, 28, 201, 19, 233, 174, 234, 1, 226, 50, 131, 37, 57, 34, 29, 142, 61, 141, 90, 40, 60, 2, 216, 227, 203, 9, 117, 138, 166, 146, 229, 125, 22, 252, 248, 125, 189, 195, 227,
212, 19, 199, 146, 157, 196, 61, 246, 177, 150, 84, 34, 138, 243, 234, 142, 3, 7, 254, 67, 146, 60, 244, 143, 174, 148, 102, 66, 155, 177, 208, 110, 211, 132, 92, 71, 107, 124, 247, 205,
52, 253, 161, 229, 151, 150, 166, 127, 150, 200, 0, 240, 45, 215, 191, 81, 249, 106, 168, 1, 104, 178, 55, 5, 15, 240, 140, 103, 5, 70, 165, 98, 202, 187, 19, 191, 6, 134, 141, 42,
236, 114, 179, 135, 188, 91, 22, 57, 53, 79, 99, 130, 11, 14, 60, 250, 227, 254, 90, 235, 148, 30, 140, 77, 254, 229, 255, 79, 189, 202, 80, 192, 11, 125, 97, 3, 148, 104, 74, 221,
182, 105, 241, 167, 206, 250, 119, 251, 248, 230, 166, 145, 102, 50, 82, 138, 96, 104, 108, 89, 169, 88, 11, 183, 221, 95, 197, 43, 23, 17, 87, 169, 190, 120, 30, 88, 54, 75, 182, 85,
1, 46, 0, 87, 39, 188, 86, 138, 202, 248, 183, 193, 6, 219, 54, 65, 242, 110, 8, 248, 140, 15, 158, 37, 116, 168, 200, 68, 48, 54, 183, 54, 195, 233, 173, 34, 147, 12, 99, 125,
190, 26, 105, 220, 175, 23, 243, 85, 52, 164, 253, 221, 146, 168, 231, 115, 221, 43, 32, 193, 135, 36, 155, 198, 185, 90, 39, 246, 107, 192, 220, 47, 48, 77, 141, 109, 168, 67, 178, 138,
235, 9, 64, 49, 75, 106, 165, 202, 138, 137, 161, 168, 21, 105, 18, 133, 119, 120, 141, 146, 39, 172, 209, 128, 159, 67, 28, 54, 26, 102, 151, 173, 186, 161, 144, 25, 146, 194, 8, 164,
108, 139, 120, 49, 61, 173, 106, 47, 238, 119, 19, 69, 205, 142, 133, 203, 179, 106, 224, 248, 158, 29, 124, 117, 44, 219, 122, 137, 149, 209, 114, 61, 141, 220, 231, 1, 186, 85, 67, 124,
237, 80, 254, 110, 22, 252, 69, 127, 117, 172, 35, 229, 128, 185, 119, 25, 193, 211, 241, 183, 40, 133, 80, 49, 135, 229, 59, 214, 46, 170, 175, 234, 34, 155, 53, 129, 46, 28, 14, 39,
130, 46, 164, 38, 40, 117, 38, 239, 210, 247, 54, 121, 143, 143, 239, 171, 86, 33, 225, 140, 107, 192, 236, 178, 200, 25, 175, 211, 191, 202, 61, 147, 254, 186, 101, 35, 175, 211, 143, 189,
52, 2, 142, 69, 150, 48, 208, 152, 167, 156, 109, 123, 137, 196, 223, 97, 250, 211, 82, 106, 28, 114, 213, 179, 125, 173, 173, 133, 188, 235, 150, 106, 208, 190, 91, 209, 55, 235, 229, 109,
174, 6, 165, 41, 42, 157, 23, 41, 23, 250, 159, 119, 7, 87, 133, 100, 149, 207, 23, 158, 71, 160, 142, 47, 216, 32, 168, 157, 185, 78, 47, 13, 118, 9, 78, 179, 8, 4, 75, 213,
210, 238, 30, 214, 159, 83, 190, 38, 228, 129, 252, 64, 173, 150, 82, 193, 119, 81, 73, 1, 149, 72, 21, 251, 164, 102, 192, 134, 151, 193, 66, 185, 224, 219, 227, 232, 26, 18, 47, 233,
93, 32, 104, 70, 162, 36, 124, 147, 241, 12, 248, 24, 16, 118, 88, 180, 162, 87, 90, 107, 9, 124, 148, 125, 19, 38, 79, 85, 44, 144, 14, 142, 163, 132, 226, 209, 75, 244, 34, 3,
232, 40, 96, 207, 133, 95, 239, 81, 107, 154, 215, 83, 11, 75, 176, 41, 209, 169, 150, 83, 184, 81, 24, 122, 186, 0, 105, 153, 157, 64, 215, 56, 61, 198, 232, 201, 161, 149, 194, 51,
208, 0, 114, 210, 183, 61, 224, 244, 234, 34, 75, 171, 42, 206, 247, 41, 124, 75, 138, 1, 141, 94, 128, 234, 235, 4, 99, 119, 63, 50, 228, 170, 154, 139, 149, 129, 24, 21, 19, 184,
10, 109, 183, 252, 45, 215, 142, 237, 210, 56, 59, 41, 14, 63, 130, 168, 243, 165, 150, 46, 150, 153, 116, 236, 71, 136, 112, 66, 1, 153, 80, 75, 227, 113, 47, 110, 149, 134, 165, 151,
136, 92, 132, 152, 178, 10, 94, 97, 106, 219, 84, 142, 149, 236, 99, 63, 163, 200, 241, 22, 139, 6, 31, 59, 224, 22, 163, 106, 38, 175, 101, 111, 119, 233, 31, 187, 128, 181, 51, 47,
221, 241, 192, 137, 74, 189, 96, 41, 140, 252, 31, 212, 10, 245, 203, 224, 51, 171, 11, 203, 9, 39, 53, 62, 202, 63, 129, 89, 41, 123, 33, 214, 228, 177, 6, 90, 168, 143, 241, 205,
52, 79, 192, 132, 117, 237, 244, 145, 211, 4, 165, 138, 145, 236, 18, 151, 186, 153, 97, 35, 185, 234, 148, 164, 52, 40, 204, 83, 235, 27, 247, 255, 183, 222, 116, 117, 205, 149, 133, 53,
184, 215, 69, 95, 61, 99, 201, 138, 52, 172, 224, 229, 170, 214, 166, 106, 146, 174, 119, 184, 63, 203, 187, 118, 186, 30, 187, 57, 108, 233, 19, 20, 12, 255, 161, 107, 117, 114, 133, 124,
131, 228, 97, 227, 10, 150, 223, 1, 223, 4, 188, 153, 150, 100, 124, 47, 61, 93, 119, 141, 113, 26, 74, 215, 224, 198, 52, 234, 149, 43, 186, 13, 251, 193, 192, 84, 235, 136, 125, 235,
119, 93, 76, 8, 160, 105, 87, 179, 180, 88, 225, 133, 132, 248, 12, 173, 239, 145, 243, 134, 61, 41, 116, 255, 65, 118, 45, 59, 146, 2, 61, 131, 144, 117, 210, 117, 72, 1, 90, 174,
185, 122, 18, 91, 57, 42, 135, 59, 31, 46, 12, 29, 3, 187, 29, 140, 149, 139, 185, 250, 40, 194, 38, 70, 231, 110, 27, 139, 134, 60, 189, 104, 109, 172, 225, 112, 115, 58, 247, 10,
200, 147, 182, 24, 137, 81, 51, 81, 190, 26, 97, 137, 232, 13, 246, 29, 16, 216, 254, 205, 148, 189, 234, 14, 212, 37, 94, 232, 205, 0, 249, 219, 190, 82, 83, 248, 19, 202, 193, 27,
110, 64, 160, 53, 136, 25, 242, 131, 205, 56, 91, 100, 20, 114, 197, 239, 165, 188, 148, 129, 50, 60, 46, 252, 54, 59, 214, 253, 112, 221, 178, 158, 144, 104, 49, 23, 50, 45, 156, 155,
239, 145, 191, 81, 170, 235, 37, 152, 78, 193, 95, 62, 28, 190, 96, 73, 225, 79, 47, 104, 180, 159, 251, 175, 152, 117, 229, 239, 169, 8, 124, 93, 49, 145, 79, 156, 242, 202, 93, 56,
148, 135, 222, 7, 205, 2, 102, 47, 191, 16, 247, 56, 50, 176, 71, 122, 117, 161, 107, 228, 241, 169, 3, 47, 221, 147, 196, 142, 50, 189, 90, 9, 133, 246, 29, 250, 58, 217, 137, 196,
18, 166, 8, 162, 37, 37, 13, 34, 179, 60, 130, 122, 23, 79, 12, 253, 249, 177, 100, 72, 158, 221, 146, 245, 72, 28, 211, 248, 23, 160, 241, 156, 237, 37, 129, 144, 176, 209, 27, 245,
190, 169, 91, 65, 143, 203, 214, 190, 0, 46, 232, 109, 138, 71, 236, 163, 145, 138, 101, 99, 206, 173, 231, 105, 185, 211, 91, 45, 60, 107, 203, 200, 117, 178, 179, 149, 144, 232, 147, 78,
209, 189, 119, 228, 57, 196, 167, 90, 175, 22, 149, 10, 107, 232, 22, 46, 40, 216, 138, 101, 11, 73, 130, 31, 166, 186, 122, 165, 40, 155, 181, 15, 199, 0, 186, 154, 172, 80, 8, 108,
79, 15, 115, 219, 61, 13, 102, 210, 238, 183, 76, 248, 164, 15, 129, 4, 242, 194, 230, 74, 150, 148, 29, 214, 42, 27, 105, 21, 178, 115, 86, 243, 130, 122, 193, 129, 140, 209, 93, 153,
249, 236, 198, 172, 60, 36, 81, 147, 127, 108, 27, 78, 182, 61, 23, 159, 142, 13, 226, 4, 50, 45, 114, 133, 169, 86, 48, 107, 58, 117, 171, 93, 15, 26, 65, 15, 6, 156, 35, 185,
149, 191, 167, 198, 19, 162, 26, 72, 249, 68, 1, 243, 158, 41, 178, 118, 113, 144, 223, 65, 49, 36, 199, 54, 233, 154, 179, 17, 137, 72, 51, 12, 190, 54, 104, 157, 234, 9, 143, 27,
63, 198, 205, 192, 136, 146, 148, 35, 139, 52, 62, 196, 169, 13, 217, 212, 185, 19, 114, 247, 49, 227, 224, 78, 119, 119, 182, 4, 141, 121, 136, 140, 150, 40, 113, 47, 42, 78, 210, 243,
253, 139, 184, 128, 47, 29, 51, 133, 118, 92, 182, 235, 107, 214, 141, 152, 161, 126, 12, 99, 12, 58, 174, 191, 225, 138, 183, 71, 182, 157, 62, 233, 78, 210, 46, 34, 45, 250, 111, 109,
144, 85, 57, 16, 188, 176, 231, 155, 138, 116, 218, 220, 238, 32, 66, 86, 119, 153, 115, 241, 170, 211, 107, 60, 210, 159, 198, 72, 176, 68, 69, 120, 179, 70, 246, 106, 105, 164, 71, 114,
87, 154, 18, 228, 190, 139, 115, 44, 227, 133, 239, 129, 85, 166, 99, 106, 140, 165, 57, 227, 108, 224, 203, 214, 52, 160, 73, 160, 11, 18, 60, 38, 208, 24, 128, 64, 12, 121, 5, 224,
223, 215, 99, 109, 190, 132, 241, 229, 102, 22, 252, 247, 116, 250, 247, 129, 244, 111, 186, 168, 173, 196, 18, 208, 179, 151, 100, 41, 240, 225, 239, 171, 116, 11, 215, 86, 143, 60, 201, 164,
209, 180, 68, 96, 181, 178, 198, 106, 218, 176, 92, 39, 29, 112, 203, 153, 83, 223, 141, 141, 169, 204, 178, 119, 209, 196, 112, 226, 8, 193, 194, 55, 166, 107, 181, 126, 8, 234, 3, 26,
40, 220, 206, 20, 45, 81, 176, 71, 206, 199, 38, 148, 14, 162, 158, 7, 216, 32, 227, 164, 157, 82, 10, 56, 46, 104, 97, 132, 119, 44, 72, 245, 240, 238, 63, 204, 149, 51, 129, 24,
242, 156, 129, 123, 137, 169, 104, 255, 49, 126, 99, 3, 189, 83, 99, 224, 180, 88, 228, 133, 132, 212, 92, 188, 211, 230, 165, 169, 29, 32, 78, 215, 112, 3, 51, 100, 252, 36, 55, 138,
225, 117, 197, 50, 23, 41, 70, 228, 255, 113, 64, 72, 20, 46, 176, 111, 52, 36, 15, 42, 23, 180, 1, 190, 157, 248, 164, 193, 6, 219, 38, 90, 255, 66, 21, 196, 235, 43, 183, 41,
115, 188, 200, 67, 53, 89, 203, 107, 148, 147, 186, 3, 207, 74, 13, 68, 172, 48, 85, 169, 166, 117, 195, 15, 17, 216, 137, 208, 158, 133, 156, 123, 131, 54, 32, 198, 174, 36, 196, 224,
192, 90, 87, 210, 105, 199, 175, 54, 48, 77, 141, 109, 168, 89, 166, 223, 252, 6, 123, 83, 52, 51, 230, 200, 137, 229, 161, 185, 21, 40, 29, 135, 17, 112, 145, 242, 45, 243, 151, 249,
128, 73, 62, 10, 31, 120, 196, 191, 254, 162, 182, 70, 170, 223, 37, 151, 78, 193, 110, 6, 10, 161, 96, 105, 214, 127, 44, 21, 157, 223, 173, 136, 185, 64, 251, 228, 150, 45, 105, 124,
48, 224, 67, 178, 142, 216, 11, 111, 145, 235, 163, 34, 135, 85, 119, 56, 194, 114, 201, 110, 102, 175, 48, 84, 102, 172, 33, 198, 172, 137, 45, 67, 246, 223, 254, 168, 21, 164, 119, 42,
158, 231, 66, 201, 19, 170, 212, 192, 33, 187, 42, 138, 125, 30, 14, 18, 202, 35, 231, 122, 23, 112, 0, 251, 220, 251, 57, 14, 181, 216, 245, 211, 117, 10, 205, 230, 125, 192, 236, 141,
151, 45, 163, 211, 145, 198, 61, 251, 147, 194, 93, 35, 240, 128, 198, 213, 8, 11, 216, 77, 143, 10, 197, 128, 134, 133, 89, 123, 167, 196, 213, 97, 218, 132, 107, 73, 54, 125, 247, 215,
51, 246, 128, 177, 245, 233, 244, 81, 209, 145, 30, 211, 47, 178, 194, 70, 166, 59, 161, 1, 17, 141, 21, 14, 113, 236, 205, 102, 5, 70, 135, 67, 212, 180, 5, 157, 58, 166, 131, 91,
190, 32, 231, 132, 179, 98, 39, 36, 118, 0, 120, 141, 50, 31, 47, 195, 238, 247, 37, 231, 159, 46, 158, 36, 159, 134, 246, 101, 137, 145, 107, 156, 28, 83, 11, 47, 246, 113, 114, 199,
167, 101, 163, 188, 191, 249, 7, 131, 206, 219, 227, 232, 26, 18, 47, 214, 42, 108, 48, 78, 244, 33, 35, 180, 212, 118, 250, 55, 71, 17, 90, 177, 146, 86, 31, 93, 108, 108, 141, 79,
119, 10, 86, 61, 8, 171, 23, 161, 149, 189, 129, 192, 40, 241, 95, 78, 238, 80, 39, 205, 157, 46, 130, 55, 104, 193, 221, 89, 107, 74, 233, 56, 195, 165, 157, 75, 147, 77, 31, 108,
187, 68, 7, 169, 150, 80, 146, 9, 3, 191, 192, 180, 166, 200, 195, 125, 134, 89, 76, 226, 136, 25, 216, 198, 193, 49, 94, 251, 53, 241, 220, 77, 48, 54, 139, 62, 245, 28, 243, 213,
193, 41, 26, 47, 56, 112, 197, 217, 156, 139, 187, 186, 12, 119, 42, 164, 10, 112, 148, 252, 124, 231, 161, 194, 208, 126, 103, 28, 40, 47, 174, 160, 198, 161, 224, 55, 148, 206, 37, 169,
76, 136, 95, 13, 47, 165, 116, 87, 212, 120, 24, 17, 134, 148, 132, 196, 162, 68, 232, 237, 154, 74, 65, 84, 49, 230, 75, 180, 157, 239, 79, 68, 214, 249, 226, 10, 144, 77, 67, 22,
230, 69, 213, 45, 26, 191, 73, 11, 96, 175, 13, 187, 128, 182, 61, 75, 243, 142, 220, 131, 75, 165, 83, 105, 143, 220, 73, 200, 44, 203, 148, 231, 119, 177, 56, 180, 15, 12, 12, 26,
175, 0, 141, 99, 47, 69, 45, 193, 255, 239, 0, 121, 170, 219, 162, 211, 92, 10, 246, 128, 54, 193, 202, 170, 138, 106, 196, 175, 206, 158, 29, 237, 243, 146, 5, 87, 183, 236, 226, 219,
125, 60, 215, 109, 174, 73, 146, 153, 191, 190, 113, 88, 149, 142, 247, 107, 249, 135, 40, 77, 108, 97, 213, 203, 125, 192, 150, 146, 180, 234, 166, 112, 209, 196, 108, 231, 39, 203, 228, 37,
163, 17, 160, 126, 37, 182, 12, 57, 40, 207, 202, 99, 54, 126, 156, 88, 138, 244, 6, 151, 60, 230, 130, 10, 221, 114, 182, 185, 137, 106, 8, 108, 53, 92, 124, 198, 61, 24, 74, 234,
253, 170, 25, 206, 181, 36, 237, 11, 157, 221, 231, 68, 185, 138, 19, 254, 55, 27, 96, 50, 133, 105, 84, 160, 130, 25, 239, 192, 168, 198, 82, 157, 224, 219, 196, 132, 26, 42, 53, 204,
48, 96, 44, 97, 247, 6, 125, 186, 237, 81, 226, 56, 11, 50, 117, 151, 185, 122, 51, 100, 112, 76, 144, 66, 34, 46, 65, 35, 8, 170, 43, 175, 212, 139, 190, 250, 52, 216, 35, 64,
254, 65, 63, 239, 177, 30, 247, 106, 114, 188, 201, 123, 0, 101, 210, 11, 239, 238, 187, 34, 191, 75, 96, 19, 147, 75, 80, 173, 136, 125, 148, 34, 119, 198, 246, 239, 162, 153, 156, 10,
159, 30, 69, 159, 204, 60, 134, 249, 205, 14, 114, 169, 12, 188, 193, 19, 71, 95, 224, 62, 180, 4, 166, 247, 252, 6, 68, 65, 22, 114, 161, 209, 152, 177, 199, 246, 104, 107, 20, 150,
0, 58, 138, 192, 45, 204, 141, 224, 159, 102, 44, 104, 25, 34, 163, 168, 253, 168, 227, 76, 184, 199, 19, 159, 66, 252, 94, 54, 45, 163, 61, 115, 245, 85, 71, 112, 168, 146, 173, 183,
251, 98, 226, 230, 144, 58, 87, 91, 52, 251, 86, 179, 179, 202, 87, 122, 146, 197, 222, 95, 166, 5, 83, 40, 189, 116, 249, 12, 62, 128, 79, 101, 79, 238, 55, 191, 161, 190, 113, 17,
244, 141, 128, 240, 50, 179, 80, 29, 250, 194, 37, 230, 42, 203, 212, 181, 118, 166, 51, 141, 7, 23, 0, 63, 213, 35, 161, 81, 79, 78, 58, 233, 206, 247, 56, 100, 187, 177, 180, 247,
84, 13, 204, 155, 117, 190, 243, 152, 193, 37, 157, 134, 139, 225, 48, 253, 143, 220, 119, 69, 147, 212, 139, 155, 20, 4, 207, 106, 136, 30, 236, 224, 140, 166, 67, 84, 152, 144, 206, 101,
211, 132, 62, 118, 48, 120, 203, 185, 95, 175, 189, 130, 235, 128, 252, 83, 253, 174, 124, 209, 79, 224, 211, 84, 248, 54, 192, 1, 17, 130, 62, 43, 28, 236, 210, 125, 5, 114, 131, 26,
144, 229, 16, 183, 11, 248, 195, 39, 211, 14, 159, 155, 236, 99, 22, 58, 95, 111, 106, 184, 113, 38, 54, 217, 150, 173, 16, 143, 168, 31, 190, 6, 170, 202, 215, 119, 230, 190, 75, 229,
38, 95, 112, 6, 244, 81, 114, 238, 162, 122, 222, 133, 150, 220, 98, 135, 186, 218, 249, 136, 107, 3, 65, 241, 125, 29, 35, 96, 150, 61, 22, 152, 237, 91, 192, 23, 81, 34, 115, 140,
224, 32, 70, 98, 15, 118, 221, 95, 20, 0, 77, 33, 13, 178, 35, 177, 142, 157, 227, 219, 19, 243, 44, 94, 190, 66, 8, 141, 239, 36, 131, 42, 127, 137, 211, 67, 53, 97, 179, 22,
239, 185, 133, 56, 200, 102, 31, 73, 173, 11, 5, 134, 230, 114, 210, 3, 47, 138, 210, 242, 167, 189, 232, 38, 138, 31, 113, 192, 138, 2, 247, 207, 252, 19, 83, 207, 9, 239, 225, 12,
52, 40, 170, 30, 175, 30, 179, 255, 214, 9, 123, 88, 46, 100, 173, 254, 242, 160, 185, 185, 107, 109, 16, 180, 18, 79, 138, 198, 42, 249, 210, 210, 148, 86, 45, 38, 85, 30, 132, 165,
190, 165, 176, 71, 150, 209, 7, 149, 74, 235, 108, 37, 34, 163, 72, 124, 233, 79, 30, 85, 166, 162, 129, 171, 158, 11, 245, 232, 171, 15, 83, 86, 38, 243, 126, 253, 133, 230, 99, 32,
170, 221, 198, 7, 177, 114, 27, 47, 237, 108, 221, 13, 54, 176, 87, 73, 79, 237, 13, 166, 172, 190, 49, 56, 227, 210, 158, 150, 24, 247, 67, 22, 158, 184, 40, 254, 108, 224, 203, 214,
52, 187, 42, 149, 47, 12, 50, 57, 182, 61, 231, 117, 19, 117, 44, 221, 206, 180, 62, 11, 142, 172, 170, 251, 68, 77, 251, 248, 55, 250, 242, 188, 205, 41, 204, 212, 150, 213, 39, 133,
172, 153, 2, 86, 167, 220, 200, 195, 12, 59, 146, 60, 173, 70, 195, 190, 168, 180, 80, 117, 132, 142, 238, 63, 254, 142, 62, 114, 103, 67, 235, 157, 52, 252, 161, 158, 146, 232, 139, 76,
208, 174, 12, 176, 63, 222, 211, 78, 163, 58, 137, 38, 27, 188, 19, 31, 36, 209, 142, 99, 114, 70, 165, 74, 135, 246, 48, 183, 10, 146, 141, 20, 190, 122, 181, 136, 188, 120, 8, 29,
87, 79, 114, 130, 119, 40, 60, 194, 214, 243, 31, 153, 149, 44, 133, 61, 130, 156, 230, 68, 133, 157, 96, 237, 28, 30, 74, 10, 156, 75, 86, 243, 164, 105, 241, 131, 180, 240, 82, 170,
225, 144, 249, 241, 60, 0, 109, 214, 125, 43, 28, 100, 137, 42, 11, 169, 227, 117, 154, 20, 25, 17, 114, 187, 130, 94, 20, 116, 109, 85, 136, 111, 119, 113, 8, 51, 124, 141, 23, 138,
211, 139, 167, 161, 81, 208, 19, 67, 238, 64, 19, 136, 158, 43, 183, 41, 124, 204, 220, 123, 113, 104, 195, 31, 232, 170, 140, 43, 183, 31, 29, 8, 166, 58, 84, 159, 169, 98, 204, 46,
14, 191, 238, 212, 175, 183, 194, 15, 138, 43, 112, 192, 138, 52, 243, 231, 252, 19, 71, 239, 9, 191, 225, 69, 52, 115, 238, 30, 175, 106, 183, 235, 214, 9, 113, 53, 46, 108, 173, 202,
242, 148, 139, 185, 107, 51, 50, 169, 20, 81, 145, 230, 34, 207, 141, 228, 128, 117, 97, 127, 46, 49, 166, 165, 195, 168, 164, 41, 146, 236, 41, 182, 83, 225, 81, 62, 29, 153, 110, 105,
234, 85, 18, 21, 191, 204, 147, 196, 253, 69, 135, 232, 149, 75, 74, 120, 112, 250, 120, 180, 176, 216, 84, 93, 189, 154, 192, 51, 135, 90, 85, 36, 204, 70, 214, 25, 21, 248, 69, 75,
108, 163, 17, 251, 188, 134, 61, 55, 227, 230, 193, 142, 12, 148, 70, 16, 168, 229, 90, 230, 42, 204, 137, 190, 29, 255, 32, 213, 5, 12, 79, 6, 208, 62, 164, 68, 40, 65, 38, 159,
227, 239, 38, 14, 139, 133, 182, 244, 68, 60, 210, 250, 42, 229, 227, 239, 193, 111, 131, 211, 191, 204, 17, 242, 190, 202, 121, 6, 141, 209, 241, 173, 47, 40, 204, 84, 163, 48, 208, 138,
140, 160, 116, 85, 203, 175, 246, 124, 211, 128, 90, 93, 61, 76, 183, 155, 68, 195, 141, 132, 161, 233, 169, 122, 253, 196, 115, 198, 51, 240, 226, 111, 179, 96, 179, 59, 42, 144, 11, 45,
8, 187, 141, 74, 14, 79, 145, 121, 209, 180, 45, 251, 76, 179, 131, 14, 193, 4, 156, 140, 230, 100, 19, 104, 71, 15, 97, 198, 49, 22, 94, 193, 151, 214, 13, 139, 183, 83, 176, 75,
228, 194, 200, 68, 185, 211, 64, 218, 55, 27, 97, 21, 139, 8, 15, 255, 182, 67, 196, 200, 209, 206, 123, 227, 230, 230, 220, 155, 30, 47, 109, 213, 48, 28, 51, 70, 244, 63, 35, 130,
237, 10, 198, 23, 55, 126, 36, 179, 242, 93, 31, 95, 40, 87, 128, 66, 21, 46, 54, 10, 39, 168, 35, 136, 142, 131, 156, 226, 79, 193, 95, 20, 197, 66, 98, 142, 142, 46, 173, 104,
115, 137, 245, 122, 62, 58, 202, 17, 234, 185, 182, 7, 140, 83, 53, 80, 130, 9, 4, 153, 165, 105, 252, 22, 50, 194, 232, 201, 134, 136, 246, 32, 211, 41, 121, 198, 139, 37, 223, 218,
236, 49, 71, 175, 62, 220, 237, 29, 42, 105, 233, 17, 141, 28, 128, 239, 209, 43, 111, 71, 59, 94, 228, 247, 154, 230, 164, 191, 105, 59, 80, 254, 6, 76, 183, 195, 34, 203, 213, 206,
144, 101, 59, 41, 24, 96, 165, 153, 241, 162, 190, 18, 182, 202, 7, 142, 124, 150, 115, 66, 29, 224, 124, 47, 227, 115, 90, 103, 202, 181, 155, 172, 253, 65, 193, 248, 137, 53, 67, 74,
61, 157, 105, 148, 175, 135, 21, 67, 145, 200, 208, 63, 186, 89, 86, 43, 179, 16, 199, 106, 21, 171, 101, 116, 73, 154, 48, 167, 177, 185, 34, 26, 200, 223, 241, 184, 14, 175, 36, 4,
165, 250, 55, 255, 59, 202, 134, 220, 20, 136, 51, 139, 13, 20, 81, 45, 142, 41, 145, 122, 24, 37, 44, 154, 254, 249, 37, 76, 237, 161, 174, 201, 110, 22, 208, 217, 44, 228, 210, 144,
148, 37, 157, 182, 202, 236, 17, 241, 179, 183, 75, 26, 141, 234, 246, 143, 13, 14, 253, 51, 240, 26, 144, 162, 220, 169, 34, 85, 139, 176, 254, 96, 222, 215, 93, 114, 105, 110, 183, 176,
117, 214, 136, 166, 179, 199, 146, 106, 225, 189, 116, 179, 25, 224, 187, 72, 136, 35, 131, 10, 43, 186, 83, 42, 116, 209, 138, 99, 18, 114, 135, 24, 138, 255, 97, 191, 38, 157, 133, 26,
218, 115, 131, 178, 133, 24, 10, 52, 107, 97, 40, 166, 61, 27, 51, 239, 242, 173, 33, 150, 149, 0, 225, 13, 160, 156, 222, 68, 230, 171, 71, 219, 113, 125, 76, 118, 174, 124, 98, 253,
183, 123, 237, 191, 200, 193, 67, 132, 253, 201, 243, 168, 57, 41, 109, 207, 77, 96, 110, 70, 162, 4, 38, 162, 225, 111, 230, 117, 12, 1, 96, 229, 168, 122, 16, 111, 109, 43, 133, 91,
52, 125, 43, 42, 114, 168, 86, 172, 156, 139, 158, 198, 51, 216, 19, 100, 211, 89, 59, 212, 149, 29, 166, 83, 84, 145, 169, 4, 39, 73, 220, 11, 157, 239, 146, 1, 209, 21, 22, 94,
169, 67, 97, 157, 136, 119, 195, 4, 52, 194, 246, 252, 131, 153, 237, 122, 166, 3, 69, 201, 148, 27, 218, 191, 184, 41, 65, 249, 110, 238, 237, 46, 42, 96, 158, 18, 182, 98, 171, 233,
157, 8, 109, 101, 20, 48, 222, 243, 138, 186, 148, 138, 24, 60, 79, 155, 50, 113, 139, 207, 1, 237, 142, 225, 215, 104, 0, 28, 24, 0, 152, 190, 253, 130, 254, 73, 235, 145, 7, 170,
72, 192, 72, 12, 29, 185, 73, 121, 253, 123, 35, 104, 180, 208, 173, 200, 250, 87, 201, 159, 146, 65, 75, 126, 11, 145, 12, 139, 131, 231, 23, 122, 146, 197, 204, 63, 186, 124, 64, 52,
236, 17, 217, 47, 39, 142, 84, 116, 98, 177, 60, 242, 177, 169, 42, 57, 205, 251, 195, 140, 60, 176, 88, 57, 137, 246, 29, 192, 109, 217, 173, 221, 7, 168, 44, 221, 18, 20, 14, 19,
209, 26, 161, 122, 85, 37, 28, 153, 232, 247, 98, 92, 167, 156, 239, 168, 70, 41, 160, 240, 42, 164, 197, 233, 230, 37, 197, 150, 168, 239, 30, 253, 143, 190, 94, 60, 185, 192, 198, 187,
1, 58, 143, 126, 175, 17, 195, 136, 140, 130, 83, 84, 202, 161, 206, 77, 254, 142, 68, 45, 60, 107, 203, 200, 117, 178, 170, 189, 167, 153, 169, 117, 144, 177, 79, 250, 25, 198, 187, 118,
178, 55, 149, 1, 7, 238, 33, 61, 3, 193, 143, 125, 116, 43, 180, 127, 183, 234, 0, 183, 10, 190, 128, 61, 206, 123, 178, 140, 244, 108, 22, 41, 104, 15, 72, 132, 119, 6, 117, 203,
208, 242, 28, 198, 159, 16, 147, 6, 143, 202, 253, 107, 188, 142, 113, 234, 42, 30, 14, 40, 178, 88, 114, 226, 164, 21, 212, 192, 207, 213, 27, 159, 189, 243, 240, 149, 60, 63, 106, 230,
78, 28, 35, 101, 163, 8, 48, 179, 212, 82, 192, 39, 12, 62, 115, 157, 133, 32, 35, 118, 26, 51, 141, 98, 12, 19, 1, 7, 54, 188, 21, 211, 179, 138, 132, 165, 21, 164, 2, 73,
243, 113, 36, 249, 238, 33, 247, 72, 115, 137, 204, 92, 19, 54, 202, 1, 149, 165, 198, 23, 206, 23, 28, 84, 228, 6, 73, 159, 155, 74, 212, 14, 119, 138, 210, 236, 134, 158, 234, 6,
166, 52, 127, 193, 141, 3, 230, 200, 205, 13, 83, 200, 23, 203, 181, 36, 76, 67, 234, 30, 146, 98, 252, 137, 209, 16, 2, 71, 4, 78, 253, 239, 164, 139, 154, 129, 30, 33, 32, 141,
13, 70, 203, 209, 6, 204, 142, 132, 144, 53, 12, 98, 31, 103, 185, 148, 219, 160, 147, 71, 148, 231, 35, 137, 42, 150, 99, 69, 15, 170, 111, 109, 225, 40, 30, 87, 145, 163, 230, 196,
250, 92, 221, 228, 150, 28, 28, 103, 112, 229, 111, 149, 133, 211, 75, 105, 148, 213, 237, 18, 166, 102, 71, 13, 234, 123, 166, 111, 105, 190, 51, 12, 87, 178, 27, 243, 177, 150, 49, 15,
144, 246, 250, 171, 36, 161, 114, 50, 252, 252, 16, 214, 108, 204, 148, 180, 119, 160, 48, 140, 39, 52, 34, 26, 140, 10, 164, 37, 16, 80, 2, 225, 185, 239, 39, 109, 167, 132, 161, 232,
110, 64, 160, 230, 114, 235, 203, 244, 151, 19, 173, 170, 135, 253, 101, 217, 174, 182, 0, 12, 189, 207, 201, 132, 16, 58, 244, 92, 182, 17, 236, 136, 130, 223, 80, 117, 181, 178, 198, 106,
222, 142, 98, 122, 29, 125, 182, 165, 86, 193, 128, 181, 242, 249, 158, 117, 223, 189, 6, 176, 8, 193, 251, 115, 188, 25, 165, 10, 38, 157, 54, 5, 117, 236, 159, 99, 114, 101, 179, 97,
144, 244, 19, 231, 46, 189, 130, 37, 205, 4, 160, 150, 133, 31, 7, 61, 61, 74, 73, 130, 11, 44, 103, 205, 194, 183, 67, 232, 189, 31, 145, 42, 130, 220, 255, 71, 133, 203, 81, 154,
11, 92, 97, 3, 168, 10, 87, 224, 180, 90, 196, 135, 180, 244, 118, 191, 249, 236, 198, 237, 29, 48, 65, 254, 75, 43, 60, 115, 160, 42, 38, 157, 211, 111, 195, 25, 74, 46, 115, 134,
153, 124, 3, 59, 20, 41, 173, 111, 54, 34, 79, 6, 32, 188, 29, 222, 168, 231, 128, 244, 79, 166, 67, 67, 195, 79, 8, 239, 230, 15, 158, 120, 97, 145, 195, 115, 107, 85, 242, 104,
246, 132, 131, 12, 207, 110, 22, 95, 187, 30, 100, 137, 136, 1, 209, 36, 14, 198, 142, 197, 147, 170, 246, 28, 139, 30, 124, 255, 169, 36, 214, 201, 248, 41, 123, 248, 30, 253, 206, 73,
82, 43, 177, 101, 130, 105, 239, 138, 235, 94, 25, 10, 94, 39, 180, 188, 144, 228, 172, 238, 98, 120, 70, 160, 114, 78, 168, 195, 117, 208, 165, 250, 137, 107, 31, 41, 11, 1, 128, 180,
253, 171, 178, 24, 177, 131, 19, 179, 77, 209, 127, 31, 38, 142, 115, 45, 242, 125, 67, 102, 139, 175, 161, 177, 146, 118, 250, 223, 140, 52, 22, 127, 117, 231, 123, 179, 246, 135, 21, 100,
137, 230, 164, 20, 147, 103, 81, 33, 190, 114, 168, 9, 5, 135, 124, 122, 77, 154, 44, 166, 247, 174, 13, 30, 146, 249, 133, 139, 31, 132, 59, 30, 138, 188, 25, 193, 19, 239, 128, 229,
20, 143, 47, 220, 124, 12, 92, 93, 173, 58, 230, 68, 81, 89, 70, 222, 216, 172, 58, 85, 153, 153, 141, 174, 42, 23, 213, 218, 30, 250, 202, 174, 150, 109, 144, 180, 171, 255, 55, 138,
175, 192, 123, 92, 152, 193, 209, 162, 118, 92, 203, 103, 174, 22, 209, 184, 179, 156, 45, 72, 137, 192, 240, 69, 228, 129, 120, 72, 104, 59, 239, 183, 67, 242, 141, 162, 253, 224, 130, 105,
202, 180, 127, 245, 76, 237, 165, 47, 128, 24, 222, 32, 47, 190, 13, 30, 44, 248, 184, 19, 111, 108, 149, 97, 157, 251, 32, 150, 9, 150, 153, 26, 220, 115, 224, 167, 180, 110, 111, 36,
95, 95, 108, 130, 53, 26, 66, 205, 220, 241, 27, 240, 137, 9, 251, 45, 177, 240, 130, 69, 171, 193, 19, 199, 43, 71, 15, 16, 173, 122, 109, 189, 169, 73, 251, 182, 152, 220, 67, 160,
253, 148, 192, 169, 106, 9, 118, 242, 80, 40, 43, 83, 179, 25, 1, 159, 146, 15, 132, 44, 40, 19, 97, 178, 142, 100, 28, 69, 21, 85, 156, 69, 53, 2, 16, 13, 34, 184, 13, 166,
208, 137, 158, 202, 45, 244, 70, 127, 209, 77, 19, 217, 152, 92, 169, 95, 52, 200, 233, 5, 35, 56, 211, 9, 236, 229, 180, 6, 213, 68, 48, 105, 154, 88, 68, 223, 176, 75, 198, 25,
119, 171, 248, 198, 148, 166, 139, 9, 139, 67, 125, 253, 178, 13, 242, 181, 217, 48, 75, 213, 8, 255, 247, 19, 79, 43, 235, 51, 156, 106, 147, 138, 148, 78, 94, 104, 16, 86, 199, 218,
172, 152, 179, 162, 112, 25, 42, 160, 50, 56, 168, 201, 117, 245, 165, 157, 174, 107, 31, 29, 38, 99, 187, 163, 197, 169, 131, 41, 181, 144, 48, 233, 70, 244, 105, 19, 19, 159, 124, 125,
200, 88, 63, 113, 189, 174, 152, 179, 167, 95, 132, 192, 187, 41, 107, 126, 125, 197, 73, 162, 156, 248, 77, 110, 156, 212, 164, 37, 185, 77, 65, 30, 201, 82, 208, 51, 116, 162, 117, 118,
80, 174, 44, 250, 179, 130, 41, 73, 213, 143, 248, 171, 29, 177, 65, 43, 146, 212, 66, 184, 46, 215, 162, 218, 1, 164, 52, 221, 44, 50, 92, 58, 143, 58, 230, 124, 50, 64, 70, 222,
224, 186, 58, 93, 138, 152, 146, 207, 60, 48, 207, 238, 0, 191, 202, 183, 146, 27, 164, 135, 207, 197, 30, 237, 146, 132, 5, 91, 171, 192, 243, 170, 54, 11, 215, 98, 242, 6, 209, 255,
178, 149, 96, 27, 155, 155, 204, 78, 237, 168, 83, 123, 40, 78, 222, 177, 92, 247, 146, 129, 151, 224, 149, 3, 200, 133, 13, 215, 36, 243, 165, 37, 131, 54, 184, 22, 19, 145, 21, 14,
115, 176, 192, 111, 18, 39, 149, 126, 177, 251, 32, 229, 13, 132, 153, 26, 220, 1, 144, 174, 143, 102, 34, 100, 68, 73, 78, 141, 19, 39, 49, 193, 138, 255, 28, 152, 189, 11, 187, 74,
159, 152, 232, 86, 236, 170, 98, 149, 41, 89, 112, 8, 174, 12, 11, 223, 135, 73, 195, 146, 135, 218, 122, 160, 248, 146, 192, 233, 110, 59, 69, 138, 96, 45, 52, 109, 131, 35, 48, 180,
150, 86, 140, 9, 52, 44, 90, 151, 161, 92, 23, 89, 50, 105, 172, 77, 42, 13, 42, 85, 35, 156, 80, 146, 180, 168, 162, 230, 71, 212, 70, 65, 164, 111, 97, 245, 176, 62, 179, 68,
78, 179, 168, 126, 3, 120, 241, 9, 204, 173, 180, 87, 213, 84, 37, 76, 159, 17, 122, 219, 136, 97, 201, 52, 50, 190, 208, 179, 165, 171, 139, 39, 160, 28, 77, 218, 143, 46, 252, 229,
209, 46, 83, 246, 13, 195, 200, 13, 81, 104, 172, 7, 169, 75, 247, 250, 215, 22, 84, 84, 43, 127, 214, 243, 143, 182, 189, 191, 42, 11, 0, 156, 119, 122, 161, 209, 1, 166, 165, 254,
128, 59, 31, 50, 73, 19, 159, 163, 207, 140, 178, 18, 137, 158, 49, 237, 64, 201, 85, 1, 9, 167, 124, 118, 202, 114, 90, 17, 147, 208, 189, 158, 250, 5, 233, 248, 143, 25, 106, 127,
110, 145, 123, 180, 137, 254, 119, 81, 143, 205, 223, 70, 167, 80, 81, 33, 232, 102, 160, 110, 48, 138, 116, 9, 80, 233, 1, 165, 180, 183, 124, 35, 212, 141, 131, 175, 60, 254, 77, 108,
175, 212, 51, 252, 104, 201, 176, 193, 23, 157, 11, 180, 41, 50, 41, 25, 208, 11, 151, 74, 7, 123, 70, 222, 189, 172, 58, 70, 153, 185, 141, 237, 75, 28, 207, 134, 118, 227, 193, 143,
194, 106, 141, 141, 144, 203, 25, 206, 159, 135, 85, 7, 146, 209, 235, 170, 49, 3, 223, 84, 142, 79, 222, 175, 159, 132, 37, 64, 176, 163, 242, 70, 237, 200, 92, 104, 6, 64, 246, 206,
76, 220, 189, 153, 129, 196, 156, 88, 146, 180, 113, 205, 14, 202, 222, 77, 154, 33, 156, 34, 116, 170, 28, 31, 22, 209, 207, 109, 119, 93, 140, 97, 163, 253, 103, 178, 25, 174, 146, 89,
211, 43, 166, 202, 158, 64, 107, 41, 127, 22, 93, 157, 119, 59, 66, 180, 205, 241, 35, 193, 206, 30, 181, 25, 254, 220, 130, 102, 171, 181, 124, 135, 117, 67, 18, 7, 173, 124, 109, 186,
170, 25, 247, 128, 201, 156, 96, 132, 254, 231, 245, 232, 49, 47, 73, 142, 61, 21, 43, 113, 134, 39, 50, 201, 202, 115, 140, 43, 43, 40, 80, 138, 130, 94, 33, 67, 41, 114, 158, 97,
40, 29, 30, 44, 35, 138, 41, 210, 157, 153, 144, 165, 53, 216, 70, 28, 197, 84, 105, 240, 166, 5, 180, 81, 65, 184, 239, 101, 115, 71, 182, 54, 203, 232, 159, 52, 205, 64, 28, 101,
160, 61, 122, 187, 169, 125, 144, 26, 48, 184, 136, 254, 168, 136, 246, 45, 157, 11, 77, 201, 147, 88, 241, 198, 250, 25, 70, 212, 55, 219, 188, 74, 77, 111, 234, 0, 235, 97, 246, 201,
246, 83, 94, 107, 20, 112, 245, 229, 187, 138, 200, 160, 48, 10, 80, 152, 29, 108, 139, 200, 33, 168, 165, 236, 176, 94, 18, 8, 49, 53, 144, 223, 196, 129, 130, 12, 181, 226, 118, 133,
64, 205, 120, 60, 16, 131, 76, 112, 220, 88, 55, 25, 201, 148, 237, 185, 249, 87, 233, 225, 186, 15, 22, 75, 31, 211, 122, 243, 129, 137, 77, 122, 177, 250, 251, 58, 185, 112, 65, 0,
186, 113, 199, 22, 9, 139, 117, 118, 125, 174, 44, 210, 179, 174, 41, 13, 242, 140, 132, 153, 63, 189, 125, 40, 174, 245, 9, 219, 41, 206, 161, 237, 52, 176, 53, 156, 40, 52, 54, 58,
157, 60, 230, 67, 73, 111, 37, 230, 218, 237, 11, 118, 172, 154, 180, 202, 53, 59, 252, 135, 49, 201, 171, 147, 220, 100, 144, 185, 144, 254, 25, 217, 158, 135, 101, 95, 156, 203, 222, 134,
1, 26, 203, 76, 142, 62, 211, 255, 211, 195, 114, 88, 156, 179, 204, 94, 184, 168, 91, 49, 27, 95, 231, 151, 106, 219, 146, 142, 151, 204, 246, 104, 255, 178, 119, 195, 76, 236, 165, 115,
174, 98, 176, 9, 8, 174, 32, 13, 113, 207, 193, 119, 119, 89, 140, 123, 168, 238, 20, 134, 49, 147, 153, 52, 209, 1, 161, 188, 165, 68, 13, 108, 118, 122, 79, 189, 34, 7, 112, 180,
209, 200, 71, 228, 172, 18, 185, 69, 250, 252, 228, 65, 133, 201, 93, 157, 124, 90, 120, 51, 142, 69, 16, 184, 169, 70, 252, 199, 140, 211, 95, 160, 252, 150, 192, 185, 58, 45, 99, 133,
76, 97, 105, 123, 129, 89, 5, 172, 247, 10, 214, 52, 75, 29, 108, 165, 177, 103, 39, 92, 111, 121, 169, 69, 34, 13, 16, 14, 34, 150, 13, 164, 181, 137, 158, 242, 72, 213, 70, 101,
220, 121, 18, 211, 240, 58, 169, 83, 55, 187, 237, 109, 55, 117, 245, 9, 145, 171, 150, 6, 177, 95, 39, 76, 165, 55, 5, 188, 150, 87, 201, 42, 110, 217, 216, 215, 148, 144, 212, 51,
210, 47, 67, 227, 142, 3, 204, 163, 255, 46, 91, 174, 104, 210, 233, 36, 51, 43, 143, 34, 140, 89, 147, 201, 206, 55, 94, 76, 20, 101, 214, 179, 164, 230, 128, 225, 17, 62, 17, 132,
114, 78, 141, 195, 14, 238, 163, 193, 177, 121, 61, 27, 25, 30, 187, 163, 242, 140, 178, 55, 137, 242, 49, 237, 85, 201, 85, 18, 30, 141, 114, 72, 146, 69, 65, 101, 153, 209, 237, 140,
155, 98, 222, 157, 157, 64, 22, 111, 23, 231, 82, 179, 246, 241, 21, 76, 142, 153, 165, 3, 176, 103, 7, 62, 190, 114, 208, 9, 116, 135, 117, 105, 81, 174, 44, 161, 183, 188, 41, 13,
242, 229, 133, 153, 46, 179, 70, 58, 177, 212, 2, 247, 56, 240, 156, 198, 60, 131, 33, 166, 41, 29, 7, 93, 177, 60, 230, 73, 15, 96, 59, 255, 232, 196, 48, 119, 138, 176, 146, 175,
42, 19, 193, 218, 28, 195, 208, 149, 234, 53, 157, 136, 151, 212, 127, 138, 174, 169, 0, 93, 236, 128, 229, 180, 54, 13, 203, 87, 253, 54, 234, 178, 160, 152, 87, 96, 153, 179, 241, 107,
228, 167, 32, 83, 27, 68, 178, 169, 118, 219, 246, 230, 242, 201, 246, 104, 232, 144, 119, 245, 76, 230, 165, 68, 128, 25, 192, 45, 7, 172, 86, 33, 115, 190, 170, 81, 1, 125, 158, 66,
173, 194, 13, 181, 11, 178, 156, 94, 237, 44, 231, 182, 148, 120, 117, 23, 51, 94, 78, 165, 119, 14, 74, 248, 232, 241, 35, 228, 198, 38, 236, 45, 177, 197, 130, 103, 147, 161, 22, 222,
15, 16, 82, 15, 130, 110, 118, 221, 178, 70, 190, 129, 139, 252, 122, 132, 196, 210, 249, 233, 9, 30, 50, 217, 72, 59, 10, 63, 172, 13, 48, 131, 233, 115, 214, 44, 40, 113, 97, 237,
142, 99, 61, 123, 18, 112, 156, 69, 53, 2, 16, 13, 34, 141, 50, 130, 212, 182, 158, 161, 55, 244, 5, 65, 253, 122, 2, 253, 237, 61, 245, 70, 60, 151, 247, 5, 112, 96, 240, 24,
145, 174, 131, 7, 213, 114, 37, 105, 154, 4, 68, 184, 172, 8, 201, 26, 118, 186, 136, 197, 133, 133, 139, 45, 143, 10, 39, 159, 147, 78, 204, 163, 188, 51, 71, 234, 103, 186, 244, 74,
67, 116, 234, 96, 246, 127, 189, 213, 138, 75, 1, 89, 56, 117, 166, 237, 133, 182, 167, 252, 38, 25, 42, 160, 50, 56, 168, 201, 117, 245, 165, 157, 174, 107, 31, 29, 7, 110, 172, 169,
201, 185, 147, 58, 149, 235, 49, 173, 77, 201, 33, 31, 51, 250, 96, 82, 194, 51, 28, 68, 169, 165, 130, 207, 252, 96, 249, 233, 233, 2, 109, 127, 125, 197, 123, 162, 246, 252, 21, 83,
129, 230, 164, 37, 185, 77, 65, 30, 201, 82, 208, 51, 18, 156, 55, 76, 46, 168, 46, 253, 169, 163, 116, 73, 253, 140, 252, 244, 45, 175, 93, 5, 155, 188, 21, 231, 7, 192, 181, 203,
49, 133, 61, 137, 35, 56, 92, 26, 140, 58, 166, 71, 11, 97, 70, 206, 243, 234, 55, 125, 154, 164, 180, 236, 55, 11, 219, 231, 8, 191, 202, 183, 146, 27, 164, 135, 207, 232, 21, 237,
167, 148, 123, 23, 136, 241, 235, 163, 60, 26, 235, 105, 174, 60, 208, 157, 136, 161, 101, 93, 166, 188, 204, 106, 200, 168, 91, 123, 28, 64, 241, 177, 92, 220, 146, 165, 151, 227, 246, 104,
149, 178, 119, 247, 76, 191, 165, 115, 167, 25, 192, 42, 50, 157, 1, 124, 16, 204, 171, 87, 55, 105, 171, 82, 181, 194, 45, 229, 49, 156, 153, 35, 200, 16, 233, 182, 180, 89, 35, 55,
71, 14, 109, 199, 49, 120, 51, 180, 211, 168, 47, 234, 150, 52, 236, 74, 131, 197, 130, 122, 240, 182, 22, 222, 22, 6, 82, 47, 145, 16, 114, 223, 151, 101, 195, 146, 135, 218, 122, 160,
248, 146, 192, 233, 49, 122, 53, 133, 51, 26, 49, 91, 156, 8, 11, 180, 151, 105, 214, 19, 40, 41, 97, 182, 254, 99, 61, 61, 17, 108, 162, 77, 8, 122, 64, 50, 12, 168, 54, 216,
128, 157, 176, 230, 12, 216, 35, 75, 253, 70, 16, 201, 144, 12, 146, 43, 86, 188, 175, 13, 43, 32, 240, 99, 204, 134, 195, 38, 136, 84, 37, 118, 179, 4, 68, 168, 168, 121, 201, 26,
18, 217, 136, 221, 175, 149, 203, 63, 180, 71, 109, 255, 151, 65, 242, 163, 196, 14, 71, 218, 103, 201, 188, 45, 77, 96, 128, 21, 167, 121, 141, 201, 239, 69, 94, 75, 56, 65, 221, 198,
143, 230, 147, 252, 43, 8, 17, 180, 2, 34, 145, 210, 28, 207, 131, 206, 176, 100, 59, 127, 48, 63, 187, 168, 216, 182, 233, 42, 238, 237, 10, 145, 83, 246, 79, 12, 118, 228, 101, 122,
213, 94, 90, 22, 206, 133, 147, 140, 161, 88, 229, 252, 148, 76, 81, 21, 8, 238, 1, 175, 246, 222, 105, 70, 143, 205, 229, 65, 153, 71, 3, 34, 201, 97, 220, 31, 26, 142, 125, 115,
55, 158, 44, 194, 183, 223, 41, 13, 150, 239, 132, 129, 31, 150, 100, 55, 142, 184, 9, 231, 40, 234, 163, 198, 1, 170, 59, 145, 23, 108, 55, 41, 212, 1, 231, 82, 49, 123, 3, 222,
193, 228, 101, 82, 149, 160, 134, 169, 99, 63, 170, 252, 42, 217, 246, 183, 210, 109, 164, 141, 144, 194, 19, 234, 128, 134, 89, 5, 176, 140, 235, 163, 11, 3, 204, 104, 245, 6, 234, 254,
167, 142, 116, 9, 172, 133, 224, 109, 200, 160, 99, 81, 8, 74, 171, 164, 92, 235, 173, 255, 235, 221, 156, 92, 247, 134, 118, 195, 20, 221, 162, 111, 165, 18, 154, 125, 7, 177, 81, 124,
13, 239, 190, 109, 55, 122, 162, 125, 180, 188, 48, 178, 61, 186, 219, 26, 184, 4, 225, 206, 165, 88, 43, 43, 76, 126, 42, 185, 111, 45, 105, 220, 235, 174, 28, 153, 134, 17, 255, 10,
142, 197, 197, 91, 156, 187, 83, 220, 7, 120, 111, 35, 161, 79, 21, 186, 150, 102, 254, 193, 137, 243, 71, 185, 197, 251, 193, 189, 102, 42, 61, 207, 77, 46, 109, 33, 176, 23, 19, 189,
214, 94, 219, 38, 72, 62, 101, 134, 179, 101, 90, 71, 47, 81, 209, 106, 125, 26, 42, 86, 37, 234, 45, 218, 173, 168, 150, 212, 70, 250, 34, 78, 232, 118, 100, 201, 187, 5, 243, 93,
109, 204, 204, 124, 5, 78, 246, 53, 144, 141, 167, 55, 213, 106, 45, 105, 177, 2, 127, 168, 175, 64, 226, 61, 50, 162, 136, 254, 133, 152, 238, 38, 172, 40, 81, 232, 153, 88, 220, 189,
185, 48, 32, 220, 27, 201, 215, 14, 85, 113, 235, 99, 235, 97, 149, 212, 145, 59, 83, 48, 16, 113, 228, 229, 228, 138, 184, 137, 38, 104, 8, 132, 29, 92, 177, 200, 2, 172, 165, 146,
211, 66, 56, 8, 13, 35, 133, 223, 248, 187, 168, 19, 177, 237, 49, 173, 84, 207, 50, 32, 34, 168, 49, 125, 255, 44, 38, 122, 198, 143, 135, 186, 158, 93, 247, 235, 137, 79, 83, 111,
53, 194, 15, 168, 178, 230, 109, 111, 159, 201, 220, 91, 209, 80, 69, 14, 193, 12, 168, 38, 61, 167, 113, 23, 85, 190, 40, 219, 128, 191, 107, 46, 209, 248, 194, 152, 4, 130, 63, 36,
165, 244, 5, 253, 41, 241, 147, 163, 20, 132, 11, 158, 22, 60, 7, 14, 137, 36, 135, 125, 10, 67, 7, 135, 189, 181, 11, 106, 230, 141, 240, 179, 98, 63, 232, 205, 10, 205, 221, 175,
150, 6, 141, 150, 168, 229, 98, 228, 132, 220, 0, 95, 171, 151, 204, 185, 61, 81, 218, 104, 146, 73, 209, 228, 208, 152, 87, 71, 156, 187, 204, 95, 253, 161, 40, 112, 42, 111, 215, 177,
97, 253, 188, 182, 134, 246, 247, 88, 212, 215, 113, 194, 7, 198, 228, 55, 158, 18, 167, 127, 13, 151, 13, 30, 113, 216, 184, 67, 3, 113, 177, 126, 176, 163, 48, 154, 13, 186, 167, 89,
211, 34, 161, 191, 180, 99, 8, 100, 64, 81, 93, 162, 35, 4, 65, 176, 208, 170, 19, 200, 206, 1, 226, 42, 189, 222, 130, 125, 240, 148, 22, 254, 20, 6, 82, 60, 130, 121, 114, 211,
183, 25, 243, 182, 213, 131, 122, 157, 236, 149, 235, 140, 45, 48, 87, 133, 53, 49, 52, 100, 189, 4, 48, 200, 209, 126, 253, 16, 23, 8, 76, 233, 138, 60, 39, 105, 55, 96, 149, 97,
45, 33, 16, 52, 115, 157, 45, 216, 177, 135, 133, 221, 7, 195, 36, 24, 230, 121, 7, 134, 174, 17, 149, 109, 119, 187, 175, 80, 118, 68, 252, 9, 236, 132, 155, 50, 142, 101, 37, 78,
253, 61, 6, 215, 145, 98, 149, 26, 118, 143, 212, 215, 169, 178, 139, 62, 159, 67, 81, 214, 142, 3, 242, 163, 227, 83, 88, 221, 55, 184, 254, 25, 48, 54, 235, 44, 138, 107, 130, 214,
236, 52, 102, 65, 59, 101, 214, 242, 169, 150, 147, 190, 17, 47, 28, 132, 21, 57, 191, 247, 18, 199, 131, 206, 146, 35, 59, 33, 70, 62, 131, 169, 209, 143, 179, 45, 238, 235, 115, 172,
81, 129, 126, 18, 111, 159, 81, 90, 200, 86, 0, 101, 152, 211, 189, 177, 146, 118, 250, 223, 140, 30, 114, 101, 9, 234, 112, 147, 235, 210, 11, 88, 157, 245, 251, 54, 153, 117, 122, 120,
206, 18, 214, 41, 38, 251, 114, 15, 100, 157, 58, 229, 178, 173, 116, 30, 247, 254, 220, 247, 63, 170, 95, 58, 131, 188, 53, 228, 42, 175, 162, 163, 52, 154, 72, 168, 35, 110, 85, 64,
142, 8, 172, 94, 85, 99, 58, 149, 216, 235, 50, 127, 234, 165, 246, 237, 55, 28, 207, 214, 118, 195, 224, 147, 207, 38, 197, 215, 207, 212, 21, 138, 174, 135, 92, 23, 152, 244, 208, 163,
60, 33, 128, 77, 142, 44, 195, 142, 176, 161, 115, 71, 189, 144, 204, 58, 248, 180, 88, 39, 111, 103, 189, 206, 46, 175, 129, 162, 245, 159, 128, 15, 138, 146, 97, 244, 7, 211, 213, 111,
160, 3, 171, 39, 61, 156, 7, 31, 19, 250, 158, 115, 52, 107, 157, 66, 188, 195, 50, 229, 48, 158, 196, 42, 254, 4, 176, 182, 188, 125, 34, 25, 52, 22, 93, 177, 119, 7, 80, 220,
232, 172, 19, 218, 169, 83, 236, 25, 255, 233, 200, 69, 179, 172, 124, 157, 115, 91, 82, 12, 174, 9, 102, 221, 169, 25, 190, 168, 201, 131, 67, 180, 204, 214, 192, 170, 9, 10, 101, 200,
103, 1, 19, 59, 147, 61, 11, 191, 149, 74, 227, 8, 52, 6, 80, 138, 224, 98, 39, 102, 116, 79, 181, 77, 2, 120, 79, 41, 22, 239, 29, 196, 143, 250, 151, 242, 46, 246, 35, 110,
196, 107, 19, 237, 174, 9, 146, 91, 108, 175, 175, 120, 51, 103, 241, 9, 145, 154, 129, 13, 142, 113, 39, 89, 129, 7, 73, 222, 135, 11, 231, 21, 51, 176, 143, 180, 190, 171, 205, 123,
143, 52, 65, 137, 182, 34, 229, 189, 207, 0, 58, 218, 107, 207, 233, 69, 60, 113, 157, 51, 181, 25, 143, 141, 156, 27, 124, 68, 26, 94, 214, 237, 156, 153, 167, 189, 7, 110, 19, 132,
21, 115, 168, 201, 117, 245, 165, 226, 182, 64, 20, 32, 49, 37, 135, 222, 224, 149, 190, 39, 230, 135, 28, 184, 77, 209, 127, 18, 19, 132, 110, 122, 208, 43, 12, 101, 147, 157, 166, 206,
255, 86, 242, 133, 182, 10, 98, 126, 23, 152, 86, 167, 180, 243, 71, 120, 128, 222, 164, 6, 142, 77, 100, 1, 223, 85, 250, 57, 108, 254, 114, 76, 116, 168, 29, 246, 128, 168, 5, 51,
202, 140, 132, 244, 63, 176, 81, 43, 146, 229, 38, 224, 48, 239, 214, 237, 11, 176, 16, 137, 22, 17, 9, 29, 139, 3, 177, 106, 44, 91, 33, 194, 217, 183, 48, 125, 154, 145, 244, 254,
67, 41, 160, 155, 41, 200, 220, 236, 195, 41, 157, 163, 155, 148, 7, 216, 137, 195, 84, 59, 168, 194, 210, 163, 118, 11, 218, 101, 173, 12, 239, 187, 132, 223, 101, 89, 177, 143, 204, 69,
237, 168, 100, 91, 57, 60, 237, 177, 112, 245, 137, 225, 167, 194, 149, 114, 195, 207, 80, 203, 51, 225, 230, 42, 128, 33, 156, 31, 8, 144, 44, 33, 116, 188, 141, 19, 52, 112, 203, 25,
181, 228, 27, 229, 49, 156, 153, 52, 230, 34, 130, 146, 188, 103, 52, 63, 70, 94, 108, 141, 115, 11, 92, 214, 224, 213, 38, 242, 206, 4, 129, 74, 131, 197, 130, 122, 173, 203, 124, 135,
38, 2, 117, 39, 160, 72, 97, 190, 168, 106, 223, 158, 204, 209, 80, 180, 228, 149, 232, 144, 9, 49, 115, 219, 46, 114, 19, 82, 178, 61, 46, 130, 234, 106, 129, 35, 59, 118, 33, 151,
162, 33, 22, 69, 111, 92, 207, 77, 33, 58, 26, 93, 116, 146, 17, 164, 160, 137, 158, 162, 52, 245, 44, 75, 233, 121, 18, 201, 174, 12, 139, 106, 81, 204, 175, 70, 50, 123, 233, 48,
147, 170, 158, 87, 164, 72, 37, 126, 167, 92, 69, 220, 170, 93, 240, 52, 50, 156, 143, 254, 190, 183, 213, 3, 128, 28, 66, 201, 140, 29, 197, 214, 209, 11, 127, 169, 111, 227, 239, 36,
77, 42, 155, 54, 128, 118, 246, 201, 239, 21, 3, 119, 23, 127, 160, 202, 143, 230, 171, 253, 17, 57, 48, 182, 47, 57, 180, 211, 2, 217, 174, 158, 180, 107, 97, 127, 11, 39, 135, 169,
255, 155, 233, 42, 177, 241, 39, 191, 119, 245, 127, 12, 38, 129, 73, 82, 213, 87, 28, 73, 153, 147, 134, 211, 250, 86, 212, 244, 190, 46, 107, 101, 53, 241, 120, 235, 253, 138, 124, 100,
208, 201, 164, 58, 169, 0, 6, 33, 224, 107, 194, 23, 53, 152, 51, 121, 97, 149, 14, 164, 171, 128, 20, 78, 211, 254, 215, 235, 73, 246, 59, 58, 141, 188, 53, 161, 8, 161, 149, 193,
1, 144, 47, 145, 41, 57, 7, 25, 129, 126, 145, 119, 15, 33, 70, 220, 249, 172, 24, 73, 233, 185, 246, 237, 75, 28, 207, 134, 118, 227, 193, 143, 194, 106, 141, 141, 200, 242, 58, 206,
131, 220, 95, 52, 138, 235, 211, 169, 45, 12, 218, 115, 170, 84, 222, 132, 172, 156, 113, 115, 198, 141, 204, 69, 237, 160, 67, 91, 104, 74, 176, 179, 105, 253, 189, 142, 173, 221, 247, 80,
237, 180, 12, 235, 49, 224, 165, 120, 158, 25, 129, 61, 16, 162, 13, 30, 7, 248, 184, 73, 3, 38, 158, 18, 151, 248, 13, 190, 10, 133, 196, 95, 251, 51, 231, 149, 156, 27, 112, 40,
100, 22, 111, 157, 61, 0, 93, 248, 157, 241, 35, 236, 198, 87, 142, 36, 157, 219, 200, 25, 147, 182, 17, 154, 12, 111, 109, 124, 160, 87, 79, 236, 135, 105, 247, 159, 150, 135, 71, 160,
255, 206, 249, 184, 24, 112, 114, 237, 105, 62, 19, 109, 177, 39, 12, 130, 255, 74, 199, 9, 23, 55, 76, 181, 159, 60, 16, 54, 61, 83, 156, 106, 6, 2, 72, 17, 49, 235, 13, 166,
188, 168, 176, 165, 53, 248, 44, 75, 187, 84, 29, 240, 172, 47, 180, 70, 125, 169, 207, 76, 19, 71, 182, 22, 204, 158, 167, 55, 164, 69, 37, 89, 137, 55, 117, 132, 133, 12, 240, 34,
23, 135, 243, 202, 134, 168, 237, 96, 159, 91, 111, 131, 138, 57, 224, 189, 164, 86, 70, 166, 103, 219, 188, 74, 127, 123, 181, 56, 181, 90, 128, 201, 206, 27, 1, 73, 52, 48, 214, 169,
187, 149, 161, 160, 5, 33, 81, 157, 119, 96, 168, 220, 45, 208, 182, 194, 128, 64, 122, 8, 59, 120, 194, 222, 164, 133, 135, 74, 177, 196, 7, 165, 79, 235, 105, 58, 116, 255, 114, 118,
253, 88, 57, 17, 172, 151, 186, 133, 154, 120, 229, 218, 166, 53, 117, 101, 39, 200, 112, 143, 253, 244, 20, 90, 182, 228, 205, 25, 145, 70, 3, 13, 218, 87, 208, 22, 41, 187, 92, 10,
109, 158, 44, 210, 179, 174, 41, 30, 208, 143, 248, 136, 60, 164, 59, 43, 185, 184, 9, 200, 48, 200, 147, 167, 20, 171, 61, 146, 44, 30, 11, 58, 177, 36, 163, 67, 19, 114, 59, 237,
250, 203, 31, 71, 177, 174, 141, 198, 65, 76, 219, 134, 115, 190, 236, 138, 213, 6, 143, 147, 144, 147, 6, 237, 254, 132, 123, 35, 231, 251, 192, 222, 23, 49, 219, 126, 180, 30, 224, 228,
148, 195, 67, 7, 154, 186, 204, 69, 251, 168, 120, 120, 42, 111, 237, 177, 48, 253, 188, 130, 143, 249, 156, 92, 255, 171, 12, 227, 81, 207, 194, 114, 158, 61, 176, 37, 8, 239, 86, 1,
7, 203, 171, 67, 30, 109, 149, 78, 140, 200, 17, 225, 36, 176, 160, 34, 233, 45, 155, 172, 157, 113, 13, 119, 111, 14, 99, 132, 48, 35, 80, 170, 233, 169, 34, 200, 198, 87, 236, 74,
161, 209, 221, 103, 174, 168, 96, 222, 116, 78, 8, 20, 174, 91, 109, 225, 145, 25, 246, 129, 136, 254, 6, 155, 187, 200, 215, 151, 25, 44, 73, 211, 125, 14, 56, 89, 246, 41, 11, 138,
235, 95, 244, 20, 23, 10, 33, 184, 146, 99, 50, 77, 111, 106, 160, 69, 34, 121, 51, 19, 20, 186, 13, 164, 181, 137, 158, 254, 52, 198, 65, 101, 217, 80, 19, 253, 146, 90, 169, 77,
119, 175, 212, 1, 111, 92, 225, 26, 208, 236, 180, 13, 213, 77, 37, 5, 185, 17, 4, 140, 178, 116, 247, 21, 118, 158, 137, 180, 140, 151, 201, 62, 145, 10, 34, 253, 140, 4, 225, 214,
230, 1, 88, 166, 17, 238, 178, 55, 107, 96, 128, 28, 150, 71, 149, 208, 252, 77, 116, 83, 43, 118, 214, 243, 248, 231, 195, 152, 111, 0, 0, 132, 48, 57, 157, 144, 42, 234, 135, 243,
134, 35, 39, 5, 9, 61, 160, 185, 185, 240, 130, 44, 244, 220, 49, 237, 85, 201, 85, 18, 9, 183, 124, 82, 194, 40, 26, 101, 153, 182, 134, 147, 146, 87, 215, 156, 188, 79, 23, 79,
45, 220, 1, 160, 139, 231, 74, 70, 157, 233, 163, 67, 138, 110, 108, 15, 251, 89, 194, 10, 54, 190, 66, 9, 125, 233, 17, 197, 247, 174, 14, 72, 195, 253, 216, 142, 53, 178, 59, 27,
137, 252, 41, 234, 43, 233, 181, 214, 124, 130, 53, 130, 41, 29, 62, 61, 188, 30, 172, 124, 8, 32, 35, 157, 243, 168, 38, 93, 154, 152, 134, 229, 42, 60, 232, 159, 50, 194, 204, 175,
253, 48, 157, 180, 184, 214, 100, 213, 174, 183, 83, 93, 169, 234, 150, 136, 60, 92, 219, 94, 241, 17, 209, 161, 208, 156, 89, 71, 198, 128, 204, 69, 228, 167, 120, 47, 56, 120, 214, 185,
83, 242, 128, 165, 129, 151, 147, 92, 151, 202, 114, 207, 7, 211, 187, 106, 152, 10, 156, 62, 41, 150, 47, 15, 44, 211, 207, 98, 50, 108, 149, 97, 157, 251, 32, 150, 9, 150, 153, 26,
220, 115, 224, 167, 180, 66, 43, 40, 84, 18, 97, 187, 45, 121, 66, 180, 234, 241, 35, 228, 198, 38, 236, 45, 131, 202, 232, 111, 188, 174, 109, 222, 15, 16, 82, 15, 130, 121, 109, 209,
161, 25, 215, 197, 206, 134, 99, 251, 253, 238, 231, 150, 49, 14, 99, 233, 119, 62, 109, 59, 128, 8, 48, 130, 146, 23, 129, 56, 75, 30, 119, 172, 254, 113, 26, 121, 61, 110, 136, 77,
31, 45, 12, 13, 34, 184, 13, 166, 208, 137, 158, 202, 45, 213, 35, 24, 250, 84, 62, 221, 152, 11, 245, 55, 79, 147, 211, 2, 44, 64, 241, 24, 231, 178, 158, 51, 184, 76, 37, 105,
154, 4, 68, 184, 172, 8, 201, 26, 118, 186, 136, 197, 133, 135, 225, 8, 160, 26, 66, 230, 153, 15, 134, 237, 207, 7, 120, 201, 13, 223, 233, 87, 52, 84, 128, 55, 178, 103, 156, 144,
207, 59, 66, 117, 20, 66, 160, 169, 173, 185, 159, 171, 38, 34, 22, 160, 50, 56, 168, 201, 117, 245, 165, 157, 174, 107, 31, 29, 38, 99, 187, 222, 199, 246, 130, 46, 149, 152, 113, 171,
49, 201, 85, 55, 124, 181, 124, 82, 194, 88, 28, 68, 147, 161, 130, 132, 173, 113, 250, 204, 233, 58, 22, 127, 125, 197, 123, 162, 189, 251, 20, 125, 211, 194, 212, 37, 213, 124, 112, 15,
191, 108, 208, 53, 48, 157, 106, 5, 96, 139, 23, 253, 169, 215, 13, 23, 214, 143, 219, 171, 60, 161, 123, 23, 251, 184, 5, 201, 41, 255, 214, 229, 117, 230, 64, 137, 23, 18, 41, 14,
128, 56, 172, 68, 73, 99, 71, 230, 255, 178, 48, 127, 181, 155, 182, 254, 95, 47, 235, 155, 34, 213, 220, 233, 200, 27, 164, 135, 207, 232, 21, 237, 167, 148, 123, 59, 168, 142, 235, 169,
39, 14, 234, 77, 173, 16, 224, 185, 188, 131, 89, 0, 164, 150, 252, 97, 219, 218, 120, 91, 57, 60, 237, 177, 92, 220, 146, 165, 151, 227, 246, 104, 149, 171, 113, 245, 49, 208, 162, 91,
168, 61, 222, 57, 56, 142, 51, 15, 116, 223, 146, 72, 55, 52, 156, 78, 167, 200, 17, 161, 36, 227, 160, 9, 220, 1, 155, 176, 167, 102, 9, 30, 77, 11, 32, 158, 49, 120, 66, 180,
212, 221, 35, 152, 198, 52, 236, 74, 131, 197, 130, 101, 237, 143, 107, 157, 7, 79, 99, 9, 170, 78, 109, 250, 215, 73, 195, 146, 135, 218, 122, 132, 211, 232, 196, 152, 44, 11, 69, 138,
97, 62, 19, 91, 156, 8, 11, 180, 220, 9, 199, 9, 52, 113, 108, 184, 161, 84, 61, 90, 19, 112, 172, 97, 53, 30, 72, 50, 115, 156, 50, 164, 160, 248, 158, 230, 79, 212, 61, 127,
198, 111, 19, 203, 237, 9, 245, 68, 78, 200, 214, 13, 43, 93, 202, 99, 144, 175, 167, 5, 142, 117, 27, 106, 167, 63, 127, 159, 158, 91, 197, 94, 35, 143, 244, 252, 175, 174, 237, 63,
128, 28, 91, 218, 143, 46, 225, 181, 250, 49, 32, 213, 60, 206, 188, 45, 127, 111, 234, 29, 136, 118, 246, 201, 232, 55, 94, 75, 56, 65, 221, 198, 143, 182, 167, 191, 17, 1, 33, 152,
53, 83, 129, 243, 114, 207, 143, 243, 129, 67, 18, 26, 22, 58, 129, 163, 254, 161, 178, 4, 149, 198, 19, 181, 84, 244, 126, 7, 118, 248, 66, 90, 255, 89, 76, 115, 169, 223, 224, 149,
250, 95, 244, 222, 190, 20, 106, 101, 118, 222, 122, 163, 235, 139, 73, 70, 156, 237, 223, 55, 183, 64, 81, 116, 195, 81, 208, 110, 18, 172, 51, 84, 95, 158, 44, 194, 183, 223, 41, 13,
150, 239, 132, 129, 31, 164, 32, 31, 162, 252, 67, 191, 8, 244, 136, 189, 125, 162, 26, 175, 22, 24, 48, 4, 140, 36, 164, 115, 47, 95, 35, 230, 206, 206, 58, 9, 234, 185, 182, 174,
70, 19, 178, 251, 38, 236, 224, 161, 237, 15, 179, 169, 156, 242, 25, 133, 160, 148, 112, 35, 236, 235, 215, 180, 1, 56, 219, 93, 129, 50, 239, 175, 141, 195, 67, 87, 186, 182, 197, 39,
200, 180, 115, 103, 8, 88, 234, 164, 77, 204, 128, 157, 149, 237, 246, 104, 157, 144, 119, 230, 76, 196, 165, 69, 242, 25, 192, 27, 24, 162, 17, 30, 7, 248, 184, 109, 3, 86, 162, 18,
128, 234, 32, 162, 19, 239, 167, 94, 225, 4, 155, 206, 147, 95, 112, 107, 71, 22, 111, 157, 28, 24, 85, 176, 209, 223, 19, 227, 138, 95, 181, 73, 249, 194, 221, 86, 183, 175, 125, 222,
22, 24, 88, 5, 174, 76, 11, 221, 215, 77, 217, 130, 191, 216, 65, 152, 199, 140, 230, 157, 53, 7, 47, 237, 78, 118, 104, 126, 190, 46, 51, 201, 142, 15, 251, 19, 79, 4, 90, 159,
137, 99, 61, 104, 18, 96, 156, 69, 35, 2, 16, 43, 35, 138, 75, 196, 159, 253, 158, 233, 53, 226, 36, 110, 199, 110, 101, 250, 172, 47, 129, 42, 100, 170, 168, 108, 34, 117, 211, 107,
239, 233, 166, 12, 141, 82, 34, 88, 168, 61, 114, 159, 189, 114, 201, 61, 50, 168, 215, 221, 167, 187, 212, 40, 132, 31, 32, 201, 147, 58, 196, 203, 242, 41, 32, 220, 8, 190, 188, 38,
68, 111, 140, 99, 247, 71, 246, 217, 201, 12, 102, 99, 26, 95, 160, 218, 187, 138, 184, 229, 5, 44, 12, 166, 110, 123, 143, 224, 42, 205, 131, 157, 129, 84, 31, 98, 57, 19, 133, 223,
250, 150, 254, 45, 173, 233, 113, 170, 48, 201, 112, 3, 116, 139, 126, 122, 213, 82, 18, 82, 206, 128, 162, 207, 141, 95, 229, 232, 154, 8, 22, 28, 10, 197, 88, 143, 171, 197, 83, 82,
134, 230, 164, 58, 185, 64, 65, 30, 226, 82, 208, 10, 48, 167, 117, 23, 85, 190, 40, 219, 128, 191, 107, 46, 209, 248, 252, 132, 74, 189, 91, 54, 189, 252, 16, 246, 44, 204, 129, 254,
8, 154, 63, 178, 113, 28, 12, 8, 176, 122, 146, 91, 16, 64, 60, 212, 234, 176, 26, 10, 231, 158, 165, 216, 54, 62, 223, 254, 113, 191, 243, 183, 221, 109, 187, 183, 206, 232, 54, 223,
146, 159, 116, 27, 230, 219, 149, 163, 1, 36, 210, 104, 146, 27, 209, 165, 151, 139, 101, 69, 185, 165, 129, 106, 198, 176, 66, 124, 103, 127, 215, 146, 84, 247, 246, 142, 151, 204, 246, 104,
255, 178, 119, 195, 76, 230, 255, 70, 185, 98, 199, 9, 50, 239, 19, 116, 63, 204, 152, 67, 30, 38, 145, 126, 143, 228, 102, 190, 76, 144, 204, 31, 218, 119, 186, 172, 157, 113, 107, 108,
111, 10, 78, 219, 6, 33, 66, 180, 209, 221, 35, 200, 198, 87, 236, 74, 141, 197, 130, 125, 240, 161, 96, 135, 33, 78, 88, 49, 130, 121, 16, 190, 144, 25, 161, 129, 177, 246, 71, 160,
188, 198, 215, 146, 49, 121, 67, 206, 86, 45, 104, 125, 139, 91, 44, 200, 205, 85, 247, 11, 71, 127, 90, 184, 146, 99, 39, 77, 50, 96, 177, 95, 125, 17, 11, 34, 23, 158, 7, 174,
173, 138, 176, 242, 16, 213, 48, 127, 200, 72, 104, 215, 189, 43, 245, 68, 97, 179, 168, 97, 3, 117, 241, 9, 231, 173, 180, 13, 185, 30, 46, 5, 185, 7, 105, 128, 171, 117, 233, 9,
2, 218, 239, 233, 133, 151, 201, 62, 210, 11, 96, 253, 136, 2, 236, 193, 220, 46, 90, 255, 17, 218, 227, 36, 67, 42, 128, 62, 169, 91, 147, 144, 228, 53, 111, 83, 23, 40, 228, 202,
224, 149, 197, 161, 104, 115, 44, 182, 50, 107, 156, 144, 42, 233, 213, 207, 174, 66, 100, 52, 54, 50, 159, 163, 242, 140, 178, 55, 137, 242, 49, 237, 85, 201, 85, 18, 9, 183, 124, 72,
209, 84, 50, 102, 169, 140, 179, 147, 190, 95, 225, 155, 185, 30, 116, 79, 11, 231, 15, 179, 189, 136, 73, 101, 159, 197, 254, 37, 153, 117, 87, 124, 186, 74, 200, 10, 38, 188, 104, 73,
125, 151, 35, 254, 183, 167, 37, 35, 146, 141, 131, 245, 46, 179, 115, 119, 177, 164, 11, 193, 42, 236, 214, 189, 60, 173, 53, 131, 116, 11, 35, 91, 164, 58, 230, 68, 81, 89, 70, 222,
216, 172, 58, 85, 153, 153, 141, 237, 124, 41, 211, 249, 43, 213, 241, 236, 255, 101, 158, 140, 203, 245, 14, 245, 141, 158, 123, 40, 169, 234, 213, 149, 54, 44, 251, 105, 129, 54, 224, 142,
212, 182, 125, 123, 169, 129, 249, 110, 211, 167, 120, 47, 57, 90, 237, 179, 64, 220, 146, 230, 242, 201, 246, 104, 255, 189, 87, 247, 51, 212, 213, 68, 167, 103, 193, 119, 48, 148, 80, 34,
52, 199, 184, 92, 43, 80, 209, 125, 177, 248, 47, 180, 54, 165, 161, 40, 236, 115, 233, 167, 158, 73, 30, 43, 96, 95, 64, 161, 53, 22, 67, 170, 202, 243, 35, 240, 178, 52, 150, 57,
131, 252, 219, 79, 150, 169, 102, 205, 16, 76, 82, 0, 170, 110, 73, 221, 145, 77, 217, 195, 176, 227, 70, 160, 253, 228, 192, 137, 110, 29, 69, 237, 96, 62, 19, 59, 147, 61, 11, 130,
200, 100, 141, 56, 59, 46, 33, 174, 147, 43, 68, 127, 16, 112, 209, 69, 42, 124, 79, 10, 10, 189, 22, 130, 220, 153, 135, 164, 11, 221, 70, 28, 185, 77, 56, 242, 146, 93, 142, 42,
124, 187, 237, 117, 51, 103, 182, 9, 231, 166, 150, 35, 177, 93, 39, 15, 250, 55, 5, 222, 173, 90, 254, 26, 118, 184, 136, 229, 133, 150, 227, 34, 206, 40, 81, 129, 139, 63, 242, 163,
255, 34, 71, 246, 103, 184, 188, 74, 67, 104, 142, 51, 181, 106, 156, 144, 147, 12, 13, 75, 26, 125, 214, 210, 135, 189, 187, 129, 112, 25, 23, 160, 45, 103, 128, 201, 117, 254, 165, 241,
181, 106, 31, 97, 8, 30, 177, 169, 227, 247, 190, 46, 182, 222, 49, 175, 49, 201, 33, 31, 51, 250, 110, 121, 242, 88, 28, 74, 152, 174, 189, 179, 155, 118, 250, 204, 233, 58, 22, 127,
117, 232, 91, 135, 137, 143, 101, 83, 128, 197, 246, 67, 136, 99, 6, 31, 202, 84, 166, 23, 18, 173, 97, 118, 111, 190, 44, 230, 163, 163, 34, 44, 214, 219, 255, 161, 21, 178, 114, 40,
138, 184, 18, 195, 109, 237, 188, 181, 49, 147, 11, 212, 10, 19, 28, 51, 180, 53, 191, 71, 50, 89, 33, 194, 194, 233, 122, 85, 182, 165, 175, 165, 74, 79, 207, 249, 0, 189, 179, 139,
242, 42, 197, 182, 148, 232, 21, 237, 167, 148, 123, 23, 136, 241, 235, 163, 60, 38, 218, 77, 180, 60, 224, 228, 173, 182, 126, 115, 145, 177, 218, 97, 188, 153, 39, 81, 56, 105, 227, 154,
127, 225, 151, 140, 167, 192, 139, 88, 235, 215, 13, 196, 13, 203, 245, 45, 251, 43, 192, 42, 28, 160, 17, 30, 19, 216, 184, 115, 111, 80, 149, 126, 177, 251, 32, 229, 13, 132, 153, 52,
236, 26, 163, 174, 151, 95, 41, 58, 127, 126, 106, 141, 35, 39, 124, 209, 220, 214, 45, 226, 147, 37, 183, 87, 252, 222, 130, 122, 240, 182, 22, 222, 22, 6, 82, 47, 130, 78, 109, 250,
215, 73, 195, 146, 135, 218, 122, 132, 253, 207, 222, 233, 21, 39, 69, 246, 97, 47, 15, 98, 178, 8, 60, 180, 150, 116, 227, 39, 20, 12, 35, 239, 254, 96, 21, 121, 103, 111, 156, 69,
42, 13, 16, 85, 34, 141, 13, 164, 160, 137, 158, 162, 72, 241, 70, 127, 209, 54, 7, 198, 146, 13, 151, 68, 85, 156, 168, 2, 3, 127, 179, 61, 148, 173, 222, 87, 179, 83, 35, 76,
130, 17, 6, 182, 168, 97, 226, 26, 18, 217, 136, 221, 133, 135, 139, 62, 143, 67, 81, 245, 205, 35, 242, 163, 196, 14, 71, 218, 50, 194, 227, 36, 53, 109, 160, 108, 169, 106, 246, 203,
156, 69, 86, 117, 72, 79, 164, 198, 143, 154, 167, 183, 111, 8, 33, 251, 106, 38, 173, 200, 3, 244, 165, 250, 128, 107, 31, 127, 41, 5, 187, 163, 207, 140, 178, 18, 137, 158, 49, 237,
64, 201, 85, 67, 28, 152, 117, 81, 212, 76, 50, 106, 147, 171, 130, 177, 174, 93, 250, 227, 140, 45, 107, 127, 31, 134, 123, 163, 137, 230, 20, 61, 212, 197, 244, 73, 189, 122, 65, 0,
191, 106, 216, 18, 48, 241, 87, 105, 84, 174, 44, 194, 183, 223, 41, 13, 150, 239, 132, 129, 63, 189, 59, 58, 141, 188, 53, 191, 8, 253, 140, 193, 35, 170, 35, 215, 116, 40, 38, 2,
163, 58, 161, 67, 28, 95, 67, 135, 222, 236, 63, 122, 154, 146, 128, 169, 61, 41, 211, 251, 114, 198, 220, 163, 247, 53, 141, 142, 148, 205, 21, 138, 128, 148, 123, 35, 135, 140, 235, 163,
11, 60, 218, 80, 146, 84, 209, 161, 188, 195, 92, 83, 176, 166, 237, 103, 243, 208, 40, 122, 56, 88, 178, 206, 100, 220, 159, 182, 170, 249, 141, 104, 157, 144, 119, 230, 76, 196, 165, 68,
175, 25, 192, 27, 24, 162, 17, 45, 36, 196, 143, 74, 50, 117, 149, 97, 176, 251, 32, 190, 9, 186, 153, 61, 253, 7, 224, 178, 150, 122, 41, 48, 78, 72, 111, 150, 11, 3, 79, 205,
225, 172, 51, 234, 173, 95, 132, 37, 142, 197, 219, 106, 155, 148, 126, 252, 29, 6, 90, 39, 172, 121, 99, 207, 144, 74, 211, 131, 184, 220, 118, 134, 250, 214, 192, 234, 21, 32, 69, 202,
81, 62, 43, 101, 169, 36, 11, 189, 214, 94, 219, 38, 72, 62, 101, 134, 179, 101, 90, 71, 102, 82, 156, 69, 35, 2, 16, 33, 34, 235, 13, 166, 181, 157, 176, 233, 53, 250, 35, 24,
255, 84, 24, 245, 166, 5, 173, 91, 110, 175, 247, 80, 124, 108, 245, 9, 204, 233, 150, 23, 141, 81, 45, 69, 128, 17, 4, 219, 174, 12, 143, 94, 114, 140, 206, 204, 133, 136, 139, 45,
173, 67, 81, 218, 139, 64, 242, 163, 250, 34, 71, 220, 111, 205, 229, 14, 85, 118, 234, 31, 166, 72, 156, 241, 238, 87, 125, 102, 20, 116, 199, 229, 134, 185, 152, 172, 108, 45, 42, 132,
29, 109, 191, 209, 114, 235, 143, 253, 129, 107, 20, 31, 7, 5, 156, 149, 248, 139, 229, 21, 146, 218, 61, 165, 111, 146, 125, 3, 124, 184, 124, 82, 202, 88, 28, 17, 152, 181, 189, 179,
142, 118, 250, 232, 149, 9, 17, 101, 39, 250, 123, 179, 139, 244, 77, 77, 137, 154, 164, 91, 142, 95, 6, 124, 189, 123, 255, 10, 44, 188, 108, 5, 105, 139, 46, 226, 176, 188, 111, 35,
205, 251, 131, 145, 60, 133, 100, 107, 154, 244, 38, 219, 108, 204, 140, 163, 51, 249, 77, 140, 35, 21, 9, 62, 213, 126, 145, 125, 78, 109, 48, 222, 186, 186, 103, 117, 142, 130, 146, 207,
73, 28, 207, 197, 0, 220, 202, 183, 211, 27, 164, 183, 207, 242, 21, 237, 175, 135, 92, 35, 156, 222, 208, 163, 18, 94, 239, 51, 174, 47, 147, 187, 160, 156, 62, 69, 200, 129, 206, 97,
160, 171, 86, 47, 111, 39, 232, 149, 52, 204, 145, 130, 175, 252, 143, 82, 213, 203, 12, 227, 77, 177, 249, 91, 129, 102, 193, 9, 17, 173, 87, 33, 46, 193, 171, 28, 3, 42, 214, 100,
176, 248, 13, 225, 8, 224, 196, 42, 225, 18, 166, 191, 158, 82, 107, 58, 67, 22, 93, 197, 49, 7, 66, 180, 209, 221, 35, 218, 178, 35, 236, 55, 191, 208, 246, 70, 151, 182, 85, 212,
4, 107, 114, 41, 128, 78, 119, 199, 180, 71, 195, 200, 139, 229, 89, 190, 249, 228, 201, 237, 52, 34, 69, 247, 64, 8, 28, 124, 171, 61, 107, 205, 148, 115, 255, 121, 19, 14, 87, 178,
146, 42, 25, 70, 55, 112, 135, 121, 16, 2, 65, 80, 107, 156, 49, 168, 191, 148, 179, 242, 61, 240, 29, 72, 204, 116, 41, 141, 143, 9, 182, 95, 85, 176, 168, 125, 124, 109, 188, 105,
199, 141, 133, 83, 206, 8, 54, 122, 156, 9, 121, 190, 154, 114, 234, 1, 38, 186, 222, 238, 171, 202, 235, 2, 215, 30, 87, 248, 132, 21, 242, 248, 239, 85, 87, 199, 25, 233, 204, 31,
125, 74, 148, 38, 188, 64, 246, 201, 206, 69, 94, 99, 56, 113, 221, 198, 178, 182, 167, 148, 27, 53, 29, 251, 35, 57, 191, 247, 117, 236, 174, 153, 157, 60, 49, 58, 70, 110, 187, 170,
196, 176, 152, 45, 149, 199, 0, 145, 49, 129, 127, 55, 118, 150, 103, 118, 209, 121, 28, 19, 137, 174, 130, 211, 179, 102, 225, 232, 165, 8, 115, 24, 1, 206, 120, 246, 235, 216, 105, 70,
174, 245, 229, 20, 189, 125, 65, 116, 225, 18, 240, 42, 48, 135, 80, 105, 77, 175, 108, 240, 247, 188, 114, 13, 242, 136, 255, 139, 31, 240, 93, 108, 128, 227, 34, 234, 104, 215, 161, 189,
53, 167, 47, 143, 44, 12, 2, 64, 182, 123, 151, 68, 81, 89, 70, 222, 216, 172, 58, 85, 153, 153, 141, 237, 55, 28, 207, 253, 107, 226, 202, 183, 214, 109, 164, 215, 207, 212, 21, 138,
175, 148, 123, 33, 236, 204, 236, 149, 8, 47, 203, 87, 173, 53, 222, 142, 162, 142, 119, 103, 206, 207, 206, 69, 233, 211, 120, 49, 50, 110, 234, 152, 64, 242, 172, 146, 142, 253, 177, 88,
232, 200, 13, 248, 49, 226, 164, 83, 167, 6, 192, 3, 44, 175, 30, 120, 44, 248, 205, 112, 111, 108, 188, 102, 161, 203, 32, 150, 9, 150, 153, 26, 220, 115, 224, 167, 158, 80, 107, 41,
111, 73, 43, 187, 111, 37, 85, 170, 234, 172, 5, 216, 153, 81, 150, 57, 252, 233, 200, 67, 141, 190, 22, 220, 124, 64, 9, 60, 129, 71, 102, 217, 213, 105, 246, 180, 176, 242, 124, 136,
186, 218, 251, 169, 14, 29, 106, 228, 80, 29, 111, 36, 177, 28, 1, 145, 225, 79, 227, 20, 52, 17, 39, 145, 157, 98, 1, 118, 16, 91, 158, 103, 29, 124, 29, 41, 22, 141, 38, 196,
163, 253, 158, 221, 55, 251, 35, 118, 250, 77, 19, 253, 237, 3, 245, 115, 96, 179, 168, 13, 7, 103, 241, 9, 231, 138, 184, 13, 205, 97, 60, 105, 161, 2, 127, 128, 176, 11, 149, 94,
112, 161, 243, 214, 165, 186, 139, 2, 208, 28, 121, 192, 138, 38, 134, 167, 243, 55, 99, 206, 111, 234, 189, 27, 111, 96, 179, 55, 235, 27, 130, 225, 239, 75, 1, 117, 20, 50, 214, 229,
137, 230, 189, 129, 18, 1, 42, 251, 18, 63, 157, 144, 117, 252, 174, 217, 173, 91, 62, 10, 38, 31, 187, 185, 207, 133, 233, 18, 172, 229, 28, 233, 85, 192, 127, 55, 124, 251, 124, 120,
194, 81, 67, 83, 189, 174, 178, 179, 128, 99, 244, 220, 189, 61, 22, 127, 125, 197, 123, 162, 246, 252, 21, 83, 129, 230, 164, 37, 185, 77, 93, 30, 201, 82, 208, 51, 116, 162, 117, 118,
80, 174, 44, 250, 179, 130, 41, 35, 232, 218, 197, 161, 4, 144, 93, 40, 252, 244, 4, 195, 14, 175, 140, 214, 9, 164, 18, 168, 41, 18, 9, 14, 179, 0, 140, 88, 55, 69, 44, 135,
216, 232, 30, 93, 153, 158, 141, 198, 124, 28, 207, 238, 0, 191, 202, 183, 146, 27, 164, 182, 148, 232, 21, 237, 167, 148, 123, 23, 136, 241, 235, 163, 60, 38, 218, 77, 146, 6, 150, 250,
215, 133, 109, 70, 189, 175, 215, 71, 218, 167, 41, 95, 110, 71, 238, 138, 92, 224, 178, 229, 247, 204, 183, 95, 215, 165, 79, 176, 4, 212, 197, 107, 254, 38, 180, 24, 105, 176, 23, 3,
40, 221, 184, 99, 116, 93, 139, 64, 182, 244, 22, 160, 55, 231, 155, 10, 225, 44, 148, 159, 158, 80, 11, 5, 68, 80, 33, 174, 21, 7, 49, 239, 146, 229, 36, 239, 144, 87, 152, 55,
154, 231, 246, 22, 151, 148, 87, 212, 43, 111, 114, 48, 172, 106, 93, 250, 181, 30, 190, 152, 139, 211, 4, 142, 231, 136, 167, 174, 19, 25, 93, 214, 124, 1, 19, 91, 156, 8, 11, 180,
151, 105, 214, 19, 40, 41, 97, 182, 254, 60, 19, 69, 17, 105, 158, 97, 42, 60, 77, 75, 115, 172, 40, 158, 179, 169, 160, 230, 12, 241, 3, 127, 209, 75, 50, 202, 166, 41, 169, 109,
76, 151, 212, 93, 54, 103, 225, 99, 214, 236, 180, 87, 213, 84, 37, 118, 179, 4, 68, 168, 168, 121, 201, 26, 18, 132, 248, 240, 148, 185, 212, 51, 143, 28, 39, 255, 213, 30, 192, 207,
209, 26, 58, 169, 17, 227, 231, 73, 127, 111, 173, 29, 150, 123, 156, 138, 147, 14, 111, 122, 79, 82, 243, 243, 131, 230, 189, 183, 103, 11, 81, 160, 54, 38, 191, 204, 42, 206, 163, 243,
129, 67, 56, 26, 21, 124, 130, 149, 230, 240, 190, 6, 234, 158, 1, 237, 97, 214, 114, 49, 11, 167, 124, 82, 213, 87, 28, 73, 152, 128, 189, 177, 254, 118, 250, 244, 180, 46, 87, 79,
54, 241, 112, 167, 180, 253, 108, 61, 175, 245, 173, 27, 172, 115, 65, 14, 202, 101, 160, 13, 108, 252, 76, 108, 79, 173, 18, 162, 189, 153, 55, 73, 212, 210, 220, 173, 31, 164, 32, 55,
162, 196, 56, 161, 111, 201, 157, 193, 48, 255, 16, 158, 124, 50, 38, 4, 160, 0, 185, 82, 28, 94, 35, 254, 250, 199, 58, 70, 153, 185, 141, 237, 75, 28, 207, 134, 61, 206, 202, 183,
210, 22, 141, 169, 203, 243, 7, 211, 128, 161, 26, 7, 152, 219, 208, 153, 38, 93, 205, 80, 182, 76, 209, 174, 181, 142, 126, 124, 176, 155, 216, 46, 167, 233, 49, 62, 127, 40, 223, 196,
88, 185, 228, 244, 230, 224, 133, 93, 227, 184, 95, 204, 58, 226, 206, 89, 140, 26, 161, 54, 5, 137, 18, 122, 14, 194, 201, 64, 16, 125, 208, 100, 163, 253, 23, 146, 78, 132, 159, 3,
249, 36, 185, 203, 134, 77, 34, 61, 97, 22, 80, 149, 107, 96, 48, 169, 221, 240, 59, 208, 189, 14, 134, 18, 163, 213, 219, 119, 188, 172, 72, 248, 47, 108, 93, 47, 174, 16, 104, 253,
142, 118, 162, 177, 164, 219, 78, 164, 241, 224, 165, 185, 26, 99, 116, 222, 64, 61, 33, 77, 135, 27, 0, 159, 252, 91, 225, 117, 28, 35, 83, 133, 136, 69, 59, 104, 8, 119, 150, 111,
0, 8, 8, 42, 11, 156, 92, 221, 221, 253, 182, 212, 40, 216, 21, 110, 205, 59, 59, 216, 155, 26, 137, 89, 66, 173, 220, 67, 30, 94, 243, 1, 238, 183, 197, 83, 170, 21, 61, 115,
141, 17, 88, 162, 239, 107, 247, 58, 55, 132, 209, 182, 157, 141, 195, 42, 129, 15, 115, 135, 182, 14, 132, 250, 249, 15, 120, 255, 37, 225, 194, 20, 98, 111, 129, 33, 190, 68, 246, 193,
150, 54, 88, 116, 44, 104, 250, 217, 141, 137, 162, 154, 41, 53, 18, 164, 118, 106, 128, 145, 9, 180, 177, 207, 212, 70, 27, 35, 58, 22, 164, 169, 252, 130, 161, 60, 169, 155, 55, 146,
114, 239, 86, 48, 41, 188, 55, 126, 156, 55, 66, 17, 153, 132, 225, 149, 128, 103, 228, 218, 169, 47, 17, 28, 42, 130, 80, 133, 175, 197, 106, 90, 160, 198, 244, 39, 155, 103, 83, 37,
179, 77, 223, 40, 13, 139, 66, 100, 106, 191, 35, 164, 168, 134, 32, 54, 212, 243, 249, 143, 19, 189, 103, 21, 134, 164, 37, 220, 10, 245, 162, 255, 9, 248, 73, 210, 20, 12, 21, 82,
134, 61, 188, 120, 22, 82, 66, 252, 251, 208, 27, 89, 175, 133, 139, 229, 65, 12, 254, 248, 33, 229, 237, 140, 195, 110, 189, 139, 185, 235, 35, 251, 140, 178, 82, 6, 143, 139, 233, 170,
40, 38, 240, 75, 149, 55, 209, 179, 181, 148, 113, 99, 191, 207, 224, 77, 204, 135, 115, 100, 102, 106, 253, 149, 78, 245, 161, 156, 178, 248, 129, 104, 202, 164, 92, 211, 21, 230, 208, 77,
142, 58, 192, 34, 58, 136, 20, 60, 125, 188, 183, 117, 22, 104, 158, 115, 138, 251, 63, 145, 18, 190, 145, 38, 250, 58, 157, 177, 169, 94, 16, 43, 79, 116, 107, 204, 107, 96, 70, 254,
221, 200, 59, 153, 189, 86, 131, 13, 248, 244, 132, 68, 244, 177, 109, 252, 20, 97, 113, 29, 141, 92, 83, 234, 174, 78, 227, 163, 164, 219, 114, 180, 241, 197, 165, 151, 26, 124, 77, 217,
86, 61, 114, 91, 244, 22, 6, 143, 238, 76, 246, 56, 14, 20, 65, 182, 251, 81, 70, 84, 27, 91, 188, 86, 32, 120, 72, 14, 50, 135, 14, 136, 136, 141, 141, 214, 71, 217, 28, 7,
222, 114, 11, 228, 136, 16, 174, 84, 95, 179, 203, 81, 3, 68, 206, 56, 252, 141, 143, 52, 132, 31, 16, 114, 158, 55, 127, 128, 156, 1, 147, 47, 44, 174, 248, 254, 143, 135, 200, 29,
208, 92, 96, 230, 145, 71, 240, 228, 195, 54, 83, 243, 111, 201, 212, 62, 50, 50, 131, 62, 240, 75, 162, 223, 244, 52, 90, 114, 47, 55, 205, 233, 138, 159, 154, 167, 24, 13, 84, 254,
17, 102, 189, 227, 33, 249, 129, 147, 128, 88, 56, 58, 78, 46, 192, 184, 192, 132, 146, 4, 175, 252, 21, 182, 53, 216, 111, 95, 0, 140, 55, 45, 192, 117, 68, 111, 136, 136, 156, 159,
166, 7, 230, 223, 230, 54, 80, 66, 16, 203, 99, 239, 147, 212, 83, 59, 178, 193, 225, 20, 166, 28, 126, 37, 232, 107, 245, 38, 45, 129, 112, 125, 96, 236, 45, 209, 179, 216, 9, 11,
244, 247, 220, 149, 74, 177, 66, 11, 163, 240, 22, 230, 104, 215, 214, 244, 13, 240, 59, 212, 116, 23, 61, 41, 210, 35, 229, 69, 74, 115, 19, 213, 218, 218, 62, 104, 142, 156, 148, 233,
68, 17, 211, 155, 3, 218, 188, 190, 241, 42, 177, 173, 155, 210, 31, 132, 174, 159, 26, 59, 239, 193, 205, 152, 14, 90, 250, 108, 180, 44, 220, 161, 213, 188, 34, 6, 186, 180, 227, 86,
238, 137, 32, 109, 41, 80, 254, 159, 104, 209, 129, 162, 253, 225, 139, 16, 240, 166, 111, 182, 41, 255, 238, 84, 145, 6, 163, 124, 24, 147, 15, 47, 28, 191, 131, 80, 62, 39, 157, 101,
176, 192, 27, 251, 61, 238, 130, 47, 226, 48, 144, 137, 148, 80, 33, 10, 48, 77, 108, 155, 43, 127, 125, 243, 237, 214, 55, 225, 206, 38, 145, 62, 252, 197, 235, 93, 235, 156, 84, 200,
20, 104, 86, 38, 149, 15, 17, 254, 164, 104, 254, 128, 185, 226, 110, 254, 223, 251, 213, 239, 58, 46, 104, 132, 96, 10, 104, 37, 246, 91, 37, 189, 200, 115, 252, 15, 47, 15, 97, 164,
155, 107, 21, 99, 50, 79, 177, 39, 10, 125, 65, 19, 50, 138, 83, 152, 134, 173, 147, 227, 78, 184, 28, 120, 205, 84, 63, 223, 165, 11, 188, 100, 66, 159, 172, 109, 21, 119, 181, 44,
238, 146, 192, 49, 170, 77, 96, 69, 147, 55, 100, 168, 239, 122, 192, 93, 118, 154, 210, 253, 242, 174, 192, 29, 208, 62, 38, 210, 145, 71, 250, 244, 195, 7, 126, 234, 109, 197, 254, 69,
102, 43, 155, 35, 172, 106, 142, 206, 213, 53, 127, 82, 14, 48, 229, 229, 143, 144, 158, 140, 58, 50, 50, 149, 35, 83, 177, 197, 3, 219, 146, 236, 162, 56, 108, 39, 46, 100, 196, 154,
230, 236, 152, 20, 142, 233, 28, 164, 85, 218, 82, 25, 5, 247, 81, 118, 226, 86, 23, 88, 199, 213, 230, 149, 128, 96, 228, 250, 169, 47, 125, 28, 42, 223, 80, 169, 175, 197, 22, 90,
160, 157, 244, 41, 155, 103, 91, 37, 179, 101, 223, 24, 13, 139, 76, 100, 106, 172, 35, 199, 168, 134, 15, 54, 212, 241, 249, 149, 19, 189, 99, 21, 134, 254, 37, 199, 10, 245, 172, 255,
9, 163, 73, 190, 20, 12, 16, 82, 134, 22, 188, 104, 22, 82, 39, 252, 251, 215, 27, 10, 175, 133, 172, 229, 65, 31, 254, 215, 33, 229, 198, 140, 195, 62, 189, 216, 185, 235, 39, 251,
140, 187, 82, 22, 143, 139, 156, 170, 40, 36, 240, 119, 151, 15, 240, 169, 174, 217, 66, 105, 147, 175, 220, 39, 198, 137, 90, 78, 21, 96, 177, 139, 92, 200, 129, 135, 130, 249, 189, 86,
147, 172, 66, 200, 43, 223, 220, 80, 175, 0, 193, 15, 109, 238, 50, 14, 6, 227, 147, 110, 116, 112, 144, 123, 212, 233, 33, 149, 26, 187, 133, 52, 218, 54, 161, 149, 169, 94, 21, 43,
79, 118, 107, 159, 107, 96, 109, 254, 221, 207, 59, 143, 189, 34, 152, 18, 163, 240, 203, 66, 188, 172, 111, 216, 47, 67, 93, 37, 174, 70, 118, 253, 142, 30, 227, 192, 164, 219, 124, 180,
241, 214, 165, 140, 26, 62, 99, 222, 64, 12, 12, 120, 135, 27, 118, 130, 252, 11, 225, 114, 28, 126, 121, 133, 136, 85, 26, 109, 8, 119, 135, 64, 0, 16, 8, 51, 11, 168, 84, 221,
221, 137, 236, 229, 40, 216, 26, 74, 205, 79, 59, 221, 155, 13, 244, 89, 66, 149, 201, 92, 30, 94, 179, 109, 238, 191, 197, 25, 170, 69, 2, 115, 141, 41, 115, 136, 239, 107, 238, 3,
55, 190, 209, 220, 157, 154, 212, 42, 129, 21, 92, 243, 209, 88, 226, 190, 243, 42, 95, 247, 28, 225, 230, 18, 109, 108, 179, 3, 167, 123, 161, 239, 207, 21, 81, 56, 20, 40, 187, 234,
160, 162, 198, 163, 5, 52, 14, 164, 63, 126, 205, 144, 1, 198, 221, 206, 182, 89, 56, 35, 78, 46, 162, 184, 192, 176, 146, 9, 175, 252, 17, 164, 70, 195, 47, 53, 114, 169, 83, 122,
224, 101, 58, 88, 199, 204, 155, 211, 143, 123, 250, 192, 137, 54, 98, 109, 63, 216, 8, 167, 128, 137, 80, 77, 174, 192, 195, 41, 159, 79, 126, 60, 192, 17, 215, 15, 11, 178, 48, 14,
106, 157, 32, 210, 244, 134, 32, 74, 213, 207, 141, 133, 39, 166, 64, 21, 134, 244, 32, 233, 10, 245, 158, 230, 9, 140, 73, 190, 45, 18, 30, 29, 169, 59, 175, 94, 29, 67, 16, 216,
225, 178, 53, 125, 181, 145, 166, 234, 110, 27, 239, 231, 30, 227, 194, 163, 223, 58, 193, 169, 187, 209, 59, 222, 142, 185, 100, 32, 156, 204, 234, 149, 28, 4, 237, 97, 166, 70, 143, 146,
166, 130, 126, 124, 169, 152, 141, 64, 206, 215, 96, 71, 16, 127, 222, 202, 61, 240, 224, 132, 146, 224, 133, 93, 227, 184, 95, 204, 58, 226, 206, 89, 140, 26, 161, 54, 5, 137, 18, 122,
14, 194, 201, 64, 16, 125, 208, 100, 163, 253, 23, 146, 78, 132, 159, 3, 249, 36, 185, 203, 134, 77, 34, 61, 97, 22, 80, 149, 107, 96, 48, 169, 221, 240, 59, 208, 189, 14, 134, 18,
163, 213, 219, 119, 188, 172, 72, 248, 47, 108, 93, 47, 174, 16, 104, 253, 142, 118, 162, 177, 164, 219, 78, 164, 241, 224, 165, 185, 26, 99, 116, 222, 64, 61, 33, 77, 135, 27, 0, 159,
252, 91, 225, 117, 28, 127, 71, 144, 174, 38, 22, 101, 24, 110, 160, 97, 55, 61, 24, 38, 32, 168, 81, 140, 160, 152, 164, 216, 28, 188, 5, 20, 160, 52, 105, 255, 176, 57, 188, 106,
92, 154, 242, 70, 0, 36, 225, 111, 196, 171, 179, 49, 173, 87, 32, 82, 137, 61, 99, 143, 134, 76, 157, 14, 32, 152, 239, 198, 165, 174, 145, 60, 175, 5, 97, 226, 170, 1, 193, 190,
242, 81, 84, 171, 58, 225, 234, 30, 103, 108, 131, 3, 149, 124, 158, 235, 232, 54, 88, 109, 23, 105, 210, 217, 179, 128, 137, 180, 15, 17, 29, 185, 19, 74, 128, 202, 54, 216, 141, 202,
211, 75, 33, 37, 29, 103, 149, 133, 210, 144, 168, 42, 174, 222, 33, 180, 125, 243, 111, 55, 112, 182, 49, 42, 211, 94, 15, 116, 153, 223, 225, 139, 243, 28, 129, 251, 139, 83, 76, 84,
9, 249, 65, 178, 158, 208, 77, 99, 156, 203, 186, 41, 203, 6, 93, 42, 199, 115, 212, 106, 52, 145, 64, 93, 73, 136, 111, 255, 172, 131, 44, 78, 244, 218, 208, 164, 45, 254, 32, 108,
184, 245, 94, 252, 44, 221, 140, 233, 39, 173, 16, 160, 60, 108, 28, 38, 149, 47, 155, 121, 6, 69, 67, 217, 198, 230, 54, 124, 152, 176, 147, 240, 87, 52, 204, 253, 49, 187, 200, 181,
144, 55, 184, 210, 198, 207, 38, 234, 134, 198, 26, 28, 165, 234, 230, 220, 4, 42, 219, 110, 151, 15, 245, 169, 174, 186, 66, 103, 147, 175, 249, 106, 251, 130, 107, 73, 22, 124, 179, 191,
83, 202, 169, 160, 143, 128, 243, 118, 148, 196, 82, 218, 44, 222, 191, 80, 165, 97, 191, 126, 15, 238, 8, 26, 115, 234, 147, 76, 37, 48, 139, 114, 220, 218, 50, 183, 45, 224, 146, 21,
243, 36, 155, 156, 158, 125, 10, 4, 109, 83, 108, 158, 46, 54, 117, 180, 198, 247, 48, 208, 167, 43, 141, 8, 157, 210, 200, 86, 234, 177, 67, 153, 7, 67, 9, 54, 241, 16, 92, 222,
181, 106, 237, 135, 174, 208, 112, 188, 188, 231, 222, 245, 9, 126, 101, 215, 114, 42, 52, 66, 143, 95, 117, 137, 228, 84, 154, 15, 15, 49, 120, 180, 138, 66, 41, 63, 57, 125, 212, 58,
106, 61, 3, 75, 43, 239, 80, 146, 141, 131, 160, 167, 27, 254, 5, 109, 229, 104, 50, 248, 133, 7, 134, 116, 124, 174, 182, 99, 113, 57, 231, 45, 225, 144, 176, 21, 140, 20, 102, 89,
160, 17, 105, 180, 170, 112, 202, 8, 50, 133, 140, 233, 171, 182, 202, 41, 136, 94, 88, 192, 150, 47, 199, 217, 226, 14, 104, 167, 106, 187, 209, 59, 97, 115, 173, 24, 178, 124, 183, 236,
145, 77, 82, 111, 57, 52, 210, 249, 159, 130, 187, 128, 20, 108, 81, 149, 44, 126, 138, 146, 114, 199, 180, 206, 212, 124, 58, 36, 73, 4, 157, 139, 236, 148, 161, 50, 144, 216, 13, 187,
54, 207, 108, 53, 42, 185, 113, 110, 239, 100, 20, 75, 183, 208, 146, 206, 143, 0, 193, 250, 135, 27, 126, 98, 9, 193, 119, 175, 158, 238, 112, 122, 143, 237, 248, 33, 168, 1, 70, 10,
192, 84, 168, 36, 22, 249, 108, 9, 103, 234, 110, 250, 144, 167, 119, 63, 193, 202, 128, 134, 52, 140, 112, 19, 187, 240, 69, 214, 110, 225, 144, 227, 113, 177, 60, 213, 60, 19, 34, 31,
183, 56, 183, 118, 54, 112, 65, 228, 228, 201, 6, 6, 240, 135, 160, 197, 55, 22, 250, 222, 28, 198, 203, 182, 236, 62, 218, 212, 191, 145, 30, 253, 160, 157, 1, 3, 157, 249, 199, 169,
34, 93, 227, 81, 188, 57, 193, 173, 144, 213, 82, 126, 147, 132, 135, 116, 252, 200, 107, 125, 107, 75, 237, 147, 55, 168, 142, 129, 172, 158, 252, 94, 156, 184, 98, 231, 57, 232, 253, 123,
137, 26, 128, 127, 20, 243, 49, 103, 6, 208, 147, 21, 52, 42, 182, 78, 142, 190, 96, 230, 9, 224, 167, 63, 225, 37, 128, 181, 233, 90, 23, 31, 53, 107, 105, 159, 16, 124, 64, 174,
157, 248, 32, 194, 176, 82, 159, 83, 172, 255, 242, 100, 156, 149, 83, 235, 34, 77, 84, 45, 170, 106, 125, 243, 173, 66, 192, 130, 177, 229, 102, 253, 228, 225, 232, 146, 9, 125, 75, 196,
52, 12, 30, 110, 177, 60, 5, 181, 228, 117, 198, 9, 7, 13, 101, 173, 143, 113, 38, 66, 107, 64, 171, 75, 17, 121, 41, 17, 111, 167, 44, 177, 128, 250, 163, 247, 59, 175, 38, 20,
232, 78, 3, 243, 141, 90, 161, 82, 55, 149, 203, 121, 21, 125, 215, 33, 142, 157, 179, 17, 169, 69, 37, 13, 242, 92, 99, 173, 151, 78, 209, 34, 16, 209, 239, 244, 175, 137, 199, 7,
162, 26, 96, 224, 155, 68, 229, 187, 201, 14, 32, 238, 37, 225, 240, 46, 98, 116, 129, 18, 174, 66, 243, 241, 194, 22, 88, 57, 16, 62, 236, 228, 146, 162, 144, 141, 17, 108, 40, 150,
118, 126, 203, 156, 117, 240, 136, 225, 212, 104, 22, 42, 29, 103, 197, 133, 224, 180, 162, 8, 234, 221, 15, 190, 82, 236, 65, 45, 124, 158, 48, 89, 142, 112, 15, 110, 151, 215, 172, 174,
174, 87, 230, 150, 237, 53, 93, 26, 7, 207, 13, 146, 169, 208, 94, 71, 129, 226, 190, 71, 201, 100, 76, 63, 191, 106, 255, 4, 9, 156, 102, 89, 83, 187, 32, 249, 138, 131, 55, 74,
244, 235, 128, 146, 57, 168, 102, 100, 140, 203, 66, 202, 23, 221, 139, 237, 41, 155, 51, 143, 15, 38, 85, 3, 151, 8, 135, 97, 18, 69, 27, 254, 254, 178, 55, 108, 182, 167, 129, 217,
78, 75, 175, 248, 21, 187, 235, 147, 246, 107, 218, 165, 137, 255, 31, 246, 250, 185, 26, 32, 234, 213, 212, 220, 51, 94, 146, 119, 181, 53, 240, 135, 128, 217, 114, 91, 185, 129, 193, 75,
234, 171, 114, 75, 21, 125, 209, 141, 65, 223, 129, 224, 149, 153, 246, 119, 142, 172, 97, 202, 51, 226, 248, 104, 178, 0, 198, 26, 108, 146, 43, 7, 46, 194, 191, 98, 13, 109, 144, 127,
179, 185, 7, 149, 22, 187, 135, 92, 223, 116, 163, 134, 184, 121, 1, 108, 110, 126, 110, 133, 47, 0, 64, 212, 198, 240, 35, 150, 139, 86, 145, 83, 155, 196, 211, 73, 151, 147, 124, 245,
8, 17, 84, 11, 146, 80, 78, 193, 188, 66, 253, 177, 154, 131, 123, 187, 199, 241, 162, 232, 50, 18, 96, 250, 42, 19, 62, 103, 156, 2, 124, 162, 206, 111, 242, 116, 56, 62, 81, 152,
132, 82, 90, 89, 19, 43, 148, 88, 46, 98, 49, 30, 107, 185, 34, 196, 161, 253, 160, 216, 56, 175, 56, 71, 232, 118, 54, 149, 156, 81, 180, 51, 105, 205, 246, 78, 0, 97, 246, 44,
148, 169, 191, 26, 149, 21, 60, 125, 250, 7, 107, 130, 170, 108, 243, 39, 0, 143, 136, 181, 242, 207, 199, 44, 175, 33, 77, 132, 177, 56, 250, 217, 232, 40, 84, 177, 104, 237, 252, 48,
119, 40, 177, 46, 188, 102, 163, 206, 215, 5, 98, 83, 11, 127, 214, 217, 128, 177, 199, 173, 27, 63, 42, 137, 38, 98, 203, 156, 42, 233, 162, 194, 175, 89, 24, 100, 11, 13, 188, 159,
193, 145, 254, 6, 169, 218, 38, 142, 96, 203, 109, 56, 3, 253, 114, 67, 192, 119, 20, 77, 172, 208, 150, 139, 146, 121, 192, 249, 133, 50, 80, 20, 110, 145, 107, 137, 150, 138, 65, 127,
138, 248, 248, 4, 166, 85, 103, 120, 193, 72, 245, 105, 111, 254, 81, 117, 83, 131, 29, 164, 138, 155, 49, 29, 244, 239, 243, 167, 60, 150, 95, 108, 250, 229, 4, 237, 16, 192, 214, 203,
113, 164, 33, 144, 49, 110, 52, 27, 169, 42, 152, 104, 6, 94, 64, 153, 178, 204, 60, 85, 152, 199, 188, 240, 83, 76, 210, 247, 55, 232, 188, 179, 202, 37, 186, 144, 213, 253, 44, 253,
157, 162, 68, 7, 136, 235, 238, 150, 22, 94, 202, 116, 183, 38, 207, 133, 189, 157, 122, 1, 164, 142, 250, 118, 248, 173, 122, 80, 21, 74, 204, 206, 60, 243, 172, 227, 130, 128, 181, 122,
243, 196, 13, 193, 4, 245, 196, 51, 249, 24, 195, 59, 25, 181, 7, 123, 22, 189, 188, 75, 6, 89, 203, 66, 131, 193, 126, 130, 41, 224, 174, 85, 160, 47, 191, 204, 140, 71, 18, 100,
60, 108, 65, 129, 47, 0, 54, 206, 198, 207, 35, 206, 139, 13, 225, 83, 160, 247, 214, 106, 134, 147, 23, 225, 48, 24, 95, 22, 173, 112, 17, 218, 215, 90, 207, 195, 183, 228, 121, 160,
201, 214, 232, 151, 30, 62, 76, 141, 42, 48, 54, 97, 177, 38, 17, 212, 228, 114, 248, 115, 45, 13, 108, 171, 190, 85, 57, 68, 111, 125, 147, 106, 53, 1, 26, 34, 19, 167, 50, 172,
210, 131, 141, 219, 9, 212, 70, 78, 251, 116, 3, 244, 141, 12, 134, 78, 116, 146, 203, 96, 28, 62, 178, 109, 239, 166, 160, 85, 168, 116, 24, 89, 157, 2, 117, 175, 179, 64, 227, 14,
3, 129, 215, 181, 242, 167, 157, 6, 129, 38, 96, 214, 187, 68, 220, 195, 251, 22, 127, 240, 8, 250, 183, 9, 97, 108, 148, 60, 188, 102, 171, 218, 247, 77, 2, 76, 74, 74, 209, 228,
155, 177, 186, 143, 5, 63, 87, 181, 7, 90, 136, 197, 42, 180, 142, 194, 175, 124, 98, 99, 58, 103, 142, 169, 210, 144, 168, 42, 140, 253, 21, 171, 112, 239, 111, 35, 14, 151, 47, 122,
228, 93, 20, 25, 145, 164, 189, 171, 243, 28, 129, 196, 153, 46, 106, 127, 44, 237, 94, 163, 135, 148, 21, 81, 143, 207, 186, 30, 164, 28, 113, 43, 186, 122, 251, 111, 47, 253, 86, 89,
87, 235, 1, 247, 176, 131, 51, 1, 244, 255, 220, 130, 25, 247, 88, 4, 129, 222, 41, 186, 16, 221, 160, 184, 35, 165, 72, 188, 49, 106, 5, 26, 179, 47, 130, 91, 43, 93, 28, 217,
249, 231, 60, 109, 182, 174, 190, 217, 81, 48, 232, 241, 118, 220, 188, 183, 231, 63, 132, 183, 207, 140, 50, 222, 142, 202, 73, 57, 156, 204, 221, 136, 28, 62, 237, 92, 166, 27, 231, 146,
166, 217, 95, 114, 169, 152, 253, 111, 206, 171, 96, 114, 16, 75, 201, 202, 61, 243, 186, 159, 146, 224, 245, 121, 227, 148, 95, 194, 58, 245, 172, 89, 140, 0, 180, 52, 5, 137, 23, 22,
14, 241, 201, 97, 16, 45, 166, 100, 163, 190, 60, 179, 78, 132, 194, 58, 249, 116, 185, 155, 134, 90, 43, 61, 97, 116, 107, 204, 107, 96, 70, 254, 221, 200, 59, 153, 189, 34, 251, 18,
163, 196, 203, 96, 188, 172, 64, 216, 47, 24, 93, 7, 174, 70, 70, 253, 142, 78, 227, 163, 164, 219, 114, 180, 241, 197, 165, 151, 26, 62, 107, 222, 64, 19, 12, 90, 135, 27, 10, 130,
252, 81, 225, 37, 28, 126, 63, 133, 136, 125, 26, 66, 8, 119, 221, 64, 0, 125, 8, 61, 11, 168, 62, 221, 221, 165, 236, 192, 40, 216, 53, 74, 205, 71, 59, 242, 155, 13, 158, 89,
66, 176, 201, 76, 30, 94, 242, 109, 238, 151, 197, 4, 170, 69, 96, 115, 141, 2, 115, 172, 239, 107, 207, 3, 55, 142, 209, 177, 157, 154, 194, 42, 129, 67, 92, 209, 209, 88, 128, 190,
243, 15, 95, 238, 28, 225, 214, 18, 109, 127, 179, 13, 167, 123, 168, 239, 207, 57, 81, 107, 20, 40, 216, 234, 160, 137, 198, 143, 5, 2, 43, 160, 7, 124, 203, 197, 23, 250, 156, 236,
162, 68, 54, 40, 46, 100, 204, 170, 230, 142, 152, 13, 174, 225, 48, 228, 73, 233, 45, 54, 41, 188, 112, 106, 148, 90, 49, 74, 205, 178, 255, 166, 143, 114, 250, 222, 137, 33, 101, 109,
47, 243, 116, 181, 128, 236, 22, 77, 136, 229, 195, 39, 173, 69, 89, 99, 184, 21, 229, 4, 11, 190, 82, 14, 103, 168, 29, 192, 176, 131, 50, 35, 244, 201, 220, 163, 44, 173, 126, 44,
170, 188, 66, 252, 48, 168, 214, 244, 13, 240, 59, 212, 116, 23, 87, 30, 169, 57, 152, 120, 6, 112, 51, 255, 226, 233, 53, 95, 181, 145, 150, 234, 110, 75, 239, 132, 30, 227, 204, 163,
223, 41, 193, 178, 187, 209, 51, 222, 142, 166, 100, 2, 156, 204, 150, 149, 28, 94, 237, 54, 166, 70, 201, 146, 166, 170, 126, 83, 169, 152, 215, 64, 206, 186, 96, 73, 16, 127, 180, 202,
61, 220, 224, 161, 146, 224, 170, 93, 227, 176, 95, 227, 58, 226, 164, 89, 140, 63, 161, 38, 5, 137, 83, 122, 14, 234, 201, 93, 16, 125, 178, 100, 163, 214, 23, 182, 78, 132, 190, 3,
249, 20, 185, 166, 134, 77, 52, 61, 97, 64, 80, 183, 107, 96, 82, 169, 221, 213, 59, 201, 189, 14, 182, 18, 163, 198, 219, 121, 188, 172, 65, 248, 47, 64, 93, 124, 174, 16, 11, 253,
142, 93, 162, 157, 164, 219, 94, 164, 241, 212, 165, 234, 26, 99, 98, 222, 64, 96, 33, 67, 135, 27, 61, 159, 252, 107, 225, 24, 28, 35, 87, 133, 136, 38, 59, 76, 8, 119, 173, 111,
0, 1, 8, 8, 11, 156, 41, 221, 221, 166, 182, 219, 40, 216, 69, 110, 205, 107, 59, 252, 155, 26, 252, 89, 66, 170, 220, 78, 30, 94, 247, 1, 238, 164, 197, 37, 170, 21, 22, 115,
141, 65, 88, 141, 239, 107, 146, 58, 55, 222, 209, 225, 157, 141, 203, 42, 129, 33, 103, 136, 209, 88, 246, 233, 243, 55, 95, 167, 28, 205, 171, 18, 109, 112, 150, 44, 188, 102, 162, 235,
198, 41, 64, 73, 12, 110, 196, 249, 179, 170, 186, 163, 38, 11, 9, 252, 7, 80, 214, 252, 116, 169, 140, 233, 175, 89, 2, 9, 44, 22, 177, 137, 202, 171, 150, 57, 172, 155, 116, 155,
112, 140, 106, 39, 41, 185, 113, 72, 148, 84, 20, 108, 202, 164, 150, 147, 249, 89, 230, 217, 153, 46, 22, 127, 38, 229, 94, 240, 137, 148, 69, 99, 178, 192, 207, 51, 143, 85, 95, 103,
189, 64, 245, 40, 50, 144, 75, 109, 83, 143, 20, 164, 149, 216, 43, 23, 223, 142, 243, 177, 78, 145, 101, 100, 251, 160, 41, 185, 16, 233, 214, 181, 38, 162, 23, 142, 45, 53, 81, 27,
169, 59, 237, 103, 6, 94, 27, 217, 191, 172, 102, 78, 230, 173, 129, 248, 114, 75, 247, 131, 118, 253, 182, 139, 215, 52, 134, 170, 180, 212, 100, 137, 251, 154, 107, 32, 135, 213, 149, 139,
14, 45, 254, 94, 172, 13, 199, 228, 157, 222, 66, 84, 180, 142, 193, 59, 189, 153, 105, 88, 5, 96, 225, 211, 124, 243, 170, 191, 169, 204, 137, 86, 243, 184, 13, 193, 70, 214, 238, 106,
248, 62, 163, 4, 106, 238, 22, 25, 46, 241, 192, 112, 112, 73, 182, 65, 176, 245, 17, 131, 13, 187, 135, 92, 185, 116, 135, 188, 180, 99, 117, 108, 52, 99, 85, 153, 14, 124, 112, 235,
202, 230, 51, 150, 154, 86, 145, 5, 137, 132, 192, 25, 174, 185, 74, 198, 38, 100, 110, 8, 240, 88, 113, 206, 174, 66, 220, 178, 203, 212, 123, 185, 228, 239, 251, 176, 9, 99, 110, 221,
83, 50, 110, 67, 156, 46, 60, 176, 147, 91, 158, 43, 15, 34, 118, 155, 162, 69, 2, 62, 50, 110, 215, 95, 116, 8, 56, 28, 22, 180, 13, 140, 144, 227, 160, 196, 8, 205, 76, 79,
249, 84, 97, 137, 166, 94, 149, 108, 54, 158, 195, 100, 11, 85, 178, 44, 195, 152, 176, 41, 140, 21, 50, 101, 242, 2, 71, 167, 237, 76, 243, 39, 54, 153, 215, 206, 151, 198, 247, 8,
175, 38, 122, 132, 203, 29, 211, 216, 226, 55, 71, 169, 42, 206, 221, 11, 61, 116, 177, 46, 139, 102, 136, 137, 208, 22, 83, 73, 23, 72, 196, 217, 128, 177, 199, 173, 27, 63, 42, 137,
38, 98, 203, 156, 3, 236, 150, 253, 175, 57, 126, 59, 51, 5, 151, 195, 202, 138, 161, 47, 166, 135, 17, 243, 78, 219, 75, 51, 111, 151, 43, 48, 147, 93, 22, 85, 178, 157, 141, 139,
146, 114, 233, 195, 142, 34, 118, 74, 19, 202, 81, 169, 163, 201, 110, 120, 161, 192, 217, 31, 204, 14, 95, 52, 232, 106, 244, 109, 22, 254, 43, 9, 95, 138, 21, 164, 138, 131, 115, 60,
244, 219, 132, 143, 63, 159, 95, 19, 140, 220, 6, 218, 16, 225, 139, 251, 113, 154, 51, 139, 119, 19, 37, 83, 172, 33, 231, 73, 18, 94, 56, 255, 226, 233, 102, 93, 150, 186, 134, 238,
82, 28, 248, 140, 118, 191, 240, 140, 195, 11, 218, 135, 180, 234, 31, 214, 155, 151, 114, 88, 170, 251, 238, 189, 4, 48, 207, 119, 149, 26, 207, 133, 161, 185, 99, 120, 204, 191, 246, 93,
186, 171, 80, 105, 112, 110, 204, 211, 65, 243, 142, 134, 172, 226, 235, 80, 231, 196, 88, 180, 61, 190, 245, 88, 249, 3, 167, 25, 15, 146, 8, 99, 19, 226, 147, 115, 112, 45, 169, 65,
163, 226, 126, 151, 48, 153, 132, 38, 185, 13, 135, 186, 181, 71, 114, 19, 70, 118, 65, 172, 11, 124, 125, 245, 230, 222, 5, 233, 186, 34, 229, 87, 135, 201, 245, 70, 134, 147, 75, 232,
35, 24, 94, 52, 131, 70, 98, 224, 188, 91, 252, 150, 204, 135, 77, 149, 237, 148, 190, 151, 21, 7, 104, 214, 113, 48, 47, 109, 188, 2, 114, 201, 211, 11, 158, 51, 15, 13, 108, 171,
190, 85, 6, 93, 24, 125, 167, 75, 15, 61, 56, 30, 30, 168, 1, 141, 188, 153, 164, 201, 31, 166, 22, 85, 217, 71, 18, 238, 231, 93, 133, 83, 97, 184, 216, 88, 20, 69, 253, 16,
234, 151, 179, 38, 183, 125, 16, 89, 157, 2, 117, 175, 134, 66, 221, 84, 119, 157, 239, 198, 134, 147, 238, 7, 164, 92, 96, 195, 187, 56, 193, 238, 232, 55, 68, 247, 37, 222, 210, 38,
119, 109, 239, 34, 190, 66, 242, 235, 247, 18, 93, 50, 39, 119, 193, 215, 179, 229, 144, 175, 7, 59, 43, 191, 12, 91, 188, 197, 116, 216, 210, 207, 212, 61, 101, 20, 11, 30, 173, 170,
217, 144, 161, 74, 165, 157, 17, 228, 110, 136, 111, 18, 124, 253, 55, 99, 210, 93, 52, 90, 209, 129, 146, 211, 143, 2, 196, 250, 174, 83, 81, 26, 110, 220, 107, 156, 150, 216, 78, 71,
137, 254, 196, 32, 177, 69, 90, 61, 224, 104, 168, 27, 111, 177, 72, 86, 99, 170, 60, 248, 129, 216, 35, 47, 203, 240, 255, 171, 20, 145, 92, 62, 242, 217, 8, 221, 44, 170, 168, 213,
113, 153, 9, 214, 33, 38, 5, 60, 135, 15, 229, 91, 18, 94, 19, 131, 226, 182, 102, 68, 141, 173, 151, 201, 97, 65, 220, 215, 119, 187, 214, 143, 156, 53, 135, 147, 207, 255, 48, 246,
250, 166, 118, 20, 170, 234, 144, 131, 8, 14, 138, 85, 172, 53, 245, 178, 128, 213, 84, 106, 202, 197, 199, 79, 221, 142, 80, 118, 50, 125, 204, 138, 112, 175, 129, 228, 179, 245, 150, 83,
195, 159, 5, 218, 29, 178, 161, 83, 189, 39, 163, 2, 20, 182, 51, 37, 15, 226, 157, 76, 6, 69, 157, 98, 179, 227, 7, 227, 6, 134, 204, 84, 225, 46, 163, 205, 177, 99, 37, 14,
107, 74, 110, 167, 51, 0, 125, 163, 198, 221, 48, 213, 182, 37, 157, 48, 172, 240, 222, 126, 138, 206, 73, 237, 116, 108, 95, 113, 173, 93, 73, 201, 174, 93, 198, 188, 204, 228, 4, 130,
201, 212, 232, 171, 111, 99, 111, 210, 68, 61, 52, 33, 161, 95, 117, 173, 210, 109, 209, 4, 15, 49, 120, 180, 179, 70, 7, 111, 107, 97, 189, 90, 49, 45, 49, 19, 6, 185, 44, 216,
145, 137, 161, 225, 49, 208, 71, 101, 184, 65, 6, 204, 231, 67, 157, 109, 80, 169, 251, 65, 21, 62, 188, 24, 211, 138, 155, 45, 183, 118, 54, 9, 145, 17, 72, 157, 145, 112, 143, 0,
60, 177, 232, 236, 175, 141, 226, 123, 142, 20, 122, 215, 177, 56, 134, 217, 232, 48, 71, 240, 42, 205, 206, 38, 110, 78, 173, 26, 181, 78, 173, 200, 235, 53, 64, 82, 45, 72, 161, 240,
131, 156, 155, 225, 108, 63, 18, 132, 18, 92, 200, 205, 117, 170, 143, 225, 132, 101, 13, 50, 58, 22, 155, 187, 196, 186, 167, 13, 168, 226, 16, 173, 113, 252, 41, 66, 124, 170, 72, 124,
211, 109, 49, 68, 152, 146, 190, 184, 143, 0, 233, 247, 154, 87, 107, 90, 19, 231, 125, 190, 145, 203, 69, 125, 214, 229, 217, 41, 204, 69, 126, 117, 224, 84, 251, 61, 56, 170, 112, 10,
83, 129, 14, 238, 160, 187, 119, 73, 237, 139, 237, 144, 51, 162, 37, 100, 187, 208, 4, 251, 26, 192, 160, 195, 43, 165, 47, 162, 15, 45, 53, 39, 142, 36, 183, 96, 18, 33, 2, 245,
194, 194, 54, 113, 146, 165, 241, 242, 78, 22, 225, 128, 113, 187, 237, 140, 199, 59, 175, 180, 147, 244, 1, 210, 145, 180, 6, 3, 232, 251, 197, 217, 46, 63, 207, 81, 181, 42, 245, 188,
144, 186, 102, 0, 147, 146, 236, 73, 198, 215, 83, 92, 112, 56, 181, 215, 55, 182, 180, 129, 144, 132, 179, 67, 253, 172, 88, 230, 29, 177, 197, 108, 248, 33, 128, 30, 42, 182, 13, 42,
36, 229, 137, 77, 52, 71, 145, 65, 167, 250, 26, 181, 24, 159, 153, 15, 225, 36, 180, 154, 141, 3, 112, 100, 60, 73, 42, 151, 118, 124, 126, 203, 145, 203, 28, 228, 181, 84, 172, 49,
140, 195, 197, 77, 134, 147, 115, 202, 106, 76, 9, 18, 131, 12, 108, 224, 177, 28, 241, 185, 139, 142, 4, 253, 179, 192, 163, 230, 49, 7, 96, 237, 114, 49, 42, 110, 177, 61, 6, 138,
228, 81, 158, 42, 15, 36, 102, 168, 249, 97, 63, 84, 111, 43, 213, 121, 117, 26, 18, 51, 22, 183, 52, 156, 130, 134, 186, 200, 43, 218, 19, 126, 209, 65, 102, 243, 178, 45, 174, 70,
125, 203, 221, 99, 118, 125, 239, 98, 206, 191, 179, 22, 183, 125, 45, 89, 157, 41, 127, 197, 166, 66, 224, 47, 20, 138, 208, 203, 170, 170, 240, 44, 164, 21, 81, 137, 137, 56, 205, 180,
232, 33, 71, 196, 59, 185, 232, 68, 98, 114, 131, 2, 179, 31, 244, 193, 206, 6, 98, 84, 72, 101, 160, 173, 228, 162, 162, 130, 109, 11, 84, 130, 7, 126, 203, 156, 117, 240, 136, 225,
212, 102, 56, 6, 39, 5, 134, 213, 202, 182, 250, 50, 234, 238, 40, 171, 64, 140, 104, 62, 3, 135, 98, 72, 148, 84, 52, 87, 209, 129, 156, 211, 143, 89, 196, 153, 153, 87, 107, 26,
7, 235, 119, 129, 239, 137, 112, 123, 214, 212, 186, 42, 184, 69, 103, 8, 224, 106, 199, 60, 109, 185, 54, 89, 83, 187, 32, 249, 138, 131, 55, 74, 244, 139, 132, 179, 63, 254, 122, 100,
251, 221, 1, 194, 42, 170, 190, 217, 43, 154, 11, 138, 113, 25, 53, 64, 169, 54, 189, 120, 11, 112, 34, 131, 226, 178, 55, 108, 182, 167, 129, 217, 78, 75, 175, 210, 118, 220, 201, 130,
157, 40, 186, 132, 135, 212, 13, 221, 253, 202, 94, 27, 170, 250, 149, 157, 113, 61, 200, 92, 172, 71, 207, 188, 144, 170, 98, 113, 147, 129, 227, 60, 186, 186, 80, 102, 112, 125, 194, 191,
48, 243, 131, 132, 246, 236, 181, 83, 255, 203, 13, 193, 17, 214, 220, 46, 163, 62, 191, 5, 42, 130, 22, 120, 49, 254, 144, 92, 37, 48, 183, 109, 172, 245, 56, 153, 7, 229, 223, 43,
218, 20, 224, 171, 158, 121, 33, 59, 79, 22, 78, 166, 11, 0, 74, 238, 202, 200, 32, 201, 134, 83, 130, 30, 153, 201, 222, 121, 170, 177, 11, 255, 44, 91, 105, 28, 173, 114, 17, 206,
174, 118, 198, 147, 204, 228, 115, 244, 178, 146, 227, 139, 110, 39, 97, 246, 52, 41, 63, 70, 177, 27, 118, 130, 252, 11, 225, 114, 28, 126, 121, 133, 136, 85, 26, 109, 8, 119, 135, 64,
0, 16, 8, 51, 11, 168, 84, 221, 221, 137, 236, 229, 40, 216, 26, 74, 205, 79, 59, 221, 155, 13, 244, 89, 66, 149, 201, 92, 30, 94, 179, 109, 238, 191, 197, 25, 170, 69, 2, 115,
141, 41, 115, 136, 239, 107, 238, 3, 55, 190, 209, 220, 157, 154, 212, 42, 129, 21, 92, 243, 209, 88, 226, 190, 243, 42, 95, 247, 28, 225, 230, 18, 109, 108, 179, 3, 167, 123, 161, 239,
207, 21, 81, 56, 20, 40, 187, 234, 160, 162, 198, 163, 5, 52, 14, 164, 63, 126, 205, 144, 1, 180, 130, 201, 160, 53, 45, 7, 61, 35, 141, 136, 210, 148, 133, 38, 189, 204, 7, 133,
70, 140, 83, 54, 19, 160, 77, 120, 224, 84, 4, 76, 177, 164, 153, 202, 243, 89, 210, 229, 137, 55, 21, 110, 3, 193, 83, 134, 128, 205, 28, 78, 162, 255, 208, 10, 164, 102, 71, 22,
192, 91, 161, 27, 11, 250, 70, 115, 67, 235, 48, 247, 244, 188, 114, 45, 215, 139, 221, 165, 39, 181, 123, 61, 175, 222, 3, 182, 112, 183, 166, 233, 61, 157, 55, 221, 7, 26, 75, 5,
141, 59, 175, 94, 29, 67, 16, 216, 225, 178, 53, 125, 181, 145, 166, 234, 110, 27, 239, 231, 30, 227, 194, 163, 223, 58, 193, 169, 187, 147, 29, 246, 250, 151, 114, 22, 237, 140, 202, 154,
40, 70, 240, 110, 149, 62, 252, 179, 181, 143, 94, 99, 147, 130, 237, 68, 222, 166, 100, 73, 112, 111, 215, 184, 65, 221, 145, 236, 158, 159, 142, 126, 243, 158, 116, 194, 46, 213, 220, 51,
135, 11, 136, 0, 6, 170, 35, 117, 15, 236, 141, 97, 16, 116, 158, 25, 210, 238, 44, 231, 73, 128, 185, 45, 206, 116, 224, 145, 158, 98, 17, 42, 103, 11, 50, 129, 11, 96, 48, 169,
221, 240, 59, 208, 189, 14, 134, 18, 163, 217, 217, 89, 167, 177, 75, 232, 12, 100, 122, 112, 180, 82, 76, 242, 161, 74, 242, 147, 155, 221, 118, 155, 237, 193, 217, 230, 24, 4, 119, 251,
66, 17, 58, 108, 148, 92, 124, 189, 200, 113, 252, 21, 47, 15, 39, 164, 155, 120, 21, 62, 30, 32, 181, 77, 2, 112, 27, 19, 125, 189, 32, 130, 174, 133, 173, 167, 8, 192, 36, 127,
228, 108, 56, 142, 180, 9, 189, 77, 64, 188, 168, 122, 33, 95, 226, 43, 157, 138, 187, 17, 172, 80, 62, 100, 164, 48, 91, 131, 179, 81, 200, 38, 52, 198, 245, 247, 169, 158, 147, 2,
168, 59, 68, 132, 171, 26, 222, 230, 199, 10, 33, 181, 15, 220, 236, 69, 102, 123, 155, 46, 172, 106, 175, 206, 213, 16, 127, 73, 14, 48, 224, 229, 143, 164, 158, 168, 58, 50, 80, 149,
35, 120, 177, 231, 3, 219, 211, 236, 162, 85, 108, 42, 46, 100, 174, 154, 230, 186, 152, 13, 142, 233, 19, 164, 85, 242, 82, 53, 5, 247, 124, 118, 226, 73, 23, 72, 199, 213, 154, 149,
128, 103, 228, 218, 169, 47, 17, 28, 42, 130, 80, 133, 175, 197, 106, 90, 160, 198, 244, 39, 155, 103, 83, 37, 179, 77, 223, 40, 13, 139, 66, 100, 106, 191, 35, 164, 168, 134, 32, 54,
212, 243, 249, 143, 19, 189, 103, 21, 134, 164, 37, 220, 10, 245, 162, 255, 9, 248, 73, 210, 20, 12, 21, 82, 134, 61, 188, 106, 51, 94, 19, 232, 226, 233, 54, 95, 235, 218, 133, 205,
64, 82, 200, 215, 119, 232, 180, 139, 196, 49, 184, 178, 144, 255, 17, 216, 250, 150, 105, 5, 155, 235, 236, 223, 61, 32, 202, 65, 181, 41, 245, 243, 171, 142, 116, 70, 147, 129, 236, 60,
186, 215, 80, 118, 112, 125, 204, 143, 48, 168, 242, 163, 190, 128, 243, 92, 243, 200, 121, 176, 19, 223, 210, 83, 184, 43, 133, 38, 38, 170, 15, 29, 46, 185, 200, 104, 52, 73, 181, 99,
151, 238, 101, 182, 24, 224, 183, 28, 187, 36, 224, 177, 158, 121, 40, 59, 79, 64, 78, 192, 48, 10, 94, 172, 231, 241, 35, 139, 169, 21, 128, 48, 173, 131, 235, 111, 169, 149, 81, 231,
22, 108, 107, 125, 134, 16, 94, 194, 188, 123, 246, 131, 135, 228, 4, 244, 201, 250, 190, 134, 111, 126, 108, 254, 79, 12, 14, 77, 150, 46, 1, 158, 211, 107, 158, 15, 15, 18, 64, 171,
190, 38, 2, 79, 24, 125, 137, 61, 15, 7, 56, 12, 52, 185, 48, 154, 161, 181, 226, 248, 59, 221, 5, 73, 233, 65, 97, 223, 244, 81, 140, 70, 115, 173, 182, 121, 118, 97, 229, 112,
233, 191, 145, 56, 168, 18, 25, 111, 137, 17, 2, 131, 166, 84, 235, 2, 13, 175, 202, 199, 133, 201, 192, 44, 175, 35, 77, 215, 177, 56, 205, 229, 228, 42, 123, 212, 7, 226, 224, 83,
104, 78, 151, 108, 135, 78, 137, 136, 142, 69, 118, 82, 45, 72, 161, 170, 155, 160, 187, 187, 20, 59, 86, 142, 42, 89, 128, 229, 117, 170, 135, 154, 182, 53, 55, 20, 77, 99, 145, 154,
189, 244, 250, 61, 174, 158, 60, 172, 113, 207, 73, 50, 41, 185, 83, 43, 148, 69, 52, 88, 209, 146, 146, 143, 254, 89, 154, 212, 165, 87, 82, 28, 15, 221, 119, 144, 176, 141, 72, 99,
147, 229, 243, 17, 204, 89, 2, 121, 237, 107, 226, 50, 107, 170, 52, 105, 83, 159, 49, 213, 176, 149, 61, 75, 241, 250, 227, 130, 42, 159, 65, 19, 157, 162, 61, 190, 16, 205, 168, 255,
46, 179, 51, 133, 119, 29, 82, 49, 142, 56, 164, 94, 51, 117, 71, 231, 226, 234, 55, 89, 182, 165, 241, 217, 78, 47, 242, 242, 113, 198, 171, 235, 231, 14, 140, 161, 142, 253, 30, 234,
157, 160, 92, 1, 167, 234, 237, 213, 4, 89, 202, 66, 130, 58, 151, 163, 128, 221, 101, 0, 200, 129, 134, 98, 189, 170, 102, 125, 107, 99, 237, 178, 65, 222, 191, 128, 241, 132, 177, 113,
145, 207, 5, 247, 60, 238, 210, 106, 128, 0, 158, 52, 46, 170, 82, 8, 46, 194, 192, 108, 112, 42, 168, 65, 214, 221, 36, 181, 41, 224, 160, 30, 238, 45, 187, 148, 158, 30, 15, 59,
79, 116, 65, 192, 11, 10, 64, 175, 195, 240, 68, 248, 139, 2, 132, 30, 160, 255, 255, 66, 179, 211, 66, 135, 23, 26, 78, 13, 151, 112, 125, 243, 181, 118, 241, 163, 164, 208, 99, 168,
184, 202, 243, 157, 110, 16, 96, 246, 52, 12, 30, 110, 177, 95, 16, 200, 194, 90, 198, 37, 6, 17, 101, 173, 143, 113, 29, 62, 21, 43, 207, 60, 12, 125, 24, 18, 111, 232, 55, 141,
178, 129, 183, 199, 36, 218, 58, 104, 205, 98, 6, 249, 230, 63, 130, 101, 111, 129, 213, 102, 11, 57, 176, 25, 200, 189, 145, 82, 170, 113, 127, 119, 137, 41, 127, 137, 183, 84, 147, 27,
20, 171, 136, 222, 178, 174, 200, 44, 175, 21, 66, 249, 177, 56, 205, 255, 237, 2, 91, 243, 37, 177, 204, 20, 53, 83, 131, 2, 178, 31, 140, 226, 203, 57, 121, 122, 23, 40, 255, 205,
163, 170, 137, 163, 20, 26, 15, 161, 39, 66, 180, 210, 17, 210, 189, 209, 173, 102, 7, 58, 9, 30, 205, 217, 216, 180, 162, 41, 172, 157, 44, 144, 96, 200, 118, 33, 3, 185, 83, 47,
243, 84, 52, 103, 209, 211, 156, 206, 242, 68, 215, 153, 153, 87, 85, 109, 19, 145, 1, 151, 252, 221, 116, 92, 214, 252, 186, 62, 150, 69, 117, 99, 209, 112, 192, 39, 22, 251, 125, 106,
60, 183, 96, 226, 138, 131, 55, 74, 244, 139, 132, 179, 63, 241, 112, 59, 129, 220, 41, 220, 110, 225, 171, 218, 113, 170, 60, 174, 60, 27, 14, 31, 183, 2, 135, 92, 54, 112, 49, 155,
228, 186, 6, 125, 240, 176, 161, 197, 55, 54, 253, 240, 28, 221, 182, 163, 204, 11, 199, 165, 157, 194, 31, 246, 162, 180, 126, 89, 172, 140, 205, 157, 12, 30, 227, 119, 243, 71, 207, 188,
144, 170, 98, 113, 147, 129, 227, 60, 186, 183, 83, 119, 61, 77, 195, 184, 65, 220, 234, 128, 130, 128, 139, 86, 243, 184, 5, 236, 16, 226, 160, 83, 156, 26, 150, 34, 44, 243, 53, 120,
15, 220, 192, 64, 116, 111, 182, 126, 179, 230, 61, 145, 77, 131, 141, 67, 223, 47, 128, 182, 233, 112, 54, 18, 52, 22, 78, 198, 11, 10, 112, 237, 246, 232, 35, 249, 137, 23, 190, 36,
175, 198, 252, 70, 167, 177, 84, 231, 44, 64, 95, 22, 240, 86, 21, 231, 181, 122, 198, 178, 187, 208, 77, 185, 221, 140, 168, 235, 7, 39, 49, 217, 52, 55, 52, 35, 190, 2, 62, 190,
231, 102, 198, 116, 26, 18, 69, 247, 190, 124, 0, 99, 19, 125, 139, 61, 36, 59, 3, 22, 114, 185, 34, 154, 161, 190, 130, 232, 38, 208, 56, 79, 186, 48, 37, 141, 150, 50, 241, 106,
85, 170, 246, 109, 55, 36, 209, 60, 239, 184, 204, 37, 206, 20, 24, 105, 156, 65, 72, 175, 145, 84, 211, 93, 20, 132, 136, 209, 244, 150, 236, 41, 202, 28, 102, 225, 204, 2, 215, 184,
255, 55, 99, 173, 42, 205, 239, 38, 110, 126, 173, 56, 181, 78, 134, 200, 235, 16, 64, 73, 50, 72, 196, 165, 156, 189, 149, 135, 27, 14, 48, 253, 114, 111, 203, 243, 117, 233, 138, 253,
149, 105, 35, 60, 75, 20, 147, 187, 196, 236, 167, 16, 174, 229, 14, 171, 54, 203, 109, 19, 41, 137, 107, 43, 231, 123, 18, 109, 181, 146, 174, 211, 143, 90, 130, 218, 153, 87, 76, 28,
7, 200, 119, 137, 135, 231, 78, 122, 189, 196, 165, 42, 166, 28, 125, 121, 200, 18, 160, 18, 56, 184, 114, 108, 64, 171, 110, 211, 172, 131, 48, 35, 244, 136, 219, 247, 29, 163, 86, 62,
165, 249, 61, 207, 110, 225, 149, 227, 61, 164, 44, 220, 49, 18, 30, 68, 172, 15, 183, 86, 54, 93, 19, 194, 198, 176, 18, 111, 179, 199, 190, 200, 55, 28, 219, 247, 55, 187, 188, 179,
150, 43, 199, 216, 207, 200, 56, 246, 250, 151, 114, 20, 135, 249, 206, 150, 22, 61, 146, 119, 160, 58, 239, 135, 128, 170, 122, 74, 152, 178, 252, 98, 202, 168, 114, 109, 112, 65, 221, 140,
71, 220, 238, 152, 145, 245, 137, 80, 255, 149, 103, 197, 78, 238, 196, 126, 249, 100, 148, 57, 59, 182, 28, 103, 6, 189, 172, 76, 107, 44, 151, 30, 140, 214, 35, 130, 11, 189, 223, 30,
243, 47, 228, 138, 233, 65, 113, 24, 74, 124, 96, 204, 32, 26, 125, 211, 228, 255, 17, 243, 176, 30, 237, 49, 155, 198, 227, 124, 188, 149, 107, 158, 113, 24, 94, 41, 170, 106, 87, 201,
202, 30, 163, 150, 204, 228, 121, 160, 201, 214, 163, 181, 16, 62, 80, 137, 51, 43, 47, 96, 188, 1, 42, 157, 196, 120, 197, 111, 13, 0, 36, 146, 146, 118, 28, 109, 12, 97, 160, 65,
40, 51, 41, 61, 30, 143, 53, 165, 220, 137, 230, 196, 56, 184, 59, 65, 221, 71, 105, 255, 231, 57, 190, 106, 54, 170, 215, 103, 55, 69, 209, 98, 243, 151, 160, 12, 188, 113, 26, 93,
169, 22, 6, 218, 169, 105, 227, 21, 0, 158, 211, 189, 178, 174, 193, 44, 175, 67, 66, 226, 177, 56, 240, 195, 232, 15, 71, 168, 42, 177, 177, 8, 76, 108, 158, 6, 188, 76, 180, 241,
203, 83, 119, 88, 23, 74, 161, 217, 128, 137, 162, 173, 109, 11, 62, 130, 7, 74, 203, 197, 3, 169, 128, 242, 213, 75, 51, 56, 15, 5, 189, 189, 204, 143, 250, 43, 151, 253, 46, 180,
113, 227, 50, 51, 111, 152, 94, 89, 213, 127, 15, 121, 209, 165, 186, 211, 163, 126, 253, 196, 187, 17, 112, 106, 19, 193, 1, 244, 252, 137, 98, 125, 214, 255, 186, 28, 204, 69, 2, 60,
237, 122, 212, 106, 43, 250, 115, 85, 95, 235, 106, 196, 138, 164, 51, 43, 151, 209, 132, 129, 63, 254, 77, 100, 251, 188, 54, 226, 110, 192, 147, 246, 117, 144, 23, 207, 1, 53, 8, 27,
151, 33, 153, 82, 51, 94, 19, 232, 226, 233, 55, 119, 182, 167, 148, 217, 78, 27, 175, 246, 118, 236, 211, 161, 202, 119, 178, 216, 142, 214, 5, 210, 165, 166, 124, 90, 170, 244, 230, 190,
38, 42, 207, 109, 151, 53, 241, 188, 144, 130, 98, 93, 147, 129, 236, 60, 186, 215, 80, 118, 112, 96, 197, 203, 85, 175, 168, 167, 245, 229, 147, 118, 148, 176, 118, 245, 70, 178, 197, 81,
146, 7, 193, 118, 8, 238, 42, 45, 110, 226, 192, 93, 41, 120, 214, 66, 191, 252, 17, 158, 12, 187, 195, 43, 218, 36, 224, 177, 158, 121, 40, 59, 79, 64, 78, 189, 11, 124, 102, 252,
195, 253, 63, 227, 159, 14, 156, 49, 187, 131, 222, 127, 167, 158, 103, 231, 115, 92, 76, 112, 173, 114, 125, 206, 174, 93, 198, 188, 204, 209, 102, 128, 184, 201, 243, 230, 110, 39, 104, 246,
86, 106, 63, 99, 148, 92, 116, 141, 200, 19, 252, 42, 47, 6, 76, 164, 155, 112, 58, 99, 30, 32, 177, 97, 2, 3, 27, 28, 125, 237, 86, 130, 174, 159, 128, 196, 8, 192, 45, 28,
228, 117, 56, 211, 180, 18, 246, 77, 64, 200, 248, 109, 33, 95, 235, 50, 157, 154, 187, 38, 172, 100, 28, 100, 164, 6, 75, 189, 179, 81, 239, 33, 52, 164, 245, 209, 169, 133, 211, 2,
168, 1, 65, 249, 171, 26, 252, 255, 199, 9, 33, 196, 15, 219, 240, 69, 102, 67, 176, 44, 172, 106, 151, 235, 213, 40, 127, 52, 14, 106, 252, 229, 143, 181, 150, 173, 58, 50, 38, 155,
35, 107, 177, 156, 3, 211, 151, 236, 162, 68, 54, 40, 46, 100, 204, 170, 230, 142, 152, 43, 142, 224, 119, 164, 85, 210, 125, 68, 5, 247, 85, 90, 226, 37, 23, 87, 199, 133, 144, 149,
128, 122, 201, 153, 169, 47, 116, 127, 42, 198, 80, 244, 175, 222, 93, 90, 160, 233, 164, 62, 155, 103, 82, 60, 179, 117, 223, 47, 13, 191, 110, 100, 106, 154, 51, 249, 168, 134, 40, 49,
212, 147, 249, 179, 19, 166, 35, 21, 134, 196, 32, 186, 10, 245, 142, 230, 9, 160, 73, 207, 20, 11, 12, 82, 134, 46, 151, 106, 22, 82, 31, 217, 251, 239, 27, 119, 175, 223, 176, 229,
65, 14, 246, 210, 33, 229, 176, 130, 195, 45, 189, 139, 137, 200, 49, 246, 250, 202, 114, 60, 237, 234, 205, 152, 14, 90, 250, 108, 180, 44, 220, 161, 213, 188, 102, 93, 169, 174, 129, 109,
242, 145, 37, 100, 110, 60, 234, 149, 61, 205, 188, 227, 181, 219, 130, 118, 227, 146, 115, 211, 53, 204, 224, 85, 140, 28, 188, 25, 5, 173, 19, 117, 125, 251, 177, 73, 16, 92, 142, 25,
170, 180, 5, 228, 48, 153, 156, 2, 227, 123, 187, 148, 149, 30, 20, 49, 53, 99, 96, 157, 51, 0, 125, 243, 237, 214, 55, 225, 206, 38, 145, 62, 252, 197, 218, 31, 167, 177, 67, 232,
44, 102, 122, 60, 173, 16, 11, 253, 142, 93, 162, 157, 164, 219, 94, 164, 241, 212, 165, 234, 26, 99, 98, 222, 64, 96, 33, 67, 135, 27, 61, 159, 252, 107, 225, 24, 28, 35, 87, 133,
136, 38, 59, 76, 8, 119, 173, 111, 0, 1, 8, 8, 11, 156, 41, 221, 221, 166, 182, 219, 40, 216, 69, 110, 205, 107, 59, 252, 155, 26, 252, 89, 66, 170, 220, 78, 30, 94, 247, 1,
238, 164, 197, 37, 170, 21, 22, 115, 141, 65, 88, 141, 239, 26, 136, 102, 101, 201, 153, 164, 159, 198, 249, 107, 216, 76, 55, 241, 201, 63, 218, 196, 236, 54, 92, 211, 51, 230, 207, 36,
125, 126, 236, 96, 167, 28, 167, 240, 207, 63, 5, 71, 45, 77, 172, 248, 166, 178, 148, 143, 54, 109, 43, 184, 54, 124, 204, 225, 20, 234, 141, 158, 150, 95, 56, 38, 11, 4, 197, 164,
202, 180, 254, 24, 151, 135, 0, 153, 53, 253, 65, 46, 9, 172, 98, 124, 246, 45, 54, 79, 186, 150, 184, 183, 132, 125, 198, 220, 180, 31, 16, 101, 15, 158, 123, 241, 180, 249, 22, 81,
148, 232, 165, 71, 156, 118, 122, 41, 229, 17, 246, 103, 59, 134, 118, 69, 74, 187, 31, 167, 183, 170, 60, 28, 240, 221, 237, 170, 59, 138, 36, 43, 243, 212, 9, 204, 48, 202, 145, 189,
35, 155, 16, 171, 1, 26, 47, 89, 211, 42, 231, 67, 51, 123, 54, 219, 204, 202, 33, 77, 150, 190, 169, 202, 107, 53, 252, 245, 2, 204, 208, 159, 142, 47, 128, 170, 170, 214, 32, 249,
251, 197, 9, 11, 147, 223, 236, 152, 21, 63, 251, 119, 161, 50, 241, 163, 189, 188, 77, 106, 177, 131, 221, 100, 236, 170, 82, 104, 30, 70, 253, 175, 113, 225, 131, 255, 241, 230, 242, 112,
207, 153, 94, 218, 58, 206, 194, 111, 143, 43, 131, 124, 116, 159, 53, 27, 116, 220, 184, 117, 33, 120, 174, 4, 178, 222, 26, 159, 48, 167, 155, 56, 225, 114, 137, 207, 234, 24, 18, 43,
103, 95, 41, 223, 21, 26, 109, 249, 230, 206, 27, 143, 171, 44, 131, 19, 137, 210, 136, 73, 236, 137, 102, 205, 31, 66, 88, 107, 130, 117, 21, 251, 131, 91, 162, 192, 149, 255, 12, 252,
164, 230, 219, 237, 54, 123, 125, 234, 118, 40, 52, 39, 239, 63, 116, 169, 238, 119, 249, 41, 16, 104, 80, 237, 190, 91, 55, 33, 43, 89, 178, 100, 125, 121, 65, 82, 46, 183, 21, 136,
189, 249, 230, 187, 20, 208, 0, 31, 164, 111, 24, 212, 171, 93, 166, 111, 115, 207, 205, 124, 19, 68, 224, 57, 211, 149, 128, 86, 181, 20, 30, 118, 248, 57, 121, 151, 183, 81, 234, 52,
10, 142, 204, 203, 140, 208, 230, 25, 130, 57, 81, 241, 189, 48, 218, 199, 210, 9, 103, 203, 37, 205, 253, 30, 51, 82, 160, 22, 252, 67, 180, 221, 253, 87, 94, 89, 81, 127, 165, 201,
140, 169, 132, 156, 29, 41, 37, 161, 110, 99, 136, 238, 17, 247, 188, 201, 130, 65, 101, 53, 38, 58, 157, 135, 201, 165, 224, 22, 136, 131, 40, 150, 106, 204, 104, 95, 44, 162, 111, 87,
149, 88, 54, 101, 184, 204, 141, 132, 191, 127, 250, 204, 158, 17, 110, 71, 33, 193, 123, 163, 181, 209, 86, 36, 178, 235, 224, 56, 201, 112, 64, 43, 193, 82, 214, 17, 51, 189, 78, 88,
98, 144, 32, 254, 180, 160, 23, 25, 144, 230, 192, 241, 46, 183, 88, 58, 134, 235, 9, 199, 57, 211, 141, 201, 34, 157, 43, 203, 37, 58, 1, 26, 142, 15, 226, 119, 22, 98, 6, 252,
196, 168, 34, 8, 143, 190, 180, 248, 61, 48, 236, 217, 46, 202, 198, 173, 213, 111, 131, 133, 132, 227, 45, 233, 224, 177, 121, 11, 145, 250, 212, 219, 22, 26, 150, 70, 240, 15, 222, 178,
210, 195, 125, 27, 177, 191, 226, 103, 227, 176, 114, 53, 23, 121, 194, 165, 95, 244, 137, 226, 143, 247, 141, 105, 144, 158, 124, 207, 76, 212, 162, 110, 132, 62, 196, 34, 46, 146, 33, 32,
115, 253, 146, 16, 21, 69, 190, 24, 150, 163, 103, 159, 76, 188, 151, 7, 221, 26, 165, 137, 176, 93, 8, 43, 61, 78, 97, 189, 43, 11, 109, 170, 195, 206, 28, 239, 187, 3, 178, 13,
242, 199, 130, 77, 174, 168, 28, 249, 10, 76, 87, 11, 144, 122, 18, 204, 163, 98, 204, 157, 203, 132, 4, 136, 198, 148, 233, 172, 22, 6, 51, 202, 113, 51, 31, 98, 147, 95, 117, 162,
228, 68, 154, 53, 20, 104, 80, 153, 248, 71, 55, 33, 16, 117, 178, 72, 117, 127, 35, 33, 40, 232, 87, 141, 221, 160, 172, 221, 12, 237, 21, 91, 206, 73, 54, 236, 141, 6, 142, 101,
73, 149, 235, 88, 50, 72, 213, 12, 148, 137, 180, 49, 155, 64, 30, 19, 156, 33, 126, 161, 155, 119, 199, 0, 44, 191, 220, 189, 173, 143, 143, 62, 162, 4, 100, 242, 209, 35, 221, 163,
200, 49, 92, 247, 53, 219, 220, 12, 110, 82, 235, 100, 181, 97, 165, 208, 202, 47, 116, 52, 12, 77, 165, 165, 136, 187, 132, 156, 107, 9, 37, 171, 110, 92, 136, 241, 21, 232, 145, 253,
150, 97, 20, 53, 38, 18, 196, 190, 191, 185, 188, 24, 142, 135, 33, 234, 109, 233, 95, 77, 22, 156, 94, 75, 247, 47, 27, 73, 148, 204, 231, 204, 178, 95, 192, 193, 153, 26, 79, 68,
19, 239, 106, 247, 172, 209, 126, 125, 180, 207, 222, 56, 147, 69, 66, 0, 186, 73, 186, 104, 15, 175, 52, 102, 55, 183, 45, 236, 150, 186, 39, 47, 243, 151, 192, 170, 39, 183, 88, 31,
243, 233, 9, 199, 56, 220, 141, 230, 35, 253, 52, 188, 12, 52, 92, 49, 140, 32, 147, 67, 61, 124, 54, 203, 185, 176, 33, 123, 187, 162, 252, 201, 95, 40, 171, 245, 12, 233, 198, 239,
142, 54, 161, 170, 148, 208, 97, 141, 163, 196, 92, 40, 244, 213, 205, 135, 7, 15, 136, 108, 147, 84, 200, 129, 138, 153, 100, 27, 150, 154, 211, 64, 200, 142, 39, 75, 10, 80, 211, 206,
65, 206, 235, 166, 175, 150, 175, 88, 227, 138, 124, 218, 7, 226, 194, 70, 143, 99, 191, 34, 104, 149, 60, 116, 19, 239, 183, 64, 20, 125, 138, 100, 146, 223, 26, 150, 49, 152, 159, 11,
238, 108, 165, 207, 143, 127, 8, 49, 55, 13, 111, 153, 48, 53, 70, 222, 195, 169, 28, 250, 167, 6, 174, 51, 159, 255, 232, 125, 156, 175, 119, 231, 118, 2, 15, 116, 188, 125, 15, 225,
130, 106, 162, 162, 168, 228, 117, 185, 160, 239, 163, 152, 11, 46, 109, 137, 118, 10, 52, 98, 177, 60, 117, 179, 228, 75, 154, 38, 54, 104, 80, 182, 190, 36, 55, 33, 16, 106, 168, 64,
18, 11, 59, 80, 62, 146, 49, 187, 202, 130, 162, 226, 21, 208, 29, 74, 186, 112, 56, 219, 144, 56, 247, 114, 95, 180, 238, 76, 18, 54, 204, 46, 192, 239, 196, 80, 199, 64, 30, 115,
147, 20, 126, 161, 237, 109, 199, 63, 19, 135, 204, 238, 241, 143, 232, 60, 221, 4, 97, 221, 141, 47, 130, 218, 223, 12, 40, 173, 106, 250, 204, 51, 96, 127, 174, 7, 131, 123, 134, 235,
255, 23, 26, 81, 42, 94, 164, 202, 224, 144, 132, 135, 26, 41, 54, 138, 51, 122, 136, 238, 60, 232, 145, 237, 146, 77, 56, 38, 41, 103, 197, 181, 224, 138, 183, 59, 152, 236, 0, 153,
54, 237, 95, 91, 11, 162, 82, 95, 157, 76, 94, 113, 134, 151, 160, 154, 136, 82, 198, 222, 182, 41, 114, 123, 32, 192, 112, 136, 168, 233, 65, 79, 182, 207, 219, 59, 156, 64, 101, 11,
179, 84, 200, 25, 57, 252, 107, 72, 55, 143, 41, 172, 241, 186, 47, 49, 200, 207, 246, 145, 10, 174, 63, 119, 136, 242, 18, 222, 24, 211, 166, 227, 35, 174, 48, 169, 33, 106, 28, 5,
173, 47, 163, 113, 8, 100, 76, 205, 250, 232, 24, 7, 153, 141, 141, 243, 73, 43, 232, 246, 23, 182, 189, 141, 211, 9, 132, 181, 175, 208, 33, 234, 184, 195, 92, 92, 169, 225, 139, 165,
7, 58, 203, 98, 174, 84, 150, 162, 145, 184, 39, 119, 186, 195, 226, 68, 200, 167, 41, 72, 10, 113, 238, 181, 46, 209, 142, 255, 160, 199, 175, 98, 207, 146, 119, 181, 55, 206, 194, 46,
178, 18, 191, 34, 40, 233, 53, 33, 116, 227, 184, 18, 15, 77, 183, 66, 162, 181, 38, 149, 48, 189, 159, 34, 226, 14, 169, 154, 168, 114, 38, 58, 98, 65, 108, 181, 7, 39, 109, 234,
230, 168, 7, 229, 167, 2, 172, 49, 175, 224, 200, 125, 231, 147, 102, 193, 60, 65, 115, 55, 242, 77, 29, 210, 206, 127, 167, 157, 159, 198, 126, 161, 198, 246, 229, 231, 106, 57, 74, 141,
86, 11, 3, 113, 183, 35, 51, 207, 228, 84, 154, 53, 4, 104, 80, 181, 248, 103, 55, 33, 55, 117, 178, 109, 117, 48, 24, 1, 113, 176, 87, 191, 213, 252, 164, 202, 45, 229, 31, 75,
190, 114, 56, 220, 169, 46, 240, 114, 87, 190, 224, 96, 49, 61, 225, 111, 147, 175, 155, 5, 132, 8, 58, 75, 188, 59, 66, 220, 135, 15, 144, 45, 19, 179, 220, 181, 168, 208, 139, 8,
138, 42, 93, 211, 170, 13, 215, 195, 230, 2, 37, 211, 51, 205, 225, 13, 68, 75, 142, 14, 176, 97, 134, 204, 151, 68, 4, 111, 18, 77, 165, 248, 136, 171, 132, 156, 54, 14, 41, 251,
118, 127, 145, 241, 62, 238, 214, 218, 138, 73, 51, 101, 11, 4, 189, 164, 200, 178, 161, 21, 143, 131, 60, 153, 113, 246, 114, 69, 107, 134, 78, 89, 149, 127, 67, 98, 181, 213, 144, 171,
164, 74, 250, 228, 148, 14, 15, 74, 124, 241, 75, 156, 183, 230, 126, 76, 215, 224, 225, 62, 136, 1, 76, 57, 229, 110, 194, 4, 16, 144, 108, 115, 93, 190, 22, 219, 246, 186, 39, 40,
243, 210, 192, 170, 75, 183, 88, 23, 251, 241, 6, 221, 24, 160, 141, 181, 18, 175, 86, 215, 50, 51, 52, 45, 149, 0, 133, 115, 7, 123, 66, 217, 242, 224, 27, 113, 179, 222, 169, 245,
115, 13, 210, 217, 30, 249, 201, 174, 253, 47, 189, 170, 170, 227, 16, 216, 252, 146, 0, 11, 170, 139, 148, 219, 1, 44, 214, 115, 182, 56, 145, 141, 149, 184, 34, 31, 143, 165, 253, 120,
220, 170, 69, 123, 51, 63, 198, 181, 73, 192, 235, 166, 142, 150, 175, 112, 227, 186, 124, 218, 58, 226, 194, 72, 135, 0, 191, 34, 41, 159, 53, 27, 116, 220, 184, 117, 33, 120, 174, 4,
144, 187, 29, 169, 78, 161, 134, 0, 178, 21, 149, 168, 137, 24, 35, 40, 107, 78, 111, 159, 55, 4, 87, 242, 194, 198, 76, 143, 207, 54, 178, 30, 168, 251, 235, 73, 236, 129, 99, 149,
60, 29, 73, 3, 161, 85, 11, 229, 136, 27, 239, 179, 152, 205, 67, 143, 248, 229, 230, 155, 58, 103, 71, 230, 103, 30, 3, 109, 156, 21, 116, 169, 237, 126, 154, 45, 23, 49, 33, 243,
251, 127, 57, 55, 51, 94, 178, 100, 125, 121, 65, 82, 2, 169, 87, 184, 202, 160, 231, 226, 72, 231, 55, 117, 239, 75, 97, 230, 183, 41, 245, 104, 95, 146, 170, 97, 115, 99, 220, 54,
239, 138, 180, 18, 191, 31, 123, 94, 187, 24, 101, 182, 148, 112, 230, 59, 8, 179, 220, 177, 151, 187, 150, 7, 130, 57, 94, 226, 178, 0, 141, 185, 220, 82, 99, 198, 17, 236, 220, 49,
96, 99, 235, 96, 169, 123, 134, 249, 199, 63, 99, 53, 49, 127, 165, 201, 140, 169, 132, 156, 29, 41, 37, 161, 110, 99, 136, 238, 17, 232, 141, 197, 146, 97, 56, 38, 38, 103, 197, 216,
202, 171, 254, 11, 165, 135, 0, 145, 93, 201, 104, 57, 10, 152, 82, 118, 149, 36, 22, 21, 168, 158, 162, 138, 153, 126, 225, 244, 148, 65, 114, 79, 47, 155, 13, 180, 246, 219, 66, 100,
183, 239, 204, 56, 181, 122, 67, 15, 239, 96, 251, 107, 37, 170, 61, 88, 65, 176, 107, 237, 178, 152, 23, 77, 214, 219, 207, 169, 54, 182, 115, 63, 141, 233, 7, 229, 104, 172, 138, 255,
40, 156, 30, 169, 29, 107, 47, 18, 181, 15, 141, 115, 9, 32, 48, 213, 251, 196, 27, 8, 167, 154, 169, 235, 104, 47, 252, 231, 11, 214, 239, 236, 220, 111, 143, 133, 173, 208, 17, 137,
132, 144, 86, 63, 170, 249, 139, 162, 7, 11, 141, 52, 190, 6, 151, 188, 131, 219, 83, 31, 143, 182, 226, 52, 179, 176, 41, 40, 23, 126, 183, 168, 103, 170, 170, 158, 190, 201, 133, 93,
239, 164, 81, 181, 51, 230, 198, 44, 189, 52, 191, 59, 108, 146, 18, 8, 55, 225, 158, 114, 21, 110, 150, 123, 214, 195, 29, 180, 52, 145, 167, 84, 184, 38, 159, 203, 230, 88, 107, 18,
53, 77, 93, 181, 55, 120, 106, 215, 194, 239, 39, 196, 207, 86, 159, 10, 250, 240, 131, 30, 144, 148, 101, 252, 20, 67, 78, 28, 143, 117, 21, 193, 162, 91, 224, 162, 151, 198, 117, 251,
160, 208, 224, 174, 11, 42, 79, 137, 82, 0, 52, 38, 135, 92, 14, 143, 230, 121, 236, 49, 79, 104, 98, 153, 178, 88, 68, 33, 16, 107, 178, 71, 22, 3, 58, 60, 29, 166, 14, 184,
136, 168, 179, 187, 27, 166, 64, 91, 225, 70, 126, 145, 239, 45, 131, 68, 113, 205, 250, 66, 125, 105, 213, 55, 204, 137, 150, 53, 155, 82, 30, 5, 172, 20, 116, 171, 171, 95, 203, 22,
44, 184, 208, 181, 129, 143, 232, 62, 168, 4, 109, 249, 142, 60, 221, 229, 237, 4, 120, 177, 21, 217, 236, 83, 125, 88, 146, 22, 142, 89, 246, 217, 199, 23, 124, 111, 26, 70, 230, 170,
191, 160, 191, 143, 20, 109, 19, 250, 33, 66, 136, 235, 54, 232, 215, 157, 138, 63, 101, 53, 75, 1, 128, 213, 195, 185, 182, 24, 181, 207, 115, 138, 87, 232, 76, 69, 7, 134, 55, 94,
252, 126, 50, 22, 184, 138, 231, 204, 169, 123, 254, 220, 233, 60, 79, 120, 19, 227, 11, 144, 150, 218, 114, 57, 156, 237, 219, 28, 137, 6, 101, 33, 186, 73, 208, 104, 51, 188, 105, 19,
66, 186, 45, 219, 128, 191, 6, 34, 204, 147, 199, 165, 6, 128, 88, 15, 135, 233, 33, 199, 56, 168, 141, 185, 114, 179, 43, 161, 23, 10, 0, 34, 180, 14, 231, 67, 70, 123, 54, 202,
185, 192, 96, 102, 187, 162, 245, 201, 46, 26, 252, 132, 12, 252, 181, 182, 226, 56, 162, 144, 200, 211, 102, 211, 156, 190, 121, 11, 166, 222, 212, 216, 22, 59, 150, 108, 240, 84, 208, 170,
147, 187, 68, 106, 201, 165, 253, 97, 255, 175, 105, 70, 14, 113, 238, 178, 99, 170, 235, 182, 188, 198, 244, 80, 224, 206, 119, 180, 85, 237, 165, 114, 143, 62, 137, 6, 42, 161, 19, 33,
112, 162, 187, 93, 16, 40, 174, 25, 178, 221, 102, 133, 43, 239, 141, 37, 221, 25, 164, 207, 143, 88, 8, 58, 72, 65, 97, 189, 34, 4, 109, 225, 146, 255, 60, 208, 134, 44, 132, 5,
143, 132, 225, 26, 156, 143, 114, 232, 52, 26, 104, 30, 167, 125, 18, 222, 171, 124, 237, 196, 154, 205, 95, 164, 160, 228, 200, 182, 12, 63, 113, 137, 118, 10, 52, 98, 177, 60, 117, 179,
228, 75, 154, 38, 54, 104, 80, 182, 190, 103, 7, 63, 44, 123, 207, 52, 6, 2, 65, 50, 60, 146, 61, 135, 191, 143, 130, 166, 58, 241, 66, 24, 239, 119, 104, 234, 189, 13, 146, 126,
124, 148, 215, 88, 55, 62, 213, 108, 148, 175, 180, 86, 154, 64, 30, 115, 147, 33, 64, 171, 146, 115, 199, 47, 43, 135, 206, 203, 182, 152, 201, 60, 221, 43, 109, 241, 205, 32, 226, 181,
202, 16, 39, 198, 26, 185, 171, 78, 51, 127, 235, 7, 137, 67, 134, 206, 151, 29, 4, 88, 53, 77, 165, 214, 140, 164, 132, 156, 9, 111, 85, 160, 118, 91, 142, 238, 62, 248, 145, 193,
146, 57, 23, 38, 41, 38, 197, 184, 241, 139, 179, 22, 135, 159, 115, 141, 54, 240, 116, 91, 11, 162, 82, 95, 157, 93, 77, 113, 132, 145, 231, 181, 135, 106, 131, 220, 149, 65, 79, 103,
16, 209, 88, 146, 240, 230, 86, 111, 210, 230, 219, 5, 166, 112, 81, 32, 222, 119, 242, 15, 58, 144, 78, 123, 99, 191, 40, 167, 144, 136, 5, 1, 243, 217, 220, 241, 59, 183, 88, 41,
134, 251, 9, 199, 47, 211, 141, 229, 35, 174, 16, 169, 113, 26, 47, 49, 132, 26, 166, 119, 20, 36, 21, 203, 164, 183, 27, 100, 186, 162, 141, 165, 61, 17, 172, 210, 40, 235, 197, 239,
211, 54, 160, 132, 154, 227, 26, 140, 169, 149, 87, 24, 236, 237, 149, 141, 4, 0, 143, 98, 130, 59, 224, 157, 136, 143, 125, 1, 152, 190, 128, 118, 224, 146, 41, 40, 25, 126, 183, 175,
42, 245, 235, 166, 242, 128, 175, 67, 227, 173, 124, 241, 48, 226, 194, 106, 169, 55, 168, 52, 17, 139, 46, 120, 55, 221, 187, 18, 20, 104, 174, 91, 156, 199, 1, 169, 22, 129, 157, 0,
248, 17, 180, 187, 180, 114, 37, 115, 53, 106, 108, 149, 35, 119, 113, 241, 195, 213, 28, 239, 174, 34, 159, 30, 253, 241, 131, 125, 231, 148, 102, 202, 119, 106, 8, 28, 161, 125, 20, 239,
215, 64, 237, 189, 167, 196, 85, 248, 164, 198, 164, 148, 53, 47, 113, 246, 99, 52, 111, 98, 189, 40, 23, 203, 245, 83, 239, 58, 4, 104, 112, 181, 178, 93, 67, 109, 103, 117, 178, 64,
125, 36, 65, 53, 46, 169, 87, 135, 169, 155, 231, 226, 63, 198, 69, 3, 160, 110, 24, 228, 166, 13, 146, 70, 65, 201, 215, 88, 51, 109, 252, 24, 144, 238, 131, 49, 146, 64, 30, 69,
156, 58, 126, 161, 166, 119, 199, 37, 19, 179, 204, 198, 133, 157, 203, 115, 138, 6, 111, 219, 182, 54, 230, 217, 217, 8, 37, 238, 23, 227, 193, 73, 127, 118, 150, 29, 136, 4, 133, 136,
232, 9, 3, 43, 6, 87, 230, 205, 136, 184, 136, 188, 106, 9, 37, 155, 110, 70, 136, 241, 16, 232, 145, 158, 150, 95, 56, 38, 48, 57, 194, 167, 224, 141, 155, 21, 178, 236, 0, 182,
112, 142, 95, 91, 53, 142, 82, 35, 149, 94, 67, 118, 201, 138, 150, 168, 228, 125, 131, 220, 140, 87, 79, 71, 3, 223, 94, 246, 139, 142, 29, 70, 135, 239, 241, 33, 168, 84, 6, 27,
221, 65, 250, 104, 26, 191, 78, 120, 52, 131, 61, 237, 139, 185, 112, 22, 224, 217, 208, 185, 79, 137, 97, 18, 243, 171, 6, 239, 18, 171, 163, 181, 40, 191, 23, 160, 42, 58, 81, 3,
175, 61, 147, 125, 51, 78, 56, 216, 248, 201, 33, 79, 139, 184, 146, 250, 46, 27, 252, 231, 50, 252, 198, 147, 243, 31, 132, 170, 134, 208, 33, 250, 188, 178, 92, 24, 170, 255, 238, 152,
7, 48, 243, 115, 129, 8, 237, 184, 147, 188, 111, 119, 175, 142, 196, 122, 255, 155, 124, 91, 29, 126, 240, 181, 87, 253, 170, 158, 130, 237, 133, 76, 239, 153, 113, 180, 63, 211, 195, 109,
143, 0, 191, 34, 44, 186, 12, 56, 116, 191, 143, 117, 33, 120, 174, 4, 188, 190, 26, 159, 58, 152, 151, 61, 225, 114, 227, 199, 142, 100, 34, 107, 96, 94, 111, 181, 38, 7, 48, 209,
230, 237, 76, 143, 180, 50, 145, 12, 179, 242, 231, 103, 240, 187, 109, 203, 106, 104, 64, 30, 174, 126, 11, 198, 130, 67, 160, 196, 174, 205, 121, 159, 248, 225, 226, 186, 54, 12, 125, 230,
106, 107, 52, 65, 183, 46, 9, 169, 245, 5, 252, 120, 59, 32, 96, 172, 252, 42, 6, 109, 103, 123, 130, 121, 46, 56, 44, 50, 14, 166, 61, 162, 147, 132, 130, 187, 26, 255, 31, 72,
226, 105, 56, 230, 168, 49, 182, 83, 51, 178, 220, 124, 48, 125, 252, 9, 204, 191, 167, 9, 146, 107, 123, 83, 175, 74, 72, 221, 183, 112, 205, 0, 116, 219, 245, 253, 134, 205, 203, 59,
171, 56, 83, 242, 201, 59, 215, 251, 254, 42, 120, 209, 15, 236, 225, 18, 97, 107, 129, 51, 252, 118, 136, 218, 220, 76, 69, 88, 59, 98, 165, 249, 224, 176, 181, 165, 30, 107, 3, 159,
47, 93, 141, 157, 113, 208, 160, 253, 183, 94, 109, 99, 40, 38, 197, 216, 202, 171, 254, 4, 134, 144, 0, 145, 106, 201, 92, 91, 48, 130, 48, 35, 194, 55, 77, 101, 184, 189, 230, 203,
143, 125, 224, 192, 235, 73, 16, 127, 116, 206, 112, 171, 181, 254, 77, 88, 169, 156, 219, 28, 201, 122, 124, 124, 225, 80, 214, 6, 62, 165, 78, 84, 70, 155, 110, 167, 178, 152, 6, 16,
214, 143, 208, 249, 18, 157, 118, 100, 228, 250, 69, 239, 56, 172, 208, 202, 50, 128, 43, 134, 112, 59, 86, 94, 181, 116, 231, 98, 58, 98, 6, 232, 248, 196, 27, 121, 231, 221, 244, 246,
53, 32, 193, 217, 42, 187, 252, 175, 214, 41, 134, 132, 188, 227, 44, 137, 186, 199, 26, 92, 232, 221, 149, 188, 63, 39, 227, 52, 143, 25, 193, 161, 178, 168, 98, 119, 175, 177, 227, 52,
179, 176, 41, 40, 37, 69, 177, 168, 119, 170, 129, 255, 167, 132, 136, 88, 193, 139, 112, 181, 51, 193, 222, 114, 249, 53, 149, 26, 7, 139, 0, 21, 55, 205, 146, 109, 114, 83, 165, 24,
170, 238, 38, 158, 51, 226, 183, 15, 225, 22, 180, 135, 137, 64, 34, 41, 82, 125, 115, 149, 119, 59, 109, 233, 194, 203, 7, 229, 142, 37, 159, 78, 253, 213, 131, 125, 146, 148, 102, 217,
33, 31, 115, 21, 144, 105, 84, 178, 135, 93, 247, 177, 184, 239, 87, 160, 204, 251, 233, 241, 51, 103, 124, 216, 50, 50, 104, 109, 148, 40, 5, 175, 231, 116, 252, 52, 27, 104, 109, 239,
161, 37, 55, 33, 16, 117, 178, 72, 125, 8, 65, 53, 16, 237, 29, 128, 145, 165, 158, 161, 27, 193, 69, 100, 205, 109, 2, 208, 185, 13, 142, 77, 125, 168, 215, 88, 50, 72, 213, 47,
243, 158, 148, 20, 156, 127, 30, 19, 156, 33, 126, 171, 145, 95, 194, 56, 116, 140, 204, 237, 170, 134, 194, 124, 180, 25, 111, 209, 145, 27, 221, 238, 200, 49, 104, 177, 53, 190, 221, 83,
125, 45, 159, 59, 235, 104, 240, 233, 234, 44, 3, 114, 14, 81, 194, 209, 172, 181, 137, 250, 15, 8, 15, 244, 116, 65, 141, 192, 1, 208, 160, 197, 135, 107, 109, 99, 40, 99, 190, 143,
234, 139, 157, 61, 182, 155, 49, 138, 99, 216, 116, 91, 48, 142, 82, 115, 149, 107, 38, 22, 148, 181, 184, 190, 228, 106, 132, 244, 149, 23, 104, 105, 47, 195, 82, 246, 176, 138, 21, 90,
215, 207, 241, 28, 138, 92, 94, 0, 189, 70, 246, 49, 60, 154, 106, 85, 117, 152, 50, 236, 150, 186, 39, 47, 243, 230, 214, 133, 4, 182, 115, 59, 191, 199, 4, 165, 28, 179, 178, 233,
40, 129, 11, 142, 13, 14, 1, 44, 168, 62, 141, 119, 55, 71, 56, 156, 242, 247, 62, 79, 138, 162, 141, 201, 95, 50, 227, 247, 5, 246, 242, 182, 142, 54, 132, 170, 143, 214, 16, 222,
156, 191, 5, 54, 144, 255, 240, 220, 21, 28, 146, 124, 140, 37, 193, 250, 147, 159, 80, 122, 169, 149, 141, 65, 197, 219, 58, 43, 58, 124, 253, 169, 113, 241, 159, 158, 168, 154, 239, 120,
203, 174, 1, 226, 85, 193, 221, 108, 153, 31, 191, 59, 8, 149, 0, 15, 20, 209, 146, 80, 13, 120, 174, 82, 178, 184, 100, 169, 15, 184, 192, 7, 206, 4, 169, 178, 151, 92, 22, 108,
103, 123, 81, 147, 19, 22, 43, 202, 194, 215, 94, 208, 137, 11, 132, 73, 168, 222, 224, 103, 157, 203, 109, 251, 2, 2, 82, 114, 175, 116, 73, 205, 213, 109, 226, 157, 144, 230, 13, 155,
160, 212, 199, 187, 39, 6, 79, 202, 93, 56, 30, 67, 169, 14, 23, 131, 252, 79, 254, 38, 54, 104, 80, 182, 146, 92, 32, 63, 38, 123, 207, 64, 34, 120, 15, 11, 6, 237, 21, 188,
135, 164, 158, 166, 29, 240, 61, 96, 239, 84, 19, 240, 146, 45, 167, 55, 115, 163, 206, 97, 43, 125, 220, 46, 144, 134, 184, 15, 199, 86, 36, 100, 248, 63, 85, 182, 154, 125, 205, 11,
116, 128, 204, 245, 130, 208, 148, 27, 183, 29, 102, 226, 145, 37, 193, 207, 254, 49, 120, 209, 26, 236, 226, 13, 60, 109, 234, 55, 181, 127, 252, 238, 234, 25, 91, 79, 42, 66, 162, 219,
186, 162, 181, 141, 106, 107, 5, 148, 118, 120, 142, 144, 12, 175, 147, 206, 144, 77, 122, 38, 11, 16, 190, 152, 201, 154, 155, 9, 154, 223, 6, 182, 115, 251, 76, 46, 30, 247, 110, 79,
194, 79, 24, 84, 159, 145, 231, 181, 135, 95, 231, 152, 173, 62, 101, 120, 116, 252, 84, 240, 176, 222, 77, 56, 145, 245, 224, 39, 179, 7, 114, 36, 205, 22, 240, 7, 112, 135, 54, 19,
75, 177, 22, 237, 244, 153, 18, 51, 239, 253, 241, 141, 17, 255, 100, 52, 169, 245, 37, 165, 41, 242, 146, 203, 40, 241, 35, 143, 18, 26, 47, 49, 182, 14, 224, 89, 81, 84, 61, 203,
164, 208, 60, 83, 149, 134, 151, 173, 87, 10, 221, 243, 39, 190, 176, 235, 202, 9, 128, 181, 177, 233, 97, 246, 147, 183, 0, 57, 244, 217, 247, 165, 38, 60, 201, 94, 145, 39, 204, 242,
146, 158, 119, 125, 152, 193, 253, 66, 230, 132, 82, 108, 110, 106, 182, 166, 97, 235, 235, 166, 242, 128, 175, 78, 207, 190, 82, 178, 22, 177, 194, 83, 224, 26, 166, 54, 111, 225, 79, 46,
20, 241, 170, 75, 16, 92, 174, 69, 147, 197, 63, 169, 22, 129, 192, 39, 206, 4, 228, 174, 156, 16, 47, 58, 87, 112, 81, 150, 19, 11, 109, 241, 195, 168, 65, 229, 191, 11, 132, 18,
253, 208, 247, 108, 239, 168, 103, 156, 33, 6, 77, 44, 253, 117, 109, 222, 206, 125, 209, 177, 191, 132, 83, 171, 228, 192, 219, 241, 58, 6, 92, 206, 77, 32, 56, 80, 180, 24, 114, 144,
242, 113, 254, 53, 4, 104, 80, 181, 248, 95, 9, 33, 46, 118, 177, 62, 31, 39, 46, 15, 12, 151, 62, 210, 169, 160, 143, 245, 8, 184, 63, 125, 255, 73, 5, 196, 134, 90, 140, 88,
64, 169, 169, 13, 125, 62, 205, 60, 228, 164, 190, 11, 154, 113, 97, 110, 248, 17, 94, 222, 187, 0, 199, 37, 19, 179, 204, 171, 157, 139, 230, 8, 135, 15, 109, 219, 201, 67, 226, 217,
202, 8, 118, 238, 6, 205, 194, 13, 68, 85, 146, 63, 168, 77, 134, 204, 151, 68, 4, 54, 53, 94, 217, 201, 172, 176, 132, 165, 26, 26, 41, 152, 44, 124, 143, 192, 39, 209, 182, 218,
206, 69, 56, 5, 9, 4, 205, 152, 223, 181, 250, 23, 158, 135, 0, 182, 112, 205, 99, 69, 107, 133, 118, 89, 157, 93, 27, 25, 159, 147, 144, 172, 185, 68, 250, 192, 140, 87, 114, 71,
20, 193, 22, 183, 178, 234, 115, 105, 156, 193, 219, 28, 136, 83, 67, 27, 190, 82, 160, 104, 58, 170, 87, 100, 74, 187, 48, 204, 189, 169, 124, 57, 243, 210, 196, 170, 27, 160, 102, 40,
173, 196, 9, 199, 48, 220, 141, 207, 48, 155, 16, 171, 1, 59, 1, 45, 129, 46, 141, 119, 51, 78, 18, 212, 184, 202, 33, 74, 139, 184, 170, 214, 72, 30, 236, 248, 46, 221, 200, 172,
227, 31, 132, 170, 134, 208, 33, 142, 252, 151, 98, 54, 168, 246, 149, 150, 63, 48, 227, 112, 161, 25, 193, 179, 147, 186, 127, 31, 141, 130, 226, 91, 199, 214, 93, 106, 28, 101, 183, 181,
73, 192, 235, 255, 242, 231, 135, 67, 224, 170, 124, 175, 78, 238, 253, 68, 159, 103, 169, 54, 112, 247, 34, 24, 3, 193, 146, 117, 113, 104, 174, 68, 164, 190, 26, 159, 58, 152, 151, 91,
226, 19, 154, 151, 153, 91, 8, 52, 116, 14, 110, 181, 42, 53, 103, 245, 209, 172, 76, 201, 151, 11, 141, 38, 138, 231, 131, 79, 186, 154, 102, 239, 119, 66, 8, 114, 160, 102, 105, 193,
130, 96, 224, 157, 174, 221, 83, 150, 204, 205, 164, 235, 10, 60, 49, 210, 106, 21, 52, 65, 183, 60, 52, 144, 194, 13, 154, 38, 56, 104, 80, 243, 156, 42, 0, 67, 27, 65, 178, 91,
117, 10, 26, 50, 45, 166, 18, 189, 215, 253, 128, 226, 16, 230, 31, 100, 238, 103, 99, 207, 145, 13, 146, 46, 55, 149, 220, 96, 35, 57, 252, 54, 147, 183, 184, 15, 173, 79, 37, 85,
134, 29, 126, 168, 171, 109, 247, 22, 110, 222, 208, 238, 157, 143, 232, 8, 213, 15, 99, 227, 137, 32, 128, 230, 236, 2, 37, 231, 11, 236, 243, 87, 60, 120, 235, 23, 136, 67, 165, 210,
199, 63, 4, 88, 26, 54, 213, 175, 147, 130, 181, 143, 29, 46, 84, 128, 106, 113, 156, 205, 33, 176, 211, 159, 130, 52, 24, 37, 77, 100, 219, 216, 216, 145, 254, 73, 150, 239, 49, 178,
103, 238, 67, 55, 41, 149, 118, 122, 247, 122, 67, 107, 184, 171, 129, 136, 166, 71, 230, 133, 179, 0, 107, 79, 3, 223, 112, 158, 246, 209, 104, 105, 213, 239, 236, 28, 137, 7, 113, 15,
218, 84, 250, 6, 29, 248, 80, 86, 70, 179, 35, 208, 178, 150, 39, 29, 203, 151, 205, 178, 39, 165, 127, 108, 253, 213, 65, 229, 8, 193, 173, 217, 6, 152, 19, 141, 47, 51, 33, 88,
142, 27, 133, 119, 10, 89, 91, 219, 184, 168, 7, 21, 165, 137, 146, 228, 92, 60, 227, 132, 117, 230, 239, 183, 207, 44, 143, 211, 157, 253, 21, 237, 147, 194, 87, 11, 239, 142, 149, 219,
13, 30, 254, 99, 243, 59, 224, 161, 144, 219, 83, 1, 177, 147, 214, 64, 217, 143, 41, 108, 60, 113, 238, 183, 55, 238, 146, 229, 252, 236, 178, 109, 203, 141, 4, 241, 77, 215, 165, 70,
189, 9, 153, 8, 49, 180, 75, 10, 47, 250, 184, 18, 32, 77, 183, 110, 162, 163, 38, 149, 76, 189, 146, 46, 193, 16, 171, 154, 181, 64, 116, 4, 113, 91, 72, 153, 43, 11, 87, 170,
233, 206, 0, 239, 187, 34, 159, 78, 129, 219, 233, 77, 135, 176, 96, 219, 10, 69, 124, 21, 133, 108, 21, 160, 149, 68, 222, 179, 200, 128, 83, 130, 251, 239, 232, 189, 22, 60, 54, 236,
50, 61, 16, 92, 240, 30, 117, 162, 228, 68, 154, 56, 56, 112, 68, 182, 189, 90, 55, 68, 109, 42, 173, 59, 117, 49, 58, 60, 115, 183, 29, 134, 164, 160, 133, 218, 26, 174, 34, 103,
222, 123, 58, 220, 232, 49, 245, 82, 86, 175, 205, 96, 119, 61, 238, 55, 212, 182, 184, 4, 180, 99, 38, 118, 188, 0, 101, 150, 188, 0, 199, 0, 19, 223, 204, 201, 174, 137, 232, 96,
221, 60, 118, 244, 183, 51, 247, 196, 186, 0, 123, 207, 27, 208, 231, 56, 107, 106, 131, 44, 190, 67, 165, 227, 242, 43, 112, 100, 9, 93, 252, 200, 134, 157, 132, 129, 45, 111, 61, 136,
38, 70, 149, 237, 10, 202, 167, 210, 182, 103, 98, 54, 4, 2, 197, 169, 189, 145, 158, 41, 183, 145, 2, 133, 111, 205, 79, 70, 46, 162, 47, 121, 226, 118, 49, 74, 186, 161, 160, 152,
173, 84, 154, 249, 237, 60, 79, 84, 3, 248, 112, 241, 128, 222, 70, 122, 148, 245, 219, 8, 147, 69, 123, 60, 229, 106, 195, 104, 15, 191, 78, 19, 66, 181, 42, 166, 167, 170, 6, 43,
204, 251, 128, 243, 53, 139, 44, 55, 131, 235, 7, 229, 40, 255, 138, 191, 40, 163, 30, 156, 6, 26, 47, 9, 211, 47, 145, 119, 48, 82, 23, 199, 185, 187, 33, 79, 142, 170, 247, 229,
106, 28, 170, 247, 6, 254, 189, 182, 226, 8, 129, 217, 203, 232, 51, 234, 133, 161, 1, 63, 240, 147, 207, 191, 21, 42, 227, 117, 133, 84, 244, 253, 189, 156, 77, 83, 198, 154, 226, 64,
179, 211, 75, 70, 9, 96, 253, 203, 73, 215, 136, 186, 141, 206, 149, 120, 204, 176, 90, 218, 77, 205, 194, 126, 251, 100, 166, 54, 62, 247, 34, 116, 43, 248, 190, 124, 15, 80, 137, 126,
142, 226, 35, 169, 85, 228, 155, 7, 211, 55, 164, 207, 143, 88, 8, 55, 95, 111, 110, 167, 41, 36, 109, 202, 149, 168, 28, 206, 182, 3, 228, 36, 168, 220, 254, 73, 170, 202, 28, 212,
106, 26, 15, 9, 151, 106, 77, 184, 166, 84, 253, 196, 168, 230, 0, 149, 221, 155, 194, 139, 11, 63, 113, 137, 118, 18, 20, 98, 161, 95, 10, 146, 147, 5, 250, 14, 81, 126, 91, 232,
161, 118, 39, 107, 37, 91, 160, 52, 43, 121, 64, 47, 21, 142, 35, 168, 209, 160, 166, 232, 28, 254, 36, 99, 249, 51, 24, 242, 134, 14, 130, 105, 77, 184, 202, 126, 51, 123, 246, 106,
204, 137, 172, 53, 201, 19, 6, 110, 133, 43, 90, 161, 237, 109, 199, 63, 44, 140, 220, 193, 245, 157, 198, 60, 136, 29, 127, 241, 142, 64, 222, 163, 255, 76, 120, 216, 53, 236, 236, 10,
60, 84, 131, 51, 156, 75, 134, 240, 212, 23, 69, 113, 42, 69, 167, 179, 164, 225, 194, 141, 54, 41, 79, 251, 8, 125, 206, 205, 16, 209, 131, 243, 171, 70, 51, 8, 9, 15, 185, 184,
191, 187, 147, 11, 142, 131, 44, 153, 54, 143, 95, 22, 9, 151, 47, 127, 205, 93, 77, 113, 132, 150, 131, 145, 191, 87, 233, 133, 149, 17, 126, 86, 0, 209, 86, 240, 138, 222, 104, 110,
182, 205, 253, 28, 143, 111, 101, 59, 205, 22, 210, 21, 59, 135, 116, 19, 82, 160, 22, 204, 243, 160, 39, 53, 144, 138, 221, 141, 71, 128, 112, 25, 132, 251, 9, 199, 47, 200, 208, 193,
114, 230, 64, 141, 113, 59, 17, 61, 174, 38, 158, 36, 81, 36, 53, 238, 196, 182, 60, 10, 173, 162, 245, 165, 70, 14, 210, 245, 62, 187, 195, 235, 213, 20, 140, 153, 154, 197, 97, 234,
132, 183, 92, 27, 189, 250, 201, 133, 21, 5, 243, 52, 245, 39, 244, 242, 146, 158, 122, 119, 186, 146, 221, 121, 236, 200, 65, 119, 53, 113, 247, 159, 103, 227, 160, 251, 139, 200, 239, 78,
148, 200, 119, 178, 61, 214, 160, 106, 164, 48, 149, 26, 13, 225, 44, 5, 112, 203, 151, 114, 29, 114, 133, 64, 138, 184, 26, 159, 48, 130, 151, 56, 221, 104, 164, 205, 165, 107, 8, 63,
113, 75, 117, 189, 6, 23, 61, 226, 200, 253, 50, 217, 170, 11, 130, 18, 175, 216, 194, 73, 239, 128, 75, 156, 10, 109, 111, 115, 242, 81, 119, 192, 138, 125, 162, 163, 173, 224, 95, 161,
204, 234, 244, 148, 14, 103, 97, 133, 114, 105, 13, 76, 183, 26, 114, 154, 223, 11, 132, 21, 39, 112, 90, 234, 189, 116, 36, 103, 111, 32, 134, 97, 117, 33, 48, 81, 28, 183, 29, 220,
213, 164, 132, 166, 25, 163, 53, 127, 178, 107, 7, 232, 133, 59, 162, 126, 113, 190, 241, 64, 0, 67, 238, 60, 147, 239, 155, 85, 134, 81, 60, 69, 156, 58, 126, 161, 166, 119, 199, 37,
19, 179, 204, 181, 148, 143, 232, 8, 215, 58, 100, 221, 169, 63, 155, 221, 236, 40, 67, 247, 22, 235, 205, 25, 71, 118, 236, 51, 128, 4, 171, 255, 234, 87, 99, 86, 18, 86, 227, 248,
136, 171, 132, 156, 9, 9, 37, 155, 110, 70, 136, 241, 16, 232, 145, 193, 206, 78, 51, 41, 10, 57, 153, 154, 195, 180, 254, 24, 151, 135, 0, 182, 112, 142, 95, 51, 61, 170, 109, 81,
221, 77, 77, 22, 182, 145, 231, 168, 228, 125, 131, 220, 180, 11, 15, 79, 44, 218, 0, 181, 189, 239, 16, 81, 147, 135, 193, 28, 177, 2, 101, 57, 229, 12, 194, 113, 14, 240, 43, 86,
108, 246, 49, 237, 183, 149, 6, 50, 240, 206, 251, 245, 17, 178, 88, 43, 243, 228, 9, 199, 48, 220, 141, 189, 34, 188, 22, 171, 113, 52, 60, 24, 211, 0, 224, 66, 36, 71, 55, 251,
233, 232, 7, 120, 179, 190, 169, 164, 118, 14, 236, 230, 45, 254, 197, 236, 142, 47, 132, 170, 134, 208, 33, 250, 131, 185, 1, 11, 168, 222, 212, 164, 38, 47, 238, 124, 146, 56, 147, 132,
189, 167, 98, 122, 204, 197, 238, 59, 187, 136, 39, 91, 104, 96, 211, 189, 53, 210, 146, 229, 146, 150, 142, 127, 253, 189, 124, 218, 58, 226, 194, 109, 143, 0, 191, 34, 41, 159, 53, 27,
116, 227, 158, 17, 46, 47, 178, 113, 131, 253, 62, 159, 58, 152, 151, 0, 221, 117, 164, 207, 154, 7, 35, 36, 116, 125, 84, 150, 119, 4, 109, 242, 195, 251, 28, 237, 203, 34, 159, 42,
160, 245, 132, 103, 240, 200, 102, 224, 60, 104, 111, 111, 149, 117, 109, 178, 164, 90, 209, 177, 159, 242, 83, 161, 164, 235, 210, 237, 102, 12, 112, 230, 115, 21, 104, 80, 181, 91, 47, 169,
206, 122, 252, 120, 23, 108, 96, 158, 166, 64, 32, 84, 103, 115, 134, 91, 117, 47, 26, 80, 46, 144, 18, 162, 168, 248, 224, 202, 52, 248, 56, 120, 229, 73, 99, 207, 145, 13, 146, 46,
124, 184, 215, 88, 51, 69, 204, 9, 207, 137, 178, 15, 191, 74, 30, 76, 248, 16, 3, 151, 171, 82, 247, 34, 44, 198, 140, 243, 240, 143, 232, 8, 221, 22, 109, 249, 153, 51, 221, 230,
237, 42, 120, 209, 8, 228, 212, 18, 60, 74, 136, 29, 163, 106, 161, 208, 232, 48, 71, 81, 27, 117, 249, 229, 164, 234, 137, 141, 107, 43, 35, 128, 116, 93, 145, 205, 33, 235, 209, 146,
171, 97, 126, 22, 56, 38, 197, 216, 202, 171, 254, 11, 165, 135, 0, 181, 54, 205, 95, 91, 44, 255, 47, 88, 194, 78, 18, 68, 144, 128, 150, 144, 135, 100, 131, 220, 180, 65, 79, 79,
3, 216, 123, 146, 166, 238, 115, 88, 169, 156, 219, 28, 201, 112, 101, 43, 186, 108, 208, 107, 39, 188, 53, 77, 65, 176, 47, 167, 189, 160, 52, 29, 203, 151, 226, 178, 11, 178, 88, 58,
134, 235, 9, 199, 57, 211, 141, 201, 113, 240, 64, 141, 62, 14, 12, 89, 167, 35, 179, 119, 58, 32, 39, 231, 242, 209, 60, 14, 167, 170, 239, 246, 98, 63, 174, 140, 2, 187, 231, 172,
226, 111, 131, 213, 134, 240, 103, 237, 186, 186, 107, 38, 157, 233, 149, 164, 4, 30, 150, 98, 140, 80, 224, 161, 178, 190, 125, 125, 209, 156, 246, 52, 230, 181, 124, 113, 37, 68, 224, 178,
46, 174, 238, 166, 133, 222, 175, 15, 193, 138, 86, 178, 13, 193, 173, 44, 145, 107, 194, 6, 109, 179, 34, 53, 3, 187, 200, 75, 114, 48, 133, 115, 156, 249, 61, 169, 57, 226, 204, 15,
206, 122, 228, 155, 236, 122, 34, 23, 49, 81, 111, 159, 50, 119, 109, 162, 247, 172, 22, 216, 142, 37, 159, 78, 253, 213, 131, 125, 146, 148, 102, 217, 119, 112, 106, 28, 148, 90, 109, 160,
202, 75, 228, 178, 180, 152, 13, 180, 233, 204, 224, 151, 43, 112, 72, 236, 49, 27, 52, 103, 138, 30, 117, 202, 255, 123, 250, 47, 10, 126, 78, 157, 128, 102, 39, 119, 23, 89, 162, 72,
43, 36, 58, 7, 11, 180, 35, 174, 139, 155, 227, 232, 61, 174, 31, 26, 195, 76, 5, 214, 153, 90, 179, 80, 64, 143, 169, 125, 43, 72, 208, 46, 148, 137, 191, 49, 203, 64, 100, 94,
243, 92, 70, 161, 170, 90, 202, 25, 115, 141, 200, 222, 145, 137, 143, 39, 149, 62, 88, 249, 142, 60, 221, 229, 237, 4, 120, 211, 106, 236, 193, 19, 81, 91, 234, 51, 137, 90, 165, 220,
232, 72, 91, 111, 75, 99, 165, 170, 156, 190, 166, 163, 28, 29, 35, 252, 110, 99, 128, 221, 17, 209, 209, 204, 162, 60, 56, 38, 77, 4, 197, 173, 202, 185, 254, 24, 153, 135, 0, 237,
82, 240, 113, 57, 8, 164, 70, 115, 149, 36, 77, 103, 203, 150, 154, 181, 224, 123, 255, 193, 138, 31, 18, 103, 0, 192, 106, 149, 128, 213, 102, 122, 147, 255, 221, 56, 169, 94, 101, 31,
206, 118, 195, 60, 11, 248, 106, 90, 118, 136, 40, 254, 138, 186, 47, 76, 243, 151, 221, 179, 73, 178, 88, 31, 243, 233, 9, 199, 56, 220, 141, 230, 35, 128, 16, 171, 20, 59, 1, 5,
129, 62, 141, 119, 70, 78, 76, 202, 211, 212, 96, 9, 233, 134, 151, 217, 103, 44, 221, 140, 115, 255, 201, 137, 232, 57, 157, 137, 154, 136, 100, 133, 252, 155, 118, 93, 244, 224, 139, 220,
7, 6, 141, 112, 140, 76, 243, 165, 135, 159, 80, 119, 169, 154, 128, 52, 199, 148, 68, 106, 110, 126, 183, 144, 73, 206, 235, 166, 175, 150, 175, 88, 227, 138, 124, 218, 76, 215, 222, 51,
172, 120, 132, 121, 103, 247, 79, 33, 19, 230, 160, 124, 37, 111, 174, 30, 210, 184, 63, 136, 8, 160, 204, 45, 186, 20, 230, 188, 158, 74, 43, 119, 95, 111, 108, 184, 29, 46, 118, 221,
235, 168, 55, 194, 159, 21, 184, 36, 173, 213, 225, 77, 145, 200, 102, 232, 118, 101, 8, 18, 141, 117, 29, 238, 166, 127, 252, 162, 168, 230, 117, 155, 160, 236, 224, 139, 11, 63, 113, 137,
118, 10, 52, 76, 244, 45, 52, 171, 223, 114, 252, 112, 9, 52, 33, 165, 166, 94, 71, 37, 46, 89, 143, 52, 117, 120, 30, 93, 47, 171, 86, 188, 189, 251, 153, 187, 53, 160, 51, 21,
239, 49, 11, 231, 166, 2, 239, 81, 124, 141, 253, 124, 28, 92, 179, 62, 203, 142, 184, 2, 164, 107, 38, 86, 147, 33, 64, 182, 237, 109, 139, 63, 55, 216, 206, 247, 178, 138, 192, 60,
221, 27, 109, 249, 145, 51, 221, 189, 237, 49, 120, 209, 26, 205, 207, 58, 79, 104, 236, 29, 166, 124, 134, 211, 150, 40, 88, 118, 42, 50, 255, 165, 254, 170, 148, 254, 14, 107, 54, 254,
2, 83, 204, 242, 60, 232, 149, 237, 146, 88, 6, 41, 22, 124, 132, 184, 201, 170, 139, 13, 137, 199, 28, 148, 93, 208, 43, 91, 11, 186, 82, 97, 209, 127, 20, 18, 153, 133, 184, 145,
191, 10, 222, 159, 149, 29, 126, 95, 0, 252, 95, 146, 150, 214, 21, 56, 145, 152, 224, 66, 144, 64, 101, 27, 186, 118, 208, 15, 58, 175, 78, 19, 82, 139, 22, 219, 128, 156, 54, 76,
207, 221, 241, 239, 59, 232, 32, 36, 249, 164, 32, 224, 106, 246, 146, 229, 9, 190, 16, 134, 14, 10, 52, 68, 159, 45, 236, 127, 59, 102, 54, 205, 209, 232, 48, 115, 187, 134, 180, 173,
82, 46, 174, 159, 20, 205, 226, 188, 142, 46, 132, 133, 151, 227, 16, 141, 145, 148, 75, 2, 233, 202, 207, 173, 4, 88, 150, 105, 171, 59, 224, 250, 144, 164, 83, 31, 138, 182, 226, 100,
179, 211, 41, 40, 25, 121, 224, 190, 46, 172, 136, 186, 253, 216, 141, 126, 226, 190, 93, 241, 41, 205, 194, 109, 224, 48, 165, 54, 50, 170, 12, 0, 110, 194, 182, 102, 39, 120, 167, 102,
189, 224, 19, 149, 70, 145, 134, 89, 184, 7, 144, 148, 134, 94, 8, 58, 82, 85, 93, 159, 49, 120, 99, 254, 145, 242, 59, 247, 188, 49, 159, 14, 154, 241, 255, 26, 178, 172, 102, 238,
39, 106, 123, 113, 139, 71, 83, 222, 162, 86, 224, 162, 188, 198, 117, 161, 160, 201, 224, 148, 10, 63, 113, 136, 98, 97, 20, 38, 139, 68, 14, 154, 208, 91, 129, 40, 42, 108, 38, 150,
184, 124, 59, 73, 111, 122, 221, 52, 18, 27, 59, 18, 114, 183, 86, 145, 169, 158, 157, 194, 6, 174, 31, 79, 205, 117, 24, 228, 166, 13, 146, 70, 65, 201, 215, 88, 115, 72, 213, 60,
148, 175, 152, 56, 174, 31, 123, 69, 133, 11, 126, 191, 166, 119, 139, 37, 19, 152, 209, 181, 148, 137, 232, 38, 156, 63, 68, 210, 139, 60, 221, 201, 237, 87, 120, 211, 6, 205, 207, 13,
86, 85, 235, 7, 244, 97, 134, 204, 151, 63, 91, 54, 21, 100, 165, 196, 173, 171, 134, 250, 58, 32, 37, 149, 51, 122, 204, 215, 48, 216, 145, 158, 150, 95, 56, 38, 11, 4, 197, 164,
202, 180, 254, 24, 151, 135, 0, 182, 112, 142, 95, 57, 9, 163, 72, 89, 235, 87, 77, 103, 167, 145, 167, 203, 248, 71, 131, 204, 139, 8, 66, 111, 51, 153, 112, 181, 246, 218, 114, 105,
156, 193, 219, 28, 141, 6, 101, 123, 186, 80, 208, 104, 59, 175, 78, 14, 72, 225, 13, 218, 235, 169, 117, 24, 227, 210, 196, 170, 27, 183, 102, 107, 163, 228, 62, 199, 112, 170, 208, 207,
48, 155, 16, 171, 1, 26, 47, 89, 211, 42, 231, 67, 51, 123, 54, 217, 185, 226, 96, 102, 148, 217, 235, 202, 106, 86, 242, 140, 54, 184, 239, 140, 213, 111, 132, 203, 181, 208, 35, 205,
243, 177, 118, 38, 184, 136, 149, 181, 4, 17, 150, 113, 174, 80, 224, 142, 214, 184, 83, 31, 177, 154, 226, 72, 179, 176, 66, 70, 107, 96, 245, 151, 81, 205, 142, 158, 241, 229, 175, 108,
144, 173, 86, 185, 10, 198, 230, 41, 191, 41, 168, 8, 24, 150, 18, 36, 55, 193, 131, 22, 46, 48, 150, 66, 188, 190, 26, 159, 58, 152, 151, 0, 221, 117, 164, 207, 154, 88, 8, 41,
72, 81, 97, 189, 52, 4, 109, 209, 242, 211, 90, 207, 171, 11, 236, 30, 168, 210, 230, 108, 175, 129, 102, 255, 52, 66, 0, 52, 246, 71, 21, 178, 166, 68, 224, 162, 202, 230, 117, 171,
160, 246, 224, 139, 14, 32, 117, 211, 64, 40, 31, 98, 247, 60, 117, 186, 228, 70, 154, 38, 56, 104, 76, 145, 188, 91, 58, 88, 8, 72, 143, 68, 35, 13, 22, 35, 33, 175, 16, 184,
179, 149, 135, 195, 14, 240, 60, 84, 218, 86, 11, 207, 154, 90, 139, 36, 65, 180, 169, 68, 51, 66, 246, 49, 209, 175, 198, 86, 166, 19, 33, 114, 167, 63, 30, 163, 239, 75, 220, 63,
125, 135, 143, 176, 246, 201, 204, 60, 139, 27, 33, 229, 140, 13, 222, 225, 237, 42, 93, 209, 109, 187, 212, 20, 104, 43, 131, 62, 146, 97, 140, 205, 252, 4, 112, 99, 26, 77, 245, 205,
140, 186, 137, 156, 29, 119, 37, 143, 42, 75, 204, 202, 113, 233, 157, 197, 141, 121, 122, 5, 15, 19, 189, 160, 194, 145, 188, 18, 148, 217, 125, 181, 54, 205, 95, 91, 44, 162, 82, 87,
157, 44, 24, 120, 175, 143, 230, 136, 251, 69, 131, 192, 150, 18, 69, 127, 16, 193, 123, 171, 189, 218, 69, 81, 178, 218, 208, 71, 152, 5, 121, 33, 221, 20, 250, 7, 39, 185, 50, 69,
65, 152, 49, 167, 181, 163, 61, 50, 243, 230, 192, 241, 46, 183, 88, 58, 134, 235, 9, 199, 57, 211, 141, 195, 34, 156, 86, 203, 62, 110, 47, 88, 182, 0, 162, 67, 70, 96, 34, 217,
248, 192, 126, 100, 167, 209, 245, 175, 99, 3, 225, 231, 117, 186, 239, 170, 213, 58, 186, 136, 173, 208, 33, 137, 184, 160, 92, 24, 170, 235, 149, 164, 4, 30, 150, 98, 190, 12, 145, 142,
136, 132, 111, 31, 177, 190, 254, 94, 255, 130, 67, 124, 15, 68, 221, 168, 117, 161, 235, 153, 188, 152, 239, 93, 150, 171, 1, 178, 51, 237, 240, 114, 169, 52, 191, 25, 108, 146, 60, 21,
19, 240, 146, 16, 21, 110, 210, 83, 138, 235, 26, 159, 76, 130, 151, 63, 221, 45, 164, 148, 234, 88, 8, 43, 53, 117, 111, 167, 55, 24, 48, 170, 194, 208, 28, 230, 148, 3, 225, 13,
162, 139, 255, 67, 174, 189, 114, 219, 10, 69, 80, 113, 157, 6, 21, 204, 214, 68, 194, 179, 200, 128, 103, 136, 204, 249, 235, 174, 52, 46, 113, 214, 114, 0, 52, 103, 243, 7, 51, 162,
228, 68, 154, 53, 20, 104, 80, 153, 248, 71, 55, 33, 16, 117, 178, 118, 117, 45, 24, 1, 29, 176, 87, 128, 141, 149, 162, 226, 36, 163, 21, 91, 206, 103, 97, 220, 232, 56, 143, 41,
53, 205, 238, 3, 55, 96, 236, 20, 215, 153, 195, 56, 187, 87, 100, 102, 136, 4, 121, 171, 178, 11, 157, 36, 15, 168, 193, 246, 241, 165, 156, 27, 191, 24, 127, 210, 187, 78, 221, 229,
237, 4, 120, 211, 106, 205, 207, 38, 86, 122, 235, 7, 158, 120, 146, 216, 232, 18, 127, 54, 27, 54, 217, 242, 153, 160, 139, 163, 62, 108, 38, 150, 54, 79, 191, 225, 119, 247, 129, 154,
149, 60, 122, 38, 38, 99, 190, 143, 234, 139, 152, 70, 238, 199, 20, 229, 81, 237, 113, 46, 22, 142, 86, 115, 200, 55, 24, 118, 185, 133, 184, 155, 186, 10, 131, 204, 142, 8, 20, 103,
0, 211, 123, 147, 128, 214, 126, 120, 215, 199, 241, 36, 153, 97, 4, 33, 186, 73, 208, 104, 20, 175, 78, 113, 93, 237, 22, 219, 138, 186, 39, 44, 204, 248, 254, 133, 4, 180, 88, 58,
156, 255, 53, 229, 42, 175, 131, 233, 113, 129, 43, 161, 5, 22, 55, 49, 140, 117, 144, 36, 25, 67, 54, 229, 250, 187, 63, 72, 153, 129, 142, 239, 115, 29, 221, 150, 104, 133, 164, 251,
133, 124, 174, 209, 206, 250, 116, 129, 235, 209, 88, 42, 170, 238, 144, 138, 48, 6, 202, 96, 180, 11, 209, 136, 166, 155, 101, 114, 175, 161, 211, 105, 251, 210, 32, 109, 21, 99, 181, 139,
65, 234, 172, 154, 156, 255, 167, 2, 199, 197, 70, 200, 9, 179, 161, 104, 179, 4, 183, 61, 61, 182, 2, 122, 60, 248, 163, 92, 50, 52, 173, 91, 172, 193, 50, 147, 45, 190, 142, 36,
232, 47, 183, 150, 148, 106, 0, 48, 99, 95, 118, 191, 115, 27, 96, 255, 247, 173, 56, 148, 149, 10, 177, 62, 129, 129, 133, 64, 153, 182, 19, 220, 110, 80, 93, 15, 150, 123, 17, 218,
167, 107, 236, 133, 173, 214, 78, 132, 251, 233, 252, 234, 109, 122, 110, 229, 124, 8, 3, 89, 160, 37, 124, 186, 231, 102, 220, 8, 8, 50, 110, 145, 145, 92, 59, 98, 109, 87, 167, 57,
106, 0, 61, 35, 113, 230, 62, 177, 141, 155, 226, 227, 52, 249, 24, 106, 209, 73, 104, 244, 232, 34, 147, 47, 73, 172, 220, 77, 33, 108, 210, 30, 192, 165, 192, 56, 139, 72, 44, 112,
188, 70, 87, 180, 239, 107, 254, 84, 45, 186, 255, 209, 170, 185, 225, 29, 210, 27, 86, 192, 149, 65, 216, 250, 210, 42, 117, 228, 58, 193, 175, 83, 98, 104, 155, 30, 235, 22, 188, 217,
202, 9, 30, 80, 25, 118, 219, 216, 155, 252, 164, 186, 27, 17, 32, 133, 12, 100, 149, 151, 0, 166, 171, 243, 140, 125, 24, 98, 41, 1, 133, 219, 232, 245, 154, 74, 166, 194, 37, 146,
102, 140, 119, 77, 125, 153, 79, 113, 238, 40, 35, 84, 171, 138, 131, 204, 137, 91, 228, 222, 189, 74, 76, 106, 43, 153, 12, 149, 147, 242, 20, 71, 166, 248, 219, 64, 166, 15, 78, 9,
225, 104, 168, 52, 57, 184, 65, 77, 99, 175, 10, 226, 157, 219, 45, 50, 247, 136, 154, 149, 12, 158, 59, 38, 185, 161, 50, 236, 8, 202, 130, 195, 28, 255, 16, 203, 112, 105, 10, 56,
147, 2, 237, 91, 39, 33, 25, 159, 238, 247, 4, 121, 183, 176, 170, 174, 114, 65, 170, 214, 14, 200, 233, 188, 148, 23, 158, 138, 201, 247, 61, 139, 255, 181, 107, 6, 179, 202, 200, 190,
35, 10, 143, 85, 180, 76, 157, 169, 164, 180, 88, 9, 213, 187, 216, 90, 191, 135, 36, 38, 15, 122, 194, 201, 86, 224, 141, 154, 149, 197, 162, 72, 206, 205, 90, 211, 81, 182, 253, 68,
130, 57, 136, 38, 9, 236, 47, 9, 2, 252, 136, 108, 107, 94, 135, 124, 176, 255, 62, 184, 11, 238, 177, 91, 224, 36, 149, 173, 142, 64, 9, 9, 86, 114, 91, 167, 1, 44, 111, 212,
247, 236, 3, 239, 134, 16, 231, 87, 185, 248, 129, 111, 189, 185, 75, 159, 20, 94, 80, 113, 139, 123, 77, 191, 161, 102, 167, 137, 152, 246, 103, 248, 227, 206, 228, 138, 8, 62, 98, 213,
46, 3, 20, 90, 128, 86, 116, 143, 157, 126, 226, 117, 50, 31, 110, 236, 251, 32, 30, 122, 49, 40, 133, 61, 60, 46, 9, 60, 15, 137, 85, 131, 136, 168, 161, 229, 77, 167, 95, 25,
253, 73, 100, 196, 189, 89, 181, 125, 127, 177, 170, 108, 28, 125, 197, 53, 242, 236, 135, 57, 204, 69, 57, 69, 179, 70, 120, 137, 238, 91, 235, 46, 112, 156, 245, 229, 161, 202, 252, 9,
149, 52, 118, 251, 189, 21, 240, 191, 236, 34, 75, 202, 15, 194, 209, 50, 85, 96, 154, 17, 129, 91, 243, 203, 202, 15, 80, 107, 10, 108, 197, 174, 250, 154, 196, 249, 26, 53, 44, 159,
34, 38, 184, 195, 0, 219, 142, 222, 210, 74, 24, 41, 52, 102, 151, 139, 221, 174, 231, 42, 175, 155, 29, 238, 112, 253, 83, 63, 30, 249, 73, 117, 212, 85, 4, 18, 203, 133, 186, 166,
249, 87, 249, 246, 140, 28, 125, 122, 23, 238, 15, 129, 179, 245, 97, 123, 161, 216, 255, 21, 149, 84, 103, 26, 229, 86, 244, 58, 109, 240, 64, 112, 114, 236, 16, 228, 131, 140, 107, 29,
209, 201, 250, 133, 59, 140, 38, 109, 169, 220, 56, 225, 106, 217, 149, 245, 17, 154, 8, 156, 14, 22, 46, 38, 146, 37, 180, 87, 78, 97, 44, 159, 250, 244, 56, 103, 144, 172, 129, 168,
78, 51, 171, 240, 34, 206, 208, 239, 204, 119, 141, 177, 185, 229, 62, 202, 137, 197, 124, 1, 141, 241, 147, 152, 7, 81, 202, 84, 181, 74, 247, 251, 182, 170, 123, 31, 174, 128, 204, 73,
178, 161, 62, 76, 26, 82, 221, 136, 64, 221, 163, 231, 189, 197, 168, 106, 237, 175, 112, 185, 70, 177, 172, 95, 173, 100, 166, 25, 116, 179, 44, 34, 115, 248, 200, 17, 44, 111, 156, 97,
162, 207, 6, 251, 63, 165, 154, 59, 199, 14, 147, 148, 140, 68, 52, 63, 127, 10, 116, 135, 119, 44, 86, 180, 145, 242, 69, 143, 167, 63, 237, 68, 153, 198, 240, 126, 238, 201, 114, 234,
46, 94, 74, 33, 179, 78, 11, 242, 161, 3, 192, 191, 181, 254, 12, 133, 191, 206, 216, 187, 46, 62, 94, 212, 71, 18, 15, 67, 148, 4, 12, 157, 225, 83, 242, 37, 14, 51, 87, 155,
160, 100, 1, 88, 46, 78, 211, 105, 124, 120, 19, 83, 14, 180, 33, 152, 181, 191, 160, 212, 75, 199, 31, 92, 234, 73, 122, 198, 141, 16, 162, 118, 81, 214, 236, 78, 60, 66, 208, 43,
157, 152, 140, 26, 164, 76, 50, 112, 179, 61, 112, 173, 156, 106, 225, 91, 21, 135, 220, 254, 160, 177, 202, 14, 140, 94, 114, 226, 207, 54, 213, 195, 185, 14, 73, 251, 62, 201, 177, 30,
111, 112, 237, 53, 235, 110, 175, 217, 243, 9, 30, 69, 25, 118, 217, 216, 190, 252, 164, 191, 27, 17, 40, 133, 23, 100, 149, 239, 53, 233, 134, 228, 169, 71, 3, 37, 11, 60, 192, 138,
254, 172, 162, 26, 175, 220, 49, 159, 70, 206, 105, 54, 21, 153, 99, 126, 213, 45, 68, 83, 180, 140, 229, 139, 143, 65, 134, 217, 145, 14, 73, 122, 106, 232, 97, 143, 136, 207, 82, 91,
140, 223, 208, 54, 141, 88, 95, 10, 209, 82, 160, 7, 55, 184, 111, 118, 52, 136, 52, 163, 241, 214, 11, 29, 236, 147, 154, 186, 72, 247, 76, 63, 188, 195, 56, 202, 57, 217, 189, 253,
125, 128, 22, 189, 14, 40, 32, 92, 167, 41, 229, 122, 20, 38, 35, 235, 254, 176, 98, 85, 174, 223, 178, 196, 64, 72, 239, 250, 6, 230, 232, 186, 209, 6, 205, 149, 153, 210, 45, 139,
143, 171, 124, 43, 173, 129, 230, 220, 0, 8, 219, 79, 246, 23, 208, 169, 214, 159, 95, 74, 152, 182, 210, 70, 211, 183, 36, 89, 20, 74, 230, 206, 87, 241, 151, 145, 190, 254, 243, 10,
214, 189, 87, 209, 85, 205, 209, 47, 135, 22, 169, 42, 23, 154, 3, 1, 115, 236, 204, 74, 107, 47, 180, 27, 171, 253, 55, 136, 58, 190, 197, 10, 217, 42, 158, 187, 154, 99, 2, 22,
116, 12, 80, 150, 23, 13, 108, 226, 236, 221, 58, 204, 200, 86, 255, 12, 188, 128, 129, 127, 236, 159, 81, 223, 119, 81, 111, 115, 172, 90, 97, 237, 164, 97, 227, 133, 169, 253, 78, 135,
219, 230, 230, 235, 41, 112, 75, 230, 80, 13, 48, 34, 128, 29, 51, 181, 192, 123, 240, 20, 7, 31, 85, 183, 157, 33, 3, 68, 102, 115, 175, 74, 3, 0, 35, 42, 20, 173, 81, 163,
179, 185, 226, 227, 48, 225, 60, 94, 206, 113, 0, 139, 168, 34, 131, 105, 70, 141, 193, 122, 53, 108, 211, 29, 203, 139, 135, 83, 139, 107, 33, 113, 163, 11, 112, 197, 238, 110, 194, 25,
34, 128, 244, 177, 160, 154, 198, 9, 179, 35, 103, 201, 139, 5, 219, 245, 190, 76, 126, 171, 58, 185, 206, 50, 82, 99, 225, 4, 129, 104, 252, 241, 207, 6, 80, 98, 57, 114, 194, 239,
251, 190, 194, 161, 29, 14, 7, 175, 16, 64, 159, 206, 35, 234, 203, 255, 128, 89, 100, 56, 26, 53, 191, 139, 236, 179, 225, 79, 166, 241, 112, 229, 119, 240, 50, 62, 115, 140, 79, 94,
215, 85, 45, 70, 148, 129, 165, 215, 130, 107, 134, 201, 143, 41, 118, 25, 32, 235, 112, 144, 244, 142, 70, 114, 182, 219, 205, 60, 203, 115, 99, 117, 164, 89, 226, 14, 19, 174, 99, 114,
105, 225, 52, 216, 243, 168, 11, 29, 145, 151, 134, 136, 52, 159, 78, 56, 167, 220, 61, 194, 12, 218, 143, 255, 23, 136, 54, 129, 2, 54, 87, 64, 182, 2, 237, 64, 51, 97, 25, 135,
225, 242, 27, 111, 141, 156, 166, 232, 87, 35, 170, 135, 19, 228, 215, 184, 234, 115, 153, 176, 142, 255, 98, 202, 172, 182, 123, 57, 239, 250, 207, 190, 9, 10, 232, 66, 136, 21, 200, 173,
178, 167, 44, 114, 200, 184, 215, 74, 253, 170, 75, 44, 49, 68, 230, 204, 70, 224, 181, 163, 246, 216, 252, 85, 142, 177, 109, 204, 50, 177, 231, 75, 130, 4, 190, 124, 48, 154, 5, 37,
52, 188, 144, 101, 11, 121, 143, 68, 157, 217, 52, 135, 54, 227, 187, 91, 178, 32, 190, 181, 137, 99, 21, 8, 99, 76, 91, 184, 41, 14, 84, 232, 230, 221, 27, 216, 168, 23, 231, 63,
179, 196, 133, 120, 142, 177, 81, 218, 31, 122, 108, 16, 179, 74, 17, 250, 139, 20, 236, 190, 188, 199, 122, 132, 227, 154, 210, 149, 56, 31, 84, 219, 87, 61, 3, 78, 133, 61, 124, 203,
245, 82, 220, 58, 51, 43, 67, 185, 190, 106, 31, 62, 42, 89, 130, 61, 119, 123, 45, 6, 14, 188, 6, 216, 144, 191, 160, 233, 75, 199, 12, 21, 228, 58, 22, 212, 168, 92, 130, 109,
114, 174, 223, 66, 54, 97, 199, 109, 224, 173, 132, 49, 136, 12, 0, 90, 172, 70, 87, 180, 239, 107, 254, 84, 45, 186, 255, 209, 170, 185, 225, 29, 210, 27, 86, 192, 149, 65, 216, 250,
210, 42, 72, 253, 58, 219, 206, 18, 53, 79, 148, 37, 156, 123, 161, 238, 150, 13, 86, 82, 50, 85, 205, 197, 174, 151, 132, 151, 46, 11, 42, 248, 61, 100, 149, 192, 53, 233, 214, 228,
134, 71, 3, 99, 11, 60, 173, 138, 219, 172, 162, 53, 175, 220, 34, 159, 100, 206, 105, 29, 21, 153, 83, 126, 204, 45, 68, 87, 180, 140, 190, 139, 128, 64, 196, 156, 135, 40, 111, 21,
55, 144, 74, 130, 179, 139, 114, 127, 141, 251, 211, 8, 198, 78, 124, 40, 226, 22, 248, 104, 18, 184, 124, 14, 42, 161, 111, 226, 157, 166, 14, 75, 199, 133, 215, 135, 72, 159, 123, 61,
138, 215, 69, 236, 116, 161, 135, 252, 43, 159, 82, 177, 20, 9, 15, 60, 131, 2, 229, 113, 74, 116, 55, 135, 193, 180, 57, 8, 168, 157, 146, 239, 104, 35, 171, 196, 5, 192, 176, 153,
236, 51, 152, 209, 145, 221, 24, 139, 242, 153, 26, 42, 179, 129, 222, 152, 6, 8, 208, 110, 137, 57, 144, 253, 160, 180, 62, 9, 213, 187, 255, 117, 241, 161, 104, 93, 15, 65, 194, 166,
48, 253, 141, 179, 168, 199, 141, 125, 192, 204, 92, 236, 58, 234, 253, 115, 130, 97, 149, 10, 106, 186, 21, 121, 110, 252, 147, 125, 52, 83, 167, 19, 159, 244, 99, 167, 41, 158, 144, 92,
221, 122, 227, 147, 233, 112, 111, 109, 86, 125, 45, 184, 42, 44, 71, 220, 233, 247, 58, 210, 168, 40, 176, 19, 130, 253, 137, 119, 172, 182, 118, 131, 17, 28, 22, 33, 166, 10, 126, 230,
168, 102, 240, 128, 166, 129, 117, 135, 254, 197, 233, 234, 55, 29, 111, 228, 70, 107, 20, 70, 189, 9, 37, 143, 233, 93, 240, 42, 85, 3, 38, 152, 156, 33, 3, 101, 102, 115, 135, 74,
51, 0, 43, 62, 1, 188, 11, 220, 206, 155, 173, 210, 76, 224, 68, 26, 211, 50, 100, 234, 174, 89, 139, 36, 68, 142, 193, 86, 28, 122, 215, 106, 150, 146, 163, 84, 156, 93, 108, 83,
141, 6, 1, 131, 177, 95, 221, 59, 124, 187, 208, 198, 175, 166, 150, 27, 166, 59, 114, 244, 164, 53, 224, 253, 200, 14, 127, 230, 59, 255, 224, 63, 125, 108, 139, 61, 129, 104, 176, 213,
157, 13, 96, 84, 9, 114, 195, 219, 152, 190, 135, 187, 30, 21, 61, 142, 23, 102, 148, 197, 38, 250, 180, 198, 141, 116, 18, 99, 72, 37, 155, 129, 241, 143, 135, 39, 169, 220, 16, 174,
114, 242, 40, 23, 53, 149, 61, 114, 214, 117, 45, 83, 167, 149, 151, 164, 163, 71, 249, 157, 148, 83, 96, 94, 49, 235, 86, 242, 179, 215, 107, 83, 130, 227, 218, 9, 182, 117, 83, 125,
178, 89, 212, 24, 55, 164, 84, 110, 75, 136, 24, 253, 239, 128, 13, 44, 208, 206, 237, 241, 59, 129, 38, 50, 224, 226, 43, 193, 51, 218, 145, 190, 46, 132, 15, 176, 113, 105, 22, 29,
210, 121, 143, 86, 13, 93, 58, 131, 227, 245, 24, 10, 145, 184, 156, 241, 102, 42, 224, 227, 116, 198, 221, 176, 223, 14, 130, 133, 166, 240, 18, 204, 157, 169, 123, 31, 231, 147, 204, 190,
15, 59, 140, 104, 243, 76, 247, 251, 211, 149, 103, 94, 151, 193, 204, 104, 193, 161, 62, 82, 30, 58, 225, 178, 100, 205, 141, 231, 244, 203, 176, 73, 221, 147, 108, 185, 58, 183, 211, 76,
224, 36, 195, 41, 104, 139, 53, 38, 3, 240, 214, 17, 9, 42, 140, 122, 147, 221, 6, 138, 75, 154, 132, 10, 233, 19, 190, 148, 233, 120, 18, 36, 67, 110, 45, 174, 118, 118, 53, 249,
206, 173, 26, 197, 180, 16, 237, 63, 163, 198, 227, 108, 238, 187, 67, 157, 13, 95, 10, 32, 138, 69, 74, 185, 162, 99, 240, 219, 202, 197, 102, 173, 210, 234, 220, 155, 28, 36, 61, 139,
80, 28, 3, 70, 151, 94, 15, 203, 195, 10, 133, 46, 8, 116, 71, 243, 167, 33, 3, 56, 112, 115, 128, 101, 47, 32, 33, 19, 29, 173, 43, 221, 174, 137, 157, 228, 12, 239, 38, 69,
232, 123, 7, 247, 133, 6, 235, 81, 86, 188, 243, 120, 12, 125, 221, 106, 232, 166, 134, 57, 166, 67, 23, 4, 177, 11, 120, 136, 232, 95, 192, 46, 32, 128, 246, 212, 129, 180, 237, 26,
167, 94, 70, 136, 167, 51, 247, 195, 197, 85, 98, 236, 49, 167, 241, 19, 119, 78, 154, 21, 171, 68, 151, 244, 192, 20, 99, 113, 15, 67, 246, 197, 243, 128, 136, 253, 40, 55, 55, 248,
45, 100, 140, 236, 7, 234, 169, 153, 150, 89, 54, 104, 19, 1, 184, 212, 187, 185, 180, 75, 240, 154, 60, 146, 65, 255, 116, 61, 12, 156, 69, 94, 199, 94, 27, 66, 187, 133, 164, 178,
188, 75, 249, 254, 239, 62, 119, 122, 29, 206, 92, 179, 235, 209, 85, 51, 140, 219, 208, 42, 178, 85, 103, 125, 200, 20, 225, 10, 103, 175, 98, 123, 76, 161, 24, 195, 157, 219, 2, 76,
196, 201, 248, 153, 59, 140, 101, 100, 164, 203, 22, 194, 40, 219, 145, 255, 110, 157, 79, 143, 45, 45, 23, 6, 137, 121, 229, 33, 4, 85, 60, 131, 254, 240, 26, 93, 171, 218, 149, 174,
107, 73, 236, 217, 6, 160, 212, 139, 149, 104, 158, 161, 137, 211, 12, 200, 191, 166, 30, 24, 143, 238, 230, 152, 63, 51, 137, 69, 178, 76, 240, 228, 178, 168, 35, 114, 153, 190, 141, 101,
248, 138, 85, 103, 62, 82, 230, 207, 112, 215, 238, 255, 149, 215, 130, 81, 214, 189, 3, 228, 44, 192, 237, 111, 163, 33, 194, 1, 54, 183, 45, 38, 16, 190, 161, 98, 52, 52, 147, 104,
146, 193, 20, 151, 57, 129, 183, 60, 211, 44, 137, 184, 180, 93, 55, 22, 75, 105, 126, 187, 29, 11, 115, 212, 201, 170, 6, 233, 144, 72, 178, 19, 169, 228, 242, 64, 176, 147, 112, 227,
49, 80, 0, 29, 139, 8, 111, 220, 137, 74, 224, 179, 189, 220, 76, 173, 195, 196, 230, 155, 38, 123, 113, 204, 81, 31, 118, 91, 244, 45, 62, 181, 239, 127, 237, 58, 15, 35, 36, 142,
128, 66, 3, 63, 14, 115, 176, 102, 55, 125, 64, 16, 46, 244, 34, 162, 212, 254, 129, 233, 70, 209, 67, 73, 206, 104, 53, 220, 135, 34, 235, 75, 87, 182, 253, 64, 0, 108, 179, 30,
245, 235, 196, 85, 172, 8, 35, 83, 132, 11, 80, 129, 157, 74, 233, 25, 23, 174, 201, 209, 145, 183, 139, 51, 176, 94, 33, 159, 213, 67, 133, 238, 224, 82, 126, 251, 110, 227, 181, 11,
114, 44, 152, 44, 161, 110, 239, 136, 227, 11, 112, 69, 49, 67, 165, 202, 190, 153, 195, 252, 29, 25, 45, 248, 124, 127, 201, 206, 28, 173, 178, 232, 177, 100, 15, 96, 45, 49, 164, 187,
217, 251, 152, 23, 144, 230, 112, 247, 48, 225, 83, 13, 50, 228, 84, 78, 224, 37, 45, 84, 191, 131, 162, 158, 185, 70, 229, 252, 230, 32, 73, 26, 33, 199, 111, 144, 178, 245, 70, 123,
142, 158, 205, 7, 132, 85, 96, 37, 164, 22, 245, 9, 42, 172, 71, 4, 127, 161, 16, 242, 163, 128, 46, 79, 204, 133, 240, 136, 47, 175, 78, 53, 185, 245, 22, 192, 23, 203, 143, 245,
34, 164, 15, 181, 5, 9, 29, 9, 129, 2, 143, 88, 13, 93, 38, 131, 243, 245, 24, 76, 145, 144, 173, 251, 109, 51, 252, 219, 28, 197, 197, 144, 208, 58, 129, 161, 164, 227, 98, 228,
166, 166, 0, 5, 169, 238, 232, 212, 40, 81, 232, 110, 178, 76, 200, 130, 156, 180, 62, 121, 144, 187, 223, 104, 227, 166, 71, 68, 25, 66, 210, 178, 73, 253, 173, 161, 128, 247, 252, 85,
211, 187, 112, 196, 81, 212, 231, 107, 137, 7, 169, 56, 16, 225, 54, 103, 49, 252, 200, 116, 52, 83, 130, 102, 157, 244, 28, 130, 4, 238, 178, 91, 206, 36, 190, 159, 186, 109, 119, 15,
65, 72, 116, 195, 10, 28, 126, 202, 234, 173, 26, 204, 180, 86, 190, 27, 162, 228, 195, 118, 140, 185, 115, 135, 10, 88, 10, 60, 166, 116, 98, 211, 137, 65, 205, 157, 182, 253, 100, 187,
207, 211, 161, 164, 61, 12, 117, 203, 113, 3, 20, 109, 143, 86, 22, 143, 196, 126, 210, 16, 50, 31, 68, 134, 166, 32, 30, 121, 116, 81, 168, 73, 42, 36, 63, 75, 62, 230, 35, 142,
168, 254, 129, 162, 21, 209, 35, 73, 242, 104, 104, 220, 239, 89, 156, 47, 99, 145, 224, 121, 117, 77, 231, 110, 207, 181, 159, 85, 142, 107, 35, 12, 251, 7, 120, 158, 152, 106, 214, 10,
34, 198, 221, 177, 161, 151, 147, 1, 183, 35, 92, 159, 167, 54, 206, 245, 194, 14, 73, 199, 62, 190, 210, 38, 75, 99, 152, 17, 178, 68, 168, 200, 150, 47, 13, 107, 9, 114, 210, 235,
152, 135, 169, 185, 42, 110, 30, 182, 13, 56, 172, 145, 115, 209, 181, 221, 209, 89, 60, 123, 50, 21, 195, 191, 193, 128, 137, 41, 144, 204, 37, 142, 102, 236, 119, 77, 125, 153, 79, 78,
192, 44, 5, 84, 171, 176, 165, 184, 152, 125, 221, 196, 239, 62, 112, 122, 112, 206, 92, 174, 235, 247, 21, 72, 136, 244, 208, 62, 204, 85, 96, 125, 234, 20, 225, 15, 103, 175, 119, 14,
50, 159, 24, 206, 129, 214, 5, 76, 157, 241, 215, 241, 12, 159, 66, 8, 161, 203, 56, 189, 104, 161, 182, 163, 12, 248, 64, 181, 117, 9, 82, 31, 178, 2, 167, 73, 47, 86, 19, 135,
225, 237, 53, 90, 141, 166, 245, 183, 70, 48, 245, 194, 1, 225, 231, 153, 198, 51, 150, 209, 145, 247, 38, 235, 160, 192, 118, 37, 149, 202, 244, 190, 35, 10, 203, 125, 172, 77, 199, 189,
160, 187, 62, 84, 150, 173, 237, 89, 186, 176, 73, 106, 58, 99, 182, 133, 51, 218, 238, 160, 253, 192, 163, 109, 147, 190, 71, 212, 22, 182, 217, 74, 254, 28, 190, 0, 10, 187, 1, 38,
8, 187, 157, 92, 8, 121, 131, 71, 172, 250, 20, 156, 73, 227, 144, 47, 205, 122, 168, 173, 138, 109, 3, 9, 86, 111, 80, 166, 37, 6, 105, 180, 149, 229, 4, 230, 191, 72, 173, 19,
185, 134, 133, 66, 168, 186, 67, 131, 61, 80, 13, 21, 244, 13, 86, 254, 136, 3, 227, 137, 153, 220, 117, 156, 209, 239, 193, 171, 27, 113, 109, 143, 113, 31, 118, 64, 137, 29, 37, 169,
233, 95, 208, 37, 22, 21, 35, 168, 191, 96, 90, 93, 105, 66, 183, 101, 10, 113, 22, 21, 2, 237, 6, 159, 144, 244, 189, 212, 51, 253, 19, 102, 233, 66, 52, 213, 147, 41, 183, 116,
83, 138, 243, 70, 115, 77, 233, 106, 213, 166, 156, 20, 179, 96, 57, 102, 167, 62, 120, 136, 148, 81, 225, 88, 124, 208, 208, 254, 149, 151, 150, 9, 138, 10, 114, 244, 201, 36, 255, 245,
217, 14, 86, 245, 49, 231, 238, 27, 85, 45, 183, 27, 168, 110, 143, 212, 214, 58, 81, 75, 44, 73, 254, 183, 160, 226, 191, 169, 37, 110, 42, 173, 1, 80, 193, 156, 7, 172, 128, 223,
214, 97, 122, 33, 63, 1, 204, 220, 186, 128, 190, 46, 166, 194, 40, 145, 46, 239, 47, 23, 50, 142, 77, 42, 214, 100, 17, 83, 203, 222, 182, 207, 190, 125, 247, 246, 148, 61, 72, 69,
9, 221, 75, 149, 172, 209, 22, 123, 169, 206, 240, 3, 148, 3, 89, 53, 224, 104, 164, 55, 109, 240, 74, 12, 113, 177, 52, 228, 176, 154, 7, 14, 247, 213, 250, 133, 26, 162, 82, 56,
169, 203, 22, 195, 6, 160, 144, 245, 22, 185, 54, 170, 5, 41, 22, 29, 145, 126, 184, 33, 15, 46, 67, 235, 255, 245, 33, 82, 145, 146, 241, 233, 96, 45, 215, 248, 111, 197, 240, 153,
201, 23, 128, 138, 209, 227, 17, 228, 255, 155, 124, 12, 231, 250, 224, 129, 15, 59, 220, 104, 176, 9, 202, 167, 175, 166, 103, 1, 175, 156, 204, 101, 222, 138, 126, 41, 6, 122, 194, 181,
83, 193, 145, 231, 189, 250, 149, 14, 245, 137, 7, 213, 70, 232, 247, 40, 249, 28, 190, 10, 16, 187, 83, 37, 21, 194, 144, 98, 55, 83, 140, 0, 178, 200, 6, 138, 4, 180, 185, 91,
253, 42, 191, 184, 154, 64, 42, 20, 60, 112, 74, 174, 10, 13, 71, 226, 245, 172, 94, 234, 144, 38, 237, 76, 140, 214, 240, 84, 182, 169, 119, 249, 0, 30, 10, 32, 147, 74, 11, 184,
213, 75, 196, 223, 157, 192, 117, 141, 241, 140, 247, 180, 44, 125, 109, 209, 125, 35, 118, 124, 144, 35, 20, 203, 194, 114, 215, 5, 81, 117, 71, 172, 160, 33, 72, 124, 55, 84, 171, 98,
20, 0, 8, 42, 113, 157, 34, 177, 175, 155, 226, 231, 52, 217, 61, 25, 194, 73, 54, 255, 231, 26, 163, 47, 78, 206, 170, 64, 17, 97, 208, 41, 142, 233, 164, 87, 139, 67, 23, 4,
177, 11, 120, 136, 156, 106, 225, 91, 7, 221, 246, 232, 145, 175, 233, 30, 211, 95, 87, 227, 184, 21, 132, 238, 200, 42, 73, 219, 12, 202, 236, 15, 127, 108, 139, 22, 178, 30, 141, 136,
241, 10, 69, 85, 22, 76, 194, 203, 143, 164, 196, 129, 24, 14, 80, 159, 23, 38, 183, 197, 44, 247, 130, 194, 191, 74, 122, 56, 19, 1, 149, 220, 242, 162, 180, 75, 176, 155, 12, 236,
53, 225, 83, 53, 112, 142, 101, 93, 211, 45, 47, 19, 155, 176, 142, 184, 251, 125, 221, 217, 166, 15, 73, 25, 51, 152, 104, 143, 235, 233, 85, 71, 179, 218, 208, 31, 205, 66, 103, 125,
184, 96, 190, 13, 56, 132, 77, 19, 127, 172, 56, 243, 157, 168, 21, 79, 156, 228, 215, 130, 27, 242, 76, 21, 184, 201, 22, 251, 108, 161, 170, 245, 114, 249, 79, 182, 60, 110, 0, 40,
157, 57, 148, 121, 60, 39, 67, 220, 164, 242, 53, 124, 145, 146, 174, 183, 71, 72, 224, 237, 29, 191, 202, 139, 255, 111, 197, 168, 209, 209, 62, 242, 132, 182, 124, 93, 233, 137, 139, 128,
19, 10, 203, 84, 235, 77, 147, 254, 178, 188, 95, 123, 166, 190, 248, 73, 237, 204, 96, 44, 60, 94, 201, 215, 87, 206, 161, 142, 253, 132, 246, 106, 205, 175, 90, 209, 61, 183, 196, 47,
132, 27, 149, 127, 15, 236, 45, 25, 55, 236, 204, 114, 52, 38, 147, 104, 210, 199, 55, 136, 58, 190, 197, 10, 236, 119, 148, 144, 179, 120, 2, 106, 73, 12, 91, 155, 113, 12, 108, 212,
193, 202, 1, 242, 167, 63, 158, 49, 172, 198, 137, 127, 135, 171, 81, 227, 60, 99, 95, 35, 247, 86, 98, 252, 164, 65, 227, 133, 169, 253, 78, 135, 219, 230, 230, 235, 41, 112, 75, 230,
80, 31, 15, 109, 244, 13, 115, 156, 147, 95, 128, 25, 44, 49, 34, 168, 128, 102, 26, 56, 23, 126, 157, 39, 4, 0, 35, 32, 33, 137, 34, 131, 174, 130, 147, 161, 48, 245, 2, 116,
238, 66, 8, 206, 189, 95, 165, 127, 53, 178, 214, 1, 17, 98, 206, 18, 142, 159, 132, 46, 151, 17, 127, 95, 177, 16, 122, 167, 155, 19, 236, 67, 41, 131, 200, 200, 247, 135, 224, 37,
136, 54, 98, 234, 169, 33, 215, 193, 190, 91, 41, 167, 9, 197, 234, 17, 106, 99, 139, 123, 181, 0, 183, 139, 253, 19, 94, 119, 54, 75, 238, 244, 254, 132, 187, 154, 111, 49, 33, 250,
60, 70, 174, 226, 45, 167, 149, 157, 146, 98, 33, 38, 54, 1, 150, 213, 234, 182, 133, 70, 153, 219, 32, 183, 82, 146, 117, 3, 125, 251, 75, 117, 244, 85, 4, 110, 155, 132, 225, 179,
251, 3, 253, 152, 152, 29, 23, 71, 106, 240, 83, 178, 134, 234, 106, 69, 209, 227, 199, 69, 137, 79, 103, 116, 229, 19, 165, 108, 22, 160, 117, 82, 114, 186, 16, 173, 143, 165, 112, 74,
213, 214, 158, 242, 77, 143, 124, 14, 162, 161, 21, 201, 24, 226, 170, 246, 4, 163, 58, 180, 43, 26, 10, 44, 141, 15, 158, 97, 47, 65, 71, 152, 207, 225, 39, 83, 165, 158, 131, 223,
53, 24, 193, 199, 3, 185, 181, 186, 202, 109, 128, 154, 176, 227, 30, 222, 189, 155, 0, 3, 141, 253, 207, 139, 110, 81, 200, 53, 181, 39, 208, 166, 156, 163, 71, 72, 199, 156, 215, 74,
250, 218, 71, 68, 15, 122, 210, 184, 104, 210, 161, 151, 138, 199, 252, 16, 150, 202, 81, 201, 25, 179, 237, 105, 162, 59, 136, 56, 40, 180, 55, 6, 42, 205, 180, 16, 11, 73, 143, 25,
139, 222, 20, 189, 75, 185, 187, 24, 221, 54, 186, 202, 154, 99, 53, 15, 73, 76, 116, 166, 19, 119, 79, 212, 253, 172, 56, 235, 171, 86, 190, 75, 131, 248, 220, 64, 153, 186, 83, 223,
51, 111, 64, 39, 244, 10, 117, 226, 180, 65, 227, 133, 173, 134, 122, 173, 233, 202, 210, 142, 16, 12, 49, 209, 73, 49, 104, 100, 141, 91, 34, 169, 145, 104, 199, 16, 22, 117, 64, 172,
243, 33, 71, 69, 108, 121, 173, 75, 29, 125, 74, 29, 32, 185, 79, 137, 221, 149, 157, 245, 52, 224, 1, 31, 200, 117, 103, 218, 184, 34, 139, 47, 113, 177, 224, 121, 2, 125, 215, 50,
206, 185, 140, 9, 150, 64, 33, 107, 143, 25, 92, 157, 146, 77, 149, 10, 23, 128, 246, 177, 168, 167, 226, 30, 170, 95, 92, 232, 182, 78, 204, 193, 206, 82, 117, 230, 110, 187, 210, 19,
42, 114, 180, 98, 243, 73, 157, 203, 209, 15, 114, 109, 49, 73, 166, 241, 130, 235, 194, 173, 24, 14, 48, 175, 63, 68, 145, 145, 9, 202, 158, 128, 140, 123, 100, 10, 50, 53, 195, 212,
223, 144, 148, 39, 141, 204, 37, 142, 102, 233, 50, 33, 1, 156, 76, 93, 148, 46, 47, 100, 155, 177, 165, 184, 152, 125, 221, 216, 146, 48, 80, 70, 47, 238, 97, 245, 169, 245, 28, 72,
131, 155, 166, 71, 137, 117, 76, 63, 206, 70, 168, 59, 5, 170, 108, 19, 117, 128, 52, 246, 190, 150, 117, 22, 205, 216, 154, 138, 43, 130, 100, 36, 152, 161, 22, 189, 109, 218, 135, 163,
112, 159, 22, 157, 5, 21, 35, 12, 178, 54, 229, 123, 4, 66, 39, 159, 206, 176, 98, 107, 136, 221, 170, 196, 66, 31, 172, 197, 18, 185, 210, 139, 241, 59, 205, 132, 152, 210, 96, 209,
128, 193, 107, 34, 167, 244, 244, 132, 29, 42, 203, 61, 246, 59, 230, 249, 157, 222, 36, 122, 205, 182, 193, 39, 216, 170, 96, 80, 58, 94, 182, 133, 68, 215, 181, 163, 245, 254, 169, 10,
240, 204, 90, 211, 15, 183, 228, 111, 242, 97, 149, 38, 107, 186, 12, 127, 39, 240, 204, 69, 22, 73, 135, 95, 220, 196, 6, 184, 22, 149, 135, 13, 238, 42, 158, 174, 154, 99, 38, 106,
71, 11, 74, 204, 40, 13, 98, 169, 157, 236, 4, 230, 151, 21, 177, 10, 162, 218, 227, 108, 174, 185, 73, 135, 47, 88, 115, 17, 172, 113, 70, 230, 130, 106, 221, 159, 206, 134, 0, 141,
227, 140, 228, 164, 112, 12, 73, 228, 117, 40, 20, 90, 147, 57, 124, 181, 209, 127, 209, 10, 73, 116, 97, 228, 133, 98, 90, 93, 9, 113, 133, 104, 114, 102, 43, 62, 18, 173, 75, 185,
166, 149, 175, 231, 28, 165, 34, 70, 196, 66, 0, 210, 184, 34, 189, 75, 76, 182, 253, 69, 0, 108, 233, 30, 208, 235, 196, 57, 172, 8, 23, 83, 158, 55, 120, 188, 165, 122, 241, 1,
3, 156, 244, 221, 129, 180, 213, 24, 169, 94, 70, 128, 176, 53, 195, 190, 179, 82, 124, 245, 49, 219, 238, 46, 111, 93, 225, 39, 173, 98, 176, 246, 253, 20, 112, 108, 81, 126, 229, 198,
250, 181, 169, 249, 106, 14, 81, 156, 9, 102, 186, 244, 51, 168, 209, 222, 136, 88, 54, 10, 63, 1, 204, 212, 216, 251, 231, 54, 169, 155, 16, 243, 75, 139, 107, 21, 34, 142, 48, 78,
150, 44, 64, 82, 183, 177, 182, 133, 166, 125, 221, 221, 238, 41, 19, 66, 119, 238, 111, 189, 156, 215, 107, 83, 130, 227, 218, 66, 171, 84, 103, 26, 189, 123, 232, 111, 13, 174, 79, 4,
109, 141, 10, 217, 179, 214, 117, 55, 205, 213, 241, 174, 27, 242, 98, 53, 228, 203, 18, 235, 62, 250, 140, 191, 12, 136, 8, 156, 20, 58, 50, 64, 213, 20, 237, 122, 25, 47, 58, 131,
242, 237, 126, 106, 171, 146, 241, 203, 79, 31, 171, 220, 111, 201, 204, 184, 245, 44, 165, 166, 153, 222, 62, 205, 154, 171, 8, 10, 169, 238, 224, 212, 4, 81, 232, 126, 178, 76, 237, 153,
134, 136, 103, 6, 132, 220, 252, 74, 218, 128, 115, 41, 25, 122, 245, 171, 49, 171, 145, 231, 177, 159, 147, 10, 240, 189, 100, 229, 25, 205, 187, 75, 153, 28, 190, 10, 16, 187, 53, 38,
116, 187, 192, 117, 8, 121, 211, 78, 130, 250, 20, 178, 54, 227, 190, 47, 250, 32, 184, 199, 179, 124, 38, 63, 111, 118, 107, 141, 41, 6, 98, 212, 224, 238, 50, 197, 171, 12, 152, 11,
163, 198, 227, 26, 142, 185, 67, 135, 16, 88, 108, 21, 179, 74, 114, 250, 206, 20, 236, 194, 188, 199, 102, 251, 186, 140, 247, 152, 112, 12, 53, 201, 77, 31, 118, 124, 167, 9, 49, 144,
212, 105, 131, 6, 8, 116, 71, 243, 167, 33, 3, 56, 47, 89, 145, 102, 47, 26, 0, 92, 46, 182, 86, 146, 143, 191, 185, 167, 71, 243, 26, 70, 225, 66, 103, 245, 184, 34, 137, 68,
49, 182, 221, 12, 2, 89, 221, 17, 149, 152, 192, 35, 143, 113, 24, 81, 167, 34, 112, 131, 152, 93, 192, 59, 43, 155, 192, 215, 145, 136, 242, 33, 182, 29, 33, 128, 174, 54, 140, 253,
227, 13, 94, 250, 14, 255, 236, 15, 127, 108, 139, 22, 181, 110, 169, 144, 207, 13, 69, 81, 28, 76, 194, 203, 156, 190, 136, 190, 57, 25, 84, 156, 51, 111, 141, 240, 118, 219, 134, 216,
210, 104, 15, 36, 44, 37, 153, 220, 199, 185, 180, 75, 240, 154, 60, 146, 65, 243, 119, 61, 46, 228, 111, 114, 232, 119, 76, 111, 168, 133, 164, 203, 224, 103, 249, 219, 155, 28, 15, 25,
51, 227, 114, 143, 139, 207, 97, 92, 209, 221, 205, 9, 164, 78, 125, 26, 209, 86, 160, 14, 47, 132, 98, 113, 127, 136, 52, 163, 241, 214, 11, 29, 236, 136, 197, 184, 53, 191, 80, 12,
173, 160, 69, 194, 43, 218, 176, 253, 6, 167, 52, 136, 14, 28, 0, 83, 177, 59, 167, 72, 45, 86, 35, 135, 196, 242, 4, 106, 168, 157, 241, 239, 78, 52, 239, 250, 117, 220, 202, 139,
199, 6, 148, 168, 142, 203, 17, 139, 132, 166, 30, 29, 150, 147, 232, 190, 116, 88, 219, 84, 150, 26, 213, 178, 171, 222, 103, 99, 209, 156, 223, 74, 250, 170, 104, 83, 110, 68, 234, 215,
87, 171, 145, 140, 253, 226, 147, 109, 209, 151, 3, 197, 9, 205, 166, 91, 163, 27, 180, 9, 26, 225, 80, 125, 55, 189, 188, 78, 22, 120, 172, 127, 169, 196, 62, 169, 58, 149, 205, 11,
237, 45, 168, 148, 180, 102, 53, 101, 103, 10, 32, 174, 117, 119, 79, 169, 206, 207, 3, 232, 151, 6, 147, 10, 186, 235, 129, 64, 175, 204, 108, 235, 60, 80, 115, 60, 131, 74, 78, 207,
139, 107, 227, 190, 206, 246, 109, 159, 223, 197, 193, 237, 27, 113, 65, 143, 81, 31, 118, 91, 169, 57, 0, 195, 228, 23, 195, 16, 47, 10, 33, 233, 156, 96, 9, 111, 8, 83, 208, 72,
51, 121, 61, 87, 28, 142, 37, 211, 136, 252, 179, 243, 79, 211, 51, 71, 220, 90, 28, 203, 157, 25, 176, 46, 92, 137, 248, 12, 46, 119, 200, 31, 255, 171, 172, 43, 171, 79, 6, 8,
159, 24, 100, 143, 173, 123, 205, 30, 113, 154, 247, 221, 246, 148, 211, 59, 169, 2, 113, 241, 182, 13, 194, 190, 200, 38, 117, 221, 18, 250, 208, 21, 127, 90, 172, 25, 181, 109, 163, 208,
234, 37, 124, 72, 21, 63, 248, 207, 152, 186, 151, 138, 51, 47, 37, 141, 63, 38, 159, 226, 107, 219, 213, 222, 177, 118, 100, 28, 52, 37, 164, 212, 230, 145, 163, 26, 171, 205, 112, 247,
77, 227, 50, 49, 22, 164, 51, 46, 227, 113, 64, 72, 159, 171, 167, 206, 159, 70, 249, 230, 188, 62, 67, 25, 112, 232, 99, 175, 150, 229, 70, 123, 176, 248, 205, 59, 187, 94, 127, 121,
160, 102, 251, 14, 13, 174, 103, 117, 78, 179, 50, 252, 172, 154, 46, 29, 236, 213, 250, 144, 59, 140, 118, 106, 168, 215, 22, 192, 26, 251, 143, 190, 125, 159, 15, 162, 37, 5, 33, 9,
174, 35, 148, 88, 24, 77, 27, 131, 206, 242, 122, 90, 183, 144, 166, 203, 124, 51, 224, 135, 115, 185, 215, 152, 150, 44, 130, 212, 164, 158, 50, 204, 191, 181, 30, 6, 178, 238, 232, 212,
40, 81, 225, 66, 136, 27, 240, 251, 136, 222, 123, 113, 203, 173, 223, 73, 164, 181, 115, 40, 23, 68, 230, 145, 99, 209, 159, 163, 181, 247, 252, 10, 234, 197, 100, 236, 48, 192, 226, 116,
157, 55, 194, 63, 57, 139, 82, 38, 2, 187, 205, 125, 48, 126, 130, 102, 172, 244, 62, 231, 63, 133, 187, 24, 216, 1, 161, 132, 138, 122, 118, 63, 106, 10, 41, 166, 111, 42, 113, 212,
202, 241, 27, 218, 151, 21, 190, 17, 167, 218, 195, 27, 142, 185, 115, 135, 10, 88, 108, 16, 179, 74, 82, 211, 151, 65, 167, 199, 167, 253, 100, 167, 250, 204, 169, 150, 112, 57, 117, 203,
113, 14, 104, 59, 160, 12, 125, 169, 144, 114, 215, 16, 81, 117, 64, 179, 252, 93, 31, 109, 55, 87, 143, 74, 52, 0, 8, 86, 33, 137, 6, 146, 136, 130, 185, 227, 79, 198, 24, 66,
217, 51, 35, 239, 232, 34, 189, 106, 98, 174, 214, 77, 18, 77, 198, 50, 227, 233, 176, 81, 177, 65, 31, 91, 188, 38, 112, 169, 156, 1, 242, 62, 53, 155, 138, 193, 129, 167, 150, 122,
156, 60, 114, 130, 159, 19, 204, 229, 232, 8, 64, 202, 45, 201, 206, 49, 114, 65, 139, 109, 139, 25, 130, 205, 214, 13, 127, 120, 9, 114, 210, 235, 138, 190, 135, 153, 111, 105, 61, 173,
7, 61, 142, 242, 43, 173, 161, 153, 176, 74, 3, 41, 78, 101, 156, 190, 192, 174, 181, 63, 144, 253, 111, 236, 79, 192, 40, 6, 46, 142, 113, 86, 193, 119, 7, 84, 144, 189, 146, 155,
250, 0, 134, 222, 145, 28, 108, 66, 112, 206, 93, 245, 244, 209, 126, 92, 178, 223, 192, 8, 198, 78, 88, 26, 189, 86, 160, 27, 47, 132, 113, 113, 109, 161, 16, 228, 143, 134, 9, 28,
234, 147, 154, 170, 79, 140, 123, 23, 141, 203, 22, 191, 8, 250, 131, 214, 46, 128, 22, 161, 5, 9, 46, 57, 150, 123, 143, 103, 39, 112, 25, 220, 221, 240, 34, 121, 183, 141, 245, 243,
114, 31, 172, 194, 1, 226, 199, 172, 198, 51, 152, 170, 209, 222, 38, 235, 179, 171, 118, 34, 188, 137, 150, 220, 118, 43, 146, 66, 181, 42, 148, 129, 151, 222, 103, 6, 209, 156, 204, 74,
218, 170, 96, 80, 58, 94, 182, 133, 86, 192, 163, 154, 175, 157, 150, 109, 198, 190, 124, 211, 50, 198, 198, 47, 158, 22, 190, 25, 45, 187, 8, 25, 106, 243, 204, 102, 30, 109, 182, 120,
180, 246, 56, 187, 11, 133, 193, 4, 190, 26, 226, 170, 148, 80, 54, 22, 51, 105, 80, 166, 5, 53, 111, 220, 142, 221, 45, 197, 187, 81, 177, 13, 179, 216, 137, 26, 236, 147, 118, 135,
43, 122, 1, 14, 179, 74, 74, 252, 136, 65, 227, 168, 206, 134, 0, 141, 227, 140, 228, 150, 56, 127, 106, 222, 115, 12, 104, 121, 150, 63, 37, 181, 220, 13, 217, 37, 38, 116, 97, 228,
133, 38, 64, 58, 29, 84, 133, 73, 23, 34, 77, 86, 37, 147, 22, 184, 166, 164, 145, 241, 7, 253, 55, 125, 196, 109, 20, 245, 147, 71, 183, 95, 100, 203, 201, 6, 35, 96, 180, 40,
226, 235, 184, 48, 209, 69, 108, 83, 161, 56, 123, 154, 143, 74, 241, 1, 4, 138, 210, 227, 134, 180, 213, 24, 169, 94, 70, 128, 176, 53, 195, 190, 179, 82, 126, 242, 110, 201, 247, 43,
67, 93, 152, 2, 130, 23, 144, 136, 211, 20, 101, 56, 28, 70, 161, 211, 128, 190, 194, 254, 107, 18, 52, 180, 1, 108, 179, 232, 124, 219, 151, 232, 210, 68, 126, 31, 21, 124, 146, 162,
201, 145, 229, 31, 147, 238, 16, 243, 61, 139, 83, 36, 3, 174, 77, 81, 253, 88, 44, 17, 170, 174, 182, 133, 189, 125, 201, 199, 165, 41, 19, 29, 54, 232, 15, 160, 163, 245, 107, 83,
130, 227, 218, 66, 148, 81, 118, 6, 216, 89, 245, 52, 55, 248, 125, 104, 103, 139, 16, 246, 244, 134, 45, 15, 230, 251, 135, 150, 47, 245, 103, 17, 134, 209, 24, 193, 51, 183, 145, 190,
61, 147, 40, 183, 42, 30, 38, 45, 135, 13, 135, 121, 81, 86, 35, 213, 185, 230, 35, 109, 145, 221, 160, 212, 119, 44, 221, 211, 44, 190, 211, 147, 223, 59, 130, 133, 185, 222, 45, 211,
161, 137, 124, 92, 155, 214, 239, 220, 12, 59, 232, 126, 169, 76, 199, 136, 188, 168, 103, 1, 199, 193, 255, 93, 225, 181, 66, 125, 22, 94, 245, 184, 86, 215, 181, 162, 131, 254, 147, 10,
240, 189, 100, 229, 44, 212, 165, 95, 187, 32, 180, 10, 44, 148, 48, 6, 36, 199, 187, 114, 11, 114, 211, 100, 141, 185, 28, 255, 18, 182, 157, 10, 211, 42, 155, 155, 234, 99, 42, 21,
71, 127, 74, 174, 38, 13, 105, 169, 193, 243, 90, 241, 175, 16, 237, 63, 163, 198, 227, 26, 142, 185, 67, 135, 16, 88, 108, 21, 179, 74, 126, 253, 214, 127, 205, 134, 146, 134, 125, 167,
216, 234, 210, 155, 41, 123, 109, 253, 84, 35, 114, 97, 170, 57, 12, 183, 200, 125, 227, 36, 76, 104, 32, 190, 155, 98, 64, 68, 7, 74, 180, 63, 13, 112, 74, 19, 40, 235, 21, 137,
142, 132, 157, 201, 21, 239, 56, 94, 241, 50, 103, 231, 133, 6, 173, 47, 80, 147, 253, 67, 1, 62, 179, 13, 142, 171, 186, 41, 152, 87, 101, 68, 250, 11, 120, 137, 155, 81, 206, 10,
12, 128, 246, 212, 129, 180, 198, 125, 134, 58, 92, 226, 159, 62, 217, 163, 187, 76, 69, 207, 6, 230, 177, 19, 102, 87, 237, 3, 247, 108, 150, 200, 192, 58, 99, 70, 8, 50, 253, 251,
135, 181, 183, 183, 16, 47, 80, 141, 45, 38, 140, 222, 107, 219, 141, 152, 145, 74, 122, 56, 19, 1, 184, 212, 230, 251, 128, 56, 171, 255, 62, 177, 93, 139, 105, 23, 45, 156, 52, 94,
247, 40, 35, 81, 151, 133, 134, 174, 156, 68, 201, 195, 236, 72, 67, 29, 10, 232, 104, 168, 163, 245, 93, 92, 172, 227, 218, 9, 177, 84, 125, 26, 209, 86, 160, 7, 18, 158, 60, 115,
125, 236, 16, 216, 143, 136, 33, 63, 196, 213, 255, 244, 26, 176, 82, 108, 178, 161, 34, 190, 17, 218, 147, 190, 125, 248, 22, 136, 14, 110, 0, 40, 157, 57, 135, 70, 47, 86, 67, 223,
251, 249, 98, 93, 184, 157, 189, 175, 86, 30, 200, 248, 39, 253, 204, 154, 226, 115, 152, 212, 177, 158, 62, 201, 252, 181, 30, 31, 158, 238, 156, 212, 22, 81, 143, 76, 178, 76, 240, 228,
171, 222, 103, 81, 153, 195, 210, 65, 188, 215, 117, 109, 20, 94, 237, 179, 104, 237, 142, 153, 165, 195, 243, 10, 230, 189, 12, 202, 73, 239, 219, 68, 172, 28, 190, 124, 10, 187, 55, 26,
43, 252, 147, 17, 52, 83, 147, 19, 146, 244, 28, 255, 38, 225, 219, 0, 251, 114, 227, 168, 142, 120, 50, 106, 99, 78, 74, 179, 40, 32, 74, 169, 196, 164, 45, 249, 173, 86, 153, 15,
188, 196, 133, 74, 144, 155, 112, 194, 6, 88, 115, 60, 179, 74, 98, 252, 164, 65, 227, 167, 206, 134, 109, 141, 243, 140, 228, 180, 112, 12, 81, 211, 108, 40, 114, 76, 137, 42, 60, 156,
239, 110, 228, 56, 14, 116, 85, 187, 168, 88, 71, 124, 25, 41, 156, 124, 41, 57, 27, 9, 46, 133, 51, 165, 159, 132, 175, 230, 77, 167, 35, 29, 222, 66, 0, 219, 184, 34, 235, 75,
87, 182, 214, 112, 11, 108, 232, 13, 147, 169, 196, 85, 198, 113, 35, 100, 156, 6, 123, 182, 134, 110, 227, 92, 125, 164, 244, 225, 170, 180, 233, 5, 129, 94, 70, 234, 176, 53, 247, 190,
224, 82, 126, 251, 21, 185, 189, 63, 114, 104, 144, 57, 151, 89, 163, 144, 240, 13, 96, 81, 9, 114, 194, 239, 166, 235, 148, 252, 110, 110, 3, 142, 0, 38, 193, 225, 55, 234, 178, 229,
176, 89, 18, 36, 63, 54, 188, 160, 230, 250, 190, 23, 147, 230, 38, 134, 107, 244, 67, 77, 50, 142, 124, 93, 206, 85, 16, 100, 159, 165, 162, 201, 130, 107, 134, 249, 137, 41, 104, 66,
15, 194, 86, 136, 156, 245, 105, 83, 209, 227, 218, 62, 171, 84, 96, 26, 160, 86, 251, 7, 112, 170, 103, 114, 84, 163, 52, 243, 177, 129, 46, 55, 221, 213, 134, 136, 52, 151, 89, 109,
185, 160, 69, 182, 51, 234, 130, 191, 10, 249, 40, 210, 113, 39, 87, 58, 174, 53, 148, 81, 7, 97, 25, 135, 225, 242, 27, 107, 168, 157, 170, 235, 104, 20, 239, 236, 116, 190, 180, 186,
202, 53, 130, 185, 177, 227, 58, 143, 191, 184, 30, 26, 155, 202, 201, 220, 114, 95, 220, 82, 166, 6, 147, 166, 178, 162, 36, 91, 199, 220, 215, 102, 209, 147, 71, 44, 25, 98, 246, 136,
112, 236, 142, 227, 131, 202, 141, 10, 234, 181, 68, 244, 38, 205, 237, 75, 130, 28, 190, 55, 16, 187, 45, 26, 31, 252, 200, 116, 107, 125, 143, 25, 163, 246, 56, 182, 46, 248, 178, 59,
224, 14, 254, 159, 142, 26, 28, 55, 116, 11, 90, 166, 19, 46, 115, 169, 234, 173, 5, 204, 181, 23, 177, 6, 129, 218, 227, 120, 142, 185, 115, 135, 10, 88, 108, 16, 179, 74, 17, 248,
182, 65, 205, 192, 188, 199, 100, 182, 197, 234, 161, 169, 56, 61, 125, 232, 113, 49, 3, 118, 133, 4, 124, 203, 148, 91, 140, 43, 10, 117, 67, 132, 252, 69, 71, 109, 41, 83, 130, 53,
45, 19, 32, 29, 46, 244, 41, 146, 145, 164, 129, 162, 21, 228, 58, 94, 242, 90, 62, 208, 175, 59, 139, 47, 109, 138, 193, 77, 14, 109, 205, 49, 192, 152, 140, 53, 142, 8, 16, 81,
190, 11, 99, 182, 155, 114, 202, 10, 49, 128, 200, 193, 245, 180, 221, 57, 178, 59, 79, 255, 146, 53, 193, 190, 234, 82, 73, 213, 21, 185, 206, 59, 114, 108, 139, 2, 179, 76, 177, 244,
205, 15, 69, 65, 58, 104, 166, 251, 175, 229, 166, 166, 13, 105, 32, 248, 63, 96, 141, 193, 34, 231, 177, 221, 179, 73, 52, 33, 7, 27, 140, 128, 224, 145, 158, 19, 189, 154, 47, 139,
92, 247, 40, 66, 18, 131, 126, 114, 193, 119, 65, 110, 159, 171, 177, 175, 170, 91, 230, 216, 146, 2, 19, 94, 0, 199, 79, 253, 235, 236, 105, 124, 146, 213, 192, 62, 205, 100, 88, 26,
223, 86, 255, 11, 47, 170, 113, 123, 109, 136, 16, 187, 168, 140, 52, 26, 253, 201, 248, 245, 59, 140, 78, 15, 168, 161, 34, 212, 17, 218, 167, 190, 46, 248, 79, 128, 29, 18, 46, 12,
169, 57, 184, 64, 60, 113, 95, 227, 241, 240, 53, 123, 155, 219, 146, 211, 65, 20, 252, 194, 37, 217, 227, 154, 156, 109, 148, 165, 150, 222, 38, 201, 131, 196, 30, 89, 190, 222, 208, 132,
45, 81, 227, 106, 178, 48, 254, 178, 137, 222, 103, 6, 209, 156, 204, 74, 218, 170, 96, 80, 58, 94, 182, 206, 79, 238, 161, 228, 175, 197, 141, 106, 193, 139, 82, 237, 85, 205, 250, 106,
130, 57, 169, 57, 37, 224, 61, 125, 11, 190, 178, 66, 48, 75, 167, 19, 139, 244, 7, 183, 24, 185, 177, 92, 221, 33, 226, 170, 138, 122, 42, 25, 52, 11, 41, 176, 29, 40, 111, 220,
138, 239, 6, 210, 168, 45, 225, 87, 170, 202, 227, 108, 240, 185, 67, 213, 32, 76, 75, 114, 138, 10, 29, 195, 135, 121, 209, 159, 150, 134, 83, 132, 252, 196, 230, 178, 24, 49, 43, 211,
118, 35, 20, 90, 128, 1, 39, 203, 247, 110, 228, 42, 19, 116, 80, 144, 166, 33, 72, 101, 10, 115, 173, 57, 2, 123, 42, 75, 33, 137, 62, 175, 213, 130, 185, 167, 57, 198, 19, 29,
196, 66, 0, 245, 171, 5, 139, 95, 71, 141, 214, 108, 55, 78, 233, 98, 230, 146, 196, 43, 136, 107, 63, 94, 131, 31, 1, 136, 238, 117, 215, 1, 3, 171, 214, 221, 129, 134, 213, 10,
202, 39, 126, 196, 178, 53, 206, 238, 179, 10, 99, 170, 21, 234, 192, 11, 125, 108, 139, 2, 149, 110, 147, 144, 234, 13, 96, 84, 9, 114, 161, 234, 146, 153, 169, 163, 62, 25, 44, 173,
1, 74, 146, 197, 43, 199, 215, 156, 170, 39, 100, 35, 29, 124, 204, 175, 192, 251, 135, 60, 166, 222, 33, 134, 50, 225, 83, 21, 3, 254, 48, 42, 150, 82, 64, 19, 148, 204, 166, 207,
140, 87, 225, 157, 154, 41, 96, 106, 119, 152, 86, 242, 235, 222, 124, 114, 144, 216, 218, 40, 171, 85, 95, 34, 225, 86, 226, 48, 112, 240, 74, 110, 73, 172, 24, 191, 128, 137, 117, 55,
233, 219, 195, 179, 60, 232, 38, 106, 173, 161, 34, 195, 51, 218, 145, 190, 36, 248, 33, 175, 14, 110, 7, 51, 145, 126, 184, 38, 73, 68, 1, 233, 233, 249, 56, 118, 145, 176, 161, 233,
96, 17, 171, 210, 43, 185, 204, 144, 245, 109, 190, 214, 153, 240, 5, 143, 138, 189, 82, 35, 178, 238, 224, 212, 4, 81, 232, 126, 178, 76, 237, 135, 188, 222, 103, 122, 199, 156, 255, 74,
218, 177, 71, 73, 53, 35, 245, 137, 78, 215, 145, 155, 181, 199, 243, 109, 243, 202, 80, 205, 28, 212, 191, 116, 169, 39, 137, 2, 16, 187, 8, 26, 115, 252, 200, 97, 52, 83, 145, 102,
141, 244, 28, 160, 53, 190, 157, 10, 217, 21, 184, 207, 165, 99, 117, 21, 102, 72, 116, 130, 53, 12, 111, 254, 240, 173, 26, 197, 180, 86, 237, 63, 163, 198, 227, 26, 142, 185, 67, 135,
16, 88, 108, 21, 179, 74, 74, 160, 178, 102, 240, 219, 181, 134, 12, 248, 241, 238, 242, 232, 103, 127, 53, 201, 52, 31, 3, 99, 167, 45, 10, 181, 233, 4, 239, 46, 8, 52, 121, 239,
128, 96, 3, 56, 17, 115, 175, 53, 13, 11, 0, 92, 20, 230, 34, 137, 172, 137, 247, 188, 116, 183, 84, 12, 171, 88, 96, 143, 130, 72, 249, 60, 39, 149, 238, 78, 21, 76, 181, 25,
247, 247, 177, 56, 180, 106, 12, 8, 132, 60, 127, 187, 188, 108, 242, 71, 48, 131, 224, 244, 136, 188, 156, 49, 157, 7, 125, 135, 153, 46, 227, 206, 224, 81, 112, 219, 25, 234, 234, 62,
78, 114, 172, 49, 134, 109, 158, 131, 204, 51, 100, 69, 81, 66, 228, 230, 142, 129, 146, 191, 24, 27, 11, 166, 13, 67, 168, 213, 62, 237, 170, 230, 182, 62, 38, 8, 16, 103, 173, 132,
232, 182, 169, 81, 186, 254, 52, 142, 104, 150, 113, 25, 18, 131, 60, 118, 157, 77, 31, 86, 205, 139, 152, 171, 249, 65, 218, 151, 180, 27, 113, 68, 36, 255, 111, 148, 170, 144, 118, 109,
178, 228, 162, 55, 174, 80, 126, 3, 204, 73, 197, 57, 28, 177, 64, 117, 74, 140, 118, 219, 175, 136, 33, 75, 209, 141, 229, 151, 50, 170, 63, 5, 154, 248, 70, 218, 54, 171, 145, 184,
116, 248, 48, 209, 33, 11, 48, 39, 215, 31, 229, 94, 60, 96, 70, 148, 186, 236, 61, 116, 238, 140, 135, 228, 112, 43, 207, 242, 7, 219, 183, 236, 150, 57, 185, 164, 135, 205, 54, 245,
166, 166, 70, 47, 177, 205, 230, 195, 53, 2, 233, 92, 148, 52, 195, 228, 148, 199, 38, 122, 187, 148, 211, 61, 217, 200, 38, 115, 108, 92, 171, 178, 55, 235, 138, 251, 175, 196, 130, 74,
236, 141, 7, 229, 40, 229, 237, 113, 133, 27, 218, 34, 41, 156, 22, 56, 18, 251, 168, 20, 37, 71, 171, 91, 170, 202, 36, 133, 61, 186, 145, 5, 226, 41, 228, 142, 147, 95, 124, 43,
125, 112, 118, 176, 45, 126, 98, 201, 204, 169, 31, 246, 209, 11, 133, 26, 249, 224, 252, 66, 157, 141, 22, 205, 116, 88, 109, 1, 235, 86, 75, 187, 188, 126, 195, 195, 207, 224, 27, 131,
190, 202, 253, 171, 42, 7, 108, 236, 104, 107, 29, 114, 180, 39, 39, 171, 195, 68, 227, 40, 58, 22, 76, 157, 158, 34, 59, 120, 9, 92, 220, 77, 125, 24, 3, 18, 119, 150, 40, 178,
215, 190, 159, 249, 72, 224, 29, 84, 191, 85, 21, 139, 238, 25, 177, 87, 75, 177, 170, 77, 2, 120, 178, 19, 206, 233, 144, 7, 191, 8, 16, 100, 131, 54, 1, 129, 154, 15, 221, 58,
60, 198, 255, 175, 136, 180, 139, 60, 176, 1, 99, 209, 168, 36, 211, 200, 194, 19, 103, 220, 20, 210, 215, 31, 55, 74, 131, 26, 134, 108, 246, 208, 148, 19, 80, 49, 63, 64, 195, 234,
143, 146, 197, 136, 12, 63, 62, 190, 52, 58, 157, 208, 115, 180, 151, 243, 182, 105, 13, 49, 45, 21, 181, 135, 209, 165, 151, 10, 155, 199, 35, 229, 109, 136, 82, 16, 14, 152, 69, 124,
226, 115, 48, 19, 169, 180, 164, 144, 143, 65, 223, 204, 238, 55, 74, 125, 12, 216, 119, 161, 146, 141, 93, 74, 171, 192, 226, 65, 175, 90, 90, 117, 198, 81, 194, 18, 12, 133, 125, 85,
74, 159, 45, 254, 177, 131, 117, 2, 235, 137, 247, 162, 31, 254, 70, 46, 159, 242, 50, 205, 45, 215, 136, 237, 43, 173, 49, 174, 51, 9, 14, 25, 144, 43, 155, 33, 63, 118, 13, 254,
251, 240, 63, 87, 233, 141, 131, 247, 65, 48, 218, 132, 50, 226, 175, 177, 212, 22, 160, 151, 139, 201, 35, 209, 166, 133, 105, 94, 238, 136, 197, 131, 44, 30, 224, 75, 128, 53, 143, 187,
180, 221, 93, 0, 178, 199, 240, 97, 228, 178, 64, 44, 38, 112, 202, 179, 54, 168, 180, 189, 239, 252, 182, 11, 193, 147, 67, 217, 16, 177, 195, 91, 163, 7, 181, 118, 59, 243, 60, 57,
34, 236, 129, 76, 42, 90, 135, 31, 173, 190, 15, 251, 45, 231, 197, 25, 190, 14, 129, 209, 190, 106, 125, 22, 125, 112, 127, 191, 45, 10, 98, 175, 204, 209, 44, 229, 181, 22, 135, 26,
254, 241, 215, 118, 156, 188, 107, 159, 19, 68, 82, 42, 151, 107, 73, 221, 157, 126, 231, 201, 191, 128, 77, 148, 238, 198, 250, 144, 106, 29, 66, 141, 53, 60, 13, 85, 244, 63, 40, 182,
235, 4, 254, 38, 22, 52, 67, 165, 163, 94, 8, 98, 25, 90, 179, 70, 31, 127, 3, 6, 118, 148, 60, 188, 139, 134, 190, 187, 63, 213, 50, 97, 185, 87, 51, 219, 137, 10, 189, 113,
75, 149, 234, 5, 21, 56, 181, 40, 228, 234, 144, 20, 147, 94, 19, 112, 191, 60, 72, 183, 176, 113, 149, 9, 42, 144, 136, 240, 173, 136, 231, 44, 157, 13, 101, 231, 185, 78, 131, 207,
229, 51, 36, 205, 7, 217, 253, 46, 74, 33, 136, 21, 141, 24, 180, 218, 196, 15, 116, 105, 52, 117, 229, 216, 168, 248, 148, 249, 12, 52, 20, 148, 61, 64, 173, 198, 60, 199, 170, 226,
191, 105, 22, 98, 79, 0, 173, 150, 186, 183, 151, 17, 167, 249, 113, 182, 66, 227, 67, 76, 39, 184, 72, 126, 212, 68, 65, 108, 181, 214, 154, 132, 254, 2, 135, 230, 147, 51, 98, 109,
12, 238, 78, 161, 134, 206, 115, 65, 189, 158, 190, 55, 175, 96, 5, 25, 202, 114, 244, 57, 21, 231, 83, 110, 74, 150, 23, 163, 133, 151, 32, 58, 235, 147, 199, 141, 76, 191, 38, 51,
184, 165, 43, 246, 54, 250, 167, 222, 106, 166, 44, 175, 44, 48, 7, 1, 170, 35, 152, 87, 28, 85, 62, 237, 221, 234, 126, 123, 233, 222, 176, 244, 54, 20, 227, 246, 23, 220, 181, 178,
223, 111, 204, 203, 166, 241, 34, 235, 243, 192, 83, 47, 166, 250, 197, 128, 42, 81, 255, 54, 253, 60, 194, 131, 163, 195, 97, 113, 168, 159, 140, 60, 179, 213, 87, 104, 108, 91, 230, 189,
85, 175, 189, 187, 242, 215, 174, 107, 213, 206, 93, 238, 77, 207, 250, 74, 133, 38, 132, 4, 59, 191, 22, 52, 125, 223, 177, 20, 53, 118, 169, 69, 170, 217, 101, 133, 71, 178, 158, 33,
185, 39, 169, 178, 185, 79, 40, 21, 115, 120, 85, 195, 112, 43, 71, 221, 232, 229, 33, 216, 167, 76, 153, 54, 137, 218, 217, 66, 173, 158, 23, 224, 15, 90, 75, 112, 242, 10, 74, 239,
128, 111, 197, 189, 191, 246, 66, 153, 190, 155, 219, 169, 42, 38, 115, 209, 104, 47, 1, 36, 245, 91, 5, 147, 138, 73, 253, 39, 73, 41, 118, 170, 158, 34, 28, 92, 108, 41, 189, 99,
125, 58, 60, 21, 32, 165, 9, 217, 180, 162, 156, 234, 55, 166, 51, 96, 227, 89, 40, 221, 137, 94, 138, 108, 64, 173, 236, 77, 9, 57, 182, 31, 228, 170, 161, 50, 185, 81, 60, 106,
175, 64, 64, 136, 140, 86, 151, 25, 4, 174, 195, 244, 253, 153, 254, 127, 159, 13, 114, 211, 153, 29, 131, 216, 178, 10, 105, 219, 59, 208, 229, 68, 55, 41, 173, 26, 175, 24, 246, 255,
148, 12, 89, 100, 79, 98, 242, 207, 162, 161, 196, 159, 30, 15, 79, 131, 52, 92, 173, 211, 49, 170, 151, 248, 136, 122, 2, 9, 78, 14, 164, 152, 217, 165, 171, 61, 170, 204, 19, 169,
67, 239, 43, 53, 114, 247, 60, 80, 157, 37, 18, 77, 205, 179, 251, 178, 249, 65, 226, 129, 180, 19, 98, 93, 12, 216, 11, 241, 134, 209, 126, 70, 178, 155, 230, 58, 171, 103, 98, 0,
216, 76, 192, 26, 24, 140, 116, 72, 93, 235, 59, 193, 170, 188, 45, 24, 235, 217, 134, 162, 44, 178, 115, 52, 167, 163, 60, 253, 45, 218, 179, 187, 115, 251, 16, 141, 51, 106, 34, 6,
215, 124, 154, 73, 25, 96, 59, 207, 189, 230, 26, 15, 176, 129, 171, 208, 96, 73, 223, 243, 6, 223, 235, 171, 212, 106, 141, 144, 150, 242, 33, 198, 141, 187, 86, 94, 238, 225, 229, 148,
106, 28, 211, 43, 128, 58, 151, 159, 163, 195, 68, 125, 140, 141, 230, 111, 232, 134, 125, 118, 13, 101, 240, 168, 118, 178, 239, 226, 158, 197, 129, 87, 233, 147, 65, 208, 79, 254, 172, 41,
131, 27, 136, 62, 11, 162, 87, 39, 4, 216, 156, 67, 14, 48, 179, 121, 170, 195, 17, 159, 29, 187, 162, 90, 254, 114, 148, 142, 147, 95, 53, 58, 92, 82, 42, 191, 23, 38, 99, 171,
206, 245, 28, 197, 203, 21, 183, 42, 185, 212, 246, 89, 156, 147, 65, 249, 116, 70, 92, 14, 245, 6, 103, 227, 144, 126, 161, 161, 191, 208, 31, 153, 250, 246, 192, 169, 42, 126, 114, 143,
100, 47, 32, 95, 245, 14, 5, 146, 147, 91, 219, 111, 26, 118, 67, 185, 154, 84, 25, 76, 29, 77, 140, 60, 125, 127, 63, 18, 119, 140, 75, 135, 215, 190, 227, 191, 21, 239, 50, 125,
194, 114, 31, 139, 176, 46, 246, 120, 64, 206, 236, 5, 20, 98, 206, 49, 226, 237, 183, 35, 180, 109, 59, 117, 154, 10, 89, 171, 235, 15, 203, 91, 48, 131, 224, 244, 136, 188, 156, 49,
157, 37, 114, 244, 151, 29, 210, 197, 226, 44, 65, 219, 20, 197, 193, 47, 78, 32, 173, 4, 142, 66, 158, 248, 236, 36, 112, 74, 19, 65, 228, 230, 142, 129, 197, 153, 12, 10, 35, 249,
45, 49, 179, 211, 49, 241, 147, 198, 136, 122, 13, 96, 79, 99, 181, 132, 164, 182, 171, 81, 155, 193, 119, 235, 55, 146, 87, 70, 53, 255, 105, 65, 200, 121, 64, 120, 205, 146, 236, 171,
186, 92, 203, 253, 235, 27, 98, 65, 12, 198, 91, 129, 173, 208, 76, 59, 208, 192, 225, 55, 150, 123, 94, 3, 160, 114, 193, 46, 12, 131, 99, 117, 74, 150, 32, 219, 167, 166, 18, 33,
208, 141, 229, 176, 50, 161, 89, 36, 179, 218, 23, 222, 48, 215, 211, 181, 115, 171, 58, 177, 1, 38, 52, 83, 215, 15, 135, 71, 74, 78, 59, 159, 193, 181, 41, 120, 146, 146, 243, 202,
78, 58, 211, 206, 62, 199, 171, 236, 220, 47, 129, 167, 139, 146, 39, 239, 166, 133, 68, 61, 238, 240, 229, 155, 106, 15, 241, 43, 128, 21, 209, 252, 163, 171, 88, 84, 156, 144, 211, 61,
192, 145, 65, 44, 27, 88, 175, 133, 55, 233, 144, 251, 162, 196, 130, 3, 236, 133, 111, 229, 25, 229, 167, 123, 177, 97, 182, 127, 14, 239, 85, 63, 4, 191, 157, 67, 14, 80, 188, 76,
170, 195, 102, 162, 23, 141, 172, 36, 254, 41, 228, 142, 147, 95, 124, 43, 125, 112, 105, 195, 112, 25, 51, 163, 208, 211, 48, 229, 181, 85, 226, 26, 249, 224, 252, 66, 157, 141, 22, 205,
116, 30, 106, 42, 151, 86, 70, 196, 161, 20, 227, 128, 179, 249, 121, 254, 227, 202, 218, 241, 38, 122, 52, 246, 99, 1, 46, 76, 146, 41, 20, 185, 202, 75, 128, 55, 73, 1, 39, 143,
159, 112, 60, 99, 9, 92, 220, 77, 125, 24, 3, 18, 119, 150, 40, 178, 215, 190, 187, 210, 63, 223, 33, 72, 187, 85, 50, 247, 137, 25, 128, 79, 75, 149, 239, 115, 21, 88, 234, 110,
226, 233, 199, 56, 150, 8, 3, 110, 132, 60, 117, 161, 188, 84, 242, 2, 29, 198, 215, 214, 162, 135, 233, 60, 144, 92, 122, 233, 178, 61, 247, 235, 216, 46, 36, 167, 57, 234, 231, 52,
54, 122, 150, 33, 252, 22, 139, 142, 203, 49, 96, 69, 72, 119, 220, 203, 146, 190, 161, 139, 111, 96, 41, 152, 52, 109, 157, 139, 19, 201, 162, 236, 213, 105, 35, 18, 14, 99, 151, 189,
220, 168, 184, 57, 232, 135, 19, 140, 114, 250, 93, 6, 52, 186, 86, 92, 247, 37, 35, 114, 171, 181, 182, 172, 146, 93, 158, 153, 239, 40, 110, 86, 7, 154, 119, 253, 146, 249, 15, 101,
171, 198, 248, 2, 136, 123, 90, 5, 236, 105, 250, 47, 19, 184, 75, 78, 77, 161, 11, 193, 167, 187, 18, 80, 208, 214, 236, 176, 50, 161, 90, 8, 141, 210, 73, 189, 102, 215, 189, 229,
29, 251, 77, 129, 113, 116, 22, 41, 146, 31, 134, 85, 41, 122, 91, 156, 216, 242, 4, 110, 158, 219, 156, 238, 97, 35, 202, 134, 42, 232, 253, 190, 192, 46, 195, 174, 203, 158, 28, 241,
251, 150, 100, 3, 239, 217, 253, 132, 7, 28, 237, 99, 189, 78, 210, 140, 176, 133, 125, 0, 156, 154, 211, 86, 232, 214, 36, 76, 41, 126, 214, 177, 85, 195, 151, 130, 141, 227, 156, 86,
236, 166, 76, 229, 40, 221, 208, 44, 133, 63, 134, 126, 25, 139, 50, 20, 34, 236, 173, 85, 53, 74, 147, 74, 145, 191, 48, 183, 44, 230, 177, 31, 197, 49, 176, 142, 244, 78, 30, 26,
92, 82, 87, 177, 54, 0, 74, 200, 253, 222, 77, 218, 209, 22, 135, 48, 249, 224, 137, 89, 176, 188, 22, 216, 50, 29, 112, 14, 245, 91, 103, 241, 134, 28, 164, 153, 149, 192, 71, 186,
190, 214, 218, 188, 8, 29, 92, 229, 61, 8, 62, 117, 137, 36, 37, 203, 147, 4, 192, 39, 11, 62, 35, 152, 147, 94, 52, 68, 102, 74, 179, 61, 2, 38, 59, 3, 29, 179, 21, 172,
174, 231, 173, 187, 61, 163, 30, 107, 251, 54, 51, 219, 180, 10, 246, 81, 64, 206, 178, 127, 46, 88, 225, 34, 147, 179, 195, 22, 150, 20, 39, 77, 186, 11, 67, 143, 141, 122, 149, 0,
14, 140, 252, 182, 146, 180, 204, 35, 166, 63, 82, 221, 140, 33, 227, 234, 198, 51, 87, 205, 51, 251, 189, 20, 54, 116, 175, 17, 133, 88, 183, 241, 243, 20, 97, 69, 40, 69, 204, 232,
177, 146, 160, 183, 49, 16, 50, 143, 52, 67, 129, 211, 49, 173, 211, 207, 182, 84, 34, 30, 79, 31, 164, 141, 251, 244, 224, 81, 169, 237, 118, 148, 127, 244, 65, 28, 125, 187, 108, 126,
223, 46, 61, 111, 148, 180, 228, 152, 132, 93, 231, 205, 144, 51, 98, 106, 12, 243, 119, 173, 180, 206, 106, 62, 160, 214, 227, 61, 136, 127, 90, 10, 236, 114, 212, 110, 52, 143, 115, 77,
74, 235, 11, 204, 151, 149, 14, 58, 144, 141, 128, 154, 12, 175, 94, 17, 179, 218, 1, 197, 54, 223, 137, 167, 44, 160, 16, 183, 16, 5, 92, 61, 189, 43, 250, 103, 61, 113, 7, 194,
223, 181, 27, 87, 173, 175, 169, 210, 48, 62, 242, 129, 114, 220, 201, 143, 212, 111, 156, 147, 139, 253, 127, 143, 173, 133, 4, 95, 149, 234, 230, 128, 15, 42, 221, 99, 171, 80, 201, 167,
129, 221, 125, 114, 152, 196, 230, 99, 216, 181, 84, 118, 41, 107, 203, 165, 74, 195, 147, 255, 158, 215, 145, 115, 231, 207, 64, 234, 85, 193, 187, 79, 190, 100, 156, 39, 111, 182, 14, 38,
4, 191, 178, 118, 37, 111, 139, 98, 212, 245, 61, 134, 74, 156, 177, 33, 243, 7, 171, 138, 141, 122, 22, 63, 77, 94, 108, 163, 107, 42, 99, 203, 142, 175, 66, 204, 174, 9, 237, 47,
154, 250, 133, 107, 150, 149, 99, 246, 46, 120, 15, 15, 169, 91, 75, 218, 210, 127, 198, 167, 149, 218, 121, 168, 255, 202, 244, 174, 54, 38, 115, 209, 104, 47, 1, 36, 245, 91, 5, 140,
224, 75, 236, 54, 41, 41, 123, 171, 249, 114, 63, 119, 54, 117, 182, 66, 40, 63, 23, 41, 29, 167, 83, 159, 189, 231, 157, 161, 9, 212, 30, 85, 191, 85, 62, 212, 177, 94, 128, 116,
119, 149, 174, 115, 21, 104, 181, 20, 228, 141, 153, 50, 140, 104, 60, 85, 177, 25, 94, 185, 157, 8, 238, 14, 118, 135, 233, 243, 252, 173, 139, 24, 168, 37, 115, 251, 151, 50, 211, 231,
236, 19, 70, 220, 112, 249, 215, 48, 55, 74, 225, 57, 166, 90, 137, 214, 228, 19, 126, 65, 31, 82, 198, 246, 172, 227, 187, 251, 12, 15, 62, 174, 52, 66, 154, 208, 118, 206, 214, 197,
213, 63, 20, 0, 78, 59, 159, 162, 217, 251, 136, 9, 178, 205, 19, 228, 127, 227, 123, 17, 107, 169, 99, 47, 223, 126, 15, 111, 148, 139, 142, 207, 132, 93, 243, 200, 139, 27, 64, 116,
113, 248, 64, 148, 240, 229, 82, 32, 189, 158, 210, 65, 175, 0, 5, 3, 189, 117, 168, 12, 111, 141, 73, 81, 74, 160, 20, 165, 134, 140, 119, 9, 225, 217, 240, 175, 50, 137, 36, 100,
131, 254, 41, 251, 24, 161, 212, 225, 115, 251, 47, 133, 15, 41, 93, 36, 156, 22, 128, 98, 60, 98, 70, 205, 186, 180, 2, 80, 140, 129, 166, 211, 65, 65, 239, 196, 9, 193, 201, 233,
205, 53, 190, 207, 138, 149, 32, 245, 159, 171, 70, 27, 138, 240, 239, 188, 35, 29, 215, 94, 128, 77, 215, 131, 160, 182, 62, 124, 199, 147, 220, 77, 179, 178, 107, 111, 102, 91, 180, 151,
54, 211, 136, 130, 162, 220, 129, 88, 198, 140, 65, 238, 71, 193, 198, 125, 146, 41, 130, 63, 38, 172, 11, 4, 22, 209, 172, 28, 107, 82, 156, 91, 147, 190, 56, 231, 23, 224, 158, 0,
190, 42, 151, 172, 239, 82, 43, 111, 77, 112, 54, 167, 45, 121, 86, 249, 147, 236, 3, 226, 181, 61, 135, 31, 249, 193, 200, 91, 173, 180, 87, 157, 15, 110, 116, 113, 244, 14, 20, 220,
189, 65, 212, 196, 173, 218, 77, 137, 188, 150, 219, 144, 60, 38, 92, 201, 61, 106, 54, 117, 189, 38, 39, 170, 148, 93, 240, 119, 27, 10, 70, 176, 167, 73, 25, 76, 9, 80, 168, 60,
46, 11, 60, 6, 50, 137, 21, 187, 180, 231, 144, 202, 70, 216, 26, 125, 194, 114, 31, 139, 237, 25, 181, 87, 112, 129, 244, 2, 28, 125, 210, 18, 196, 181, 161, 20, 144, 22, 36, 95,
161, 43, 117, 128, 239, 97, 227, 84, 1, 144, 195, 222, 175, 153, 144, 26, 173, 7, 125, 232, 157, 14, 131, 221, 236, 81, 66, 203, 15, 197, 238, 23, 72, 75, 139, 53, 141, 73, 156, 236,
148, 51, 80, 70, 51, 126, 167, 253, 178, 161, 132, 254, 30, 53, 79, 166, 52, 106, 139, 208, 118, 237, 170, 241, 213, 63, 100, 37, 78, 4, 159, 187, 217, 171, 129, 9, 165, 153, 53, 132,
80, 254, 77, 57, 54, 174, 48, 73, 213, 120, 51, 19, 205, 146, 236, 178, 254, 5, 248, 232, 158, 43, 21, 95, 106, 251, 99, 129, 167, 208, 19, 32, 178, 198, 253, 1, 155, 7, 68, 116,
202, 114, 253, 57, 21, 160, 71, 126, 50, 234, 47, 227, 134, 132, 55, 72, 192, 133, 217, 154, 28, 255, 59, 53, 190, 192, 65, 228, 45, 205, 208, 186, 11, 174, 77, 161, 2, 46, 15, 4,
189, 43, 153, 103, 61, 98, 5, 159, 253, 237, 41, 104, 158, 130, 133, 202, 92, 62, 220, 133, 47, 231, 177, 227, 212, 9, 161, 151, 139, 225, 59, 221, 134, 193, 69, 0, 149, 204, 211, 157,
53, 2, 233, 47, 188, 58, 240, 133, 137, 182, 90, 114, 168, 182, 248, 77, 188, 140, 122, 103, 17, 63, 225, 207, 93, 178, 186, 255, 136, 204, 189, 99, 203, 133, 76, 213, 24, 191, 206, 81,
159, 39, 195, 4, 59, 143, 50, 36, 116, 223, 182, 124, 44, 80, 188, 76, 170, 195, 44, 185, 17, 158, 158, 38, 211, 41, 181, 172, 239, 93, 35, 19, 105, 15, 115, 135, 3, 38, 105, 236,
215, 211, 17, 206, 181, 22, 176, 46, 190, 135, 222, 27, 188, 179, 29, 154, 51, 90, 112, 42, 151, 86, 77, 204, 144, 126, 252, 129, 191, 219, 115, 158, 205, 154, 253, 184, 42, 13, 86, 245,
53, 106, 21, 115, 178, 30, 0, 159, 138, 80, 240, 48, 46, 45, 98, 158, 158, 73, 43, 77, 57, 107, 144, 116, 40, 17, 49, 86, 13, 158, 61, 186, 178, 162, 131, 195, 49, 238, 26, 106,
194, 89, 21, 219, 188, 46, 172, 93, 102, 136, 253, 71, 10, 88, 234, 11, 194, 233, 160, 88, 178, 96, 99, 91, 158, 10, 6, 217, 182, 64, 210, 56, 48, 216, 252, 244, 136, 135, 254, 36,
146, 63, 62, 219, 151, 61, 227, 200, 234, 19, 123, 203, 45, 222, 207, 58, 92, 74, 242, 108, 134, 73, 137, 193, 239, 59, 26, 105, 52, 105, 249, 232, 254, 146, 179, 140, 18, 25, 0, 156,
54, 109, 144, 224, 33, 174, 213, 218, 136, 122, 102, 3, 79, 5, 149, 158, 226, 128, 148, 49, 155, 145, 35, 183, 92, 254, 93, 61, 50, 132, 86, 107, 232, 117, 51, 86, 138, 180, 182, 185,
133, 5, 216, 200, 139, 51, 64, 25, 113, 239, 95, 157, 141, 201, 126, 95, 141, 198, 248, 2, 136, 123, 90, 5, 236, 19, 242, 57, 21, 133, 92, 117, 113, 156, 97, 220, 134, 184, 18, 33,
252, 143, 205, 185, 25, 139, 85, 48, 128, 218, 35, 190, 54, 221, 211, 213, 124, 251, 30, 177, 20, 24, 46, 95, 174, 14, 178, 73, 73, 47, 59, 246, 221, 210, 63, 85, 168, 128, 183, 230,
112, 43, 219, 194, 117, 198, 183, 143, 211, 44, 160, 136, 169, 158, 26, 230, 251, 138, 2, 25, 239, 136, 236, 132, 40, 28, 193, 94, 161, 13, 225, 145, 163, 195, 125, 93, 168, 150, 132, 117,
234, 134, 36, 113, 108, 96, 202, 177, 85, 178, 139, 225, 158, 193, 174, 118, 204, 147, 122, 229, 21, 221, 225, 70, 175, 24, 185, 57, 14, 191, 85, 3, 4, 209, 178, 107, 3, 80, 147, 127,
170, 232, 103, 183, 12, 150, 219, 3, 242, 108, 153, 213, 147, 97, 107, 36, 65, 94, 93, 191, 49, 10, 98, 175, 204, 209, 37, 234, 166, 85, 159, 27, 143, 224, 242, 65, 189, 179, 105, 251,
49, 100, 67, 45, 241, 112, 67, 191, 171, 126, 231, 201, 191, 194, 91, 128, 242, 203, 194, 169, 42, 125, 119, 253, 66, 60, 52, 37, 142, 33, 5, 147, 255, 127, 254, 38, 39, 35, 96, 146,
140, 34, 1, 88, 9, 89, 168, 95, 7, 120, 46, 9, 119, 139, 75, 165, 215, 231, 190, 167, 61, 244, 49, 78, 194, 49, 28, 251, 188, 5, 246, 116, 77, 131, 234, 5, 20, 56, 206, 46,
226, 150, 140, 56, 150, 104, 12, 91, 132, 60, 72, 135, 176, 113, 206, 38, 29, 131, 252, 222, 166, 138, 195, 35, 144, 45, 82, 216, 151, 45, 247, 222, 186, 27, 120, 219, 20, 186, 178, 48,
65, 126, 235, 17, 167, 87, 246, 208, 232, 51, 125, 97, 14, 110, 251, 179, 252, 137, 183, 189, 21, 107, 35, 158, 112, 67, 131, 195, 49, 218, 182, 226, 213, 63, 25, 55, 49, 6, 140, 134,
251, 187, 228, 36, 186, 224, 28, 181, 55, 243, 65, 38, 13, 181, 74, 46, 240, 77, 15, 86, 205, 174, 134, 175, 155, 5, 212, 248, 233, 51, 78, 84, 36, 134, 94, 157, 253, 138, 67, 63,
202, 155, 229, 62, 201, 65, 70, 40, 202, 80, 192, 12, 47, 227, 113, 90, 97, 129, 53, 163, 138, 151, 1, 74, 151, 133, 223, 168, 22, 191, 76, 42, 161, 242, 30, 186, 13, 213, 145, 235,
9, 132, 29, 136, 16, 61, 38, 2, 170, 62, 177, 102, 61, 113, 59, 245, 189, 241, 126, 123, 239, 175, 147, 183, 68, 20, 248, 206, 6, 220, 253, 163, 212, 19, 195, 151, 150, 206, 62, 205,
166, 133, 2, 61, 238, 234, 197, 158, 44, 42, 252, 75, 128, 22, 148, 128, 189, 182, 45, 83, 152, 160, 231, 99, 205, 161, 127, 104, 43, 91, 235, 185, 74, 175, 176, 178, 141, 234, 131, 121,
205, 168, 103, 229, 40, 181, 237, 79, 178, 7, 191, 29, 59, 183, 81, 29, 15, 234, 149, 107, 52, 82, 214, 81, 170, 245, 22, 229, 70, 156, 177, 67, 190, 38, 164, 172, 185, 75, 112, 36,
115, 82, 81, 219, 49, 37, 98, 210, 204, 211, 44, 234, 166, 61, 176, 53, 143, 224, 129, 108, 176, 153, 87, 224, 46, 95, 104, 1, 139, 91, 75, 194, 166, 109, 193, 152, 191, 220, 91, 153,
190, 245, 192, 170, 37, 113, 76, 241, 127, 106, 41, 87, 151, 60, 112, 139, 234, 68, 252, 39, 77, 113, 76, 159, 163, 34, 26, 120, 8, 84, 220, 97, 125, 24, 63, 6, 40, 139, 16, 175,
161, 190, 134, 164, 85, 212, 69, 126, 201, 97, 122, 248, 150, 62, 244, 46, 119, 149, 174, 115, 21, 104, 234, 108, 232, 132, 150, 17, 144, 104, 108, 125, 188, 54, 107, 162, 188, 94, 202, 71,
36, 155, 241, 236, 190, 199, 203, 33, 171, 92, 120, 133, 140, 14, 216, 254, 249, 10, 83, 203, 6, 241, 243, 19, 74, 45, 191, 3, 165, 107, 139, 247, 195, 17, 94, 89, 19, 116, 163, 197,
128, 144, 167, 160, 28, 48, 20, 170, 3, 60, 129, 148, 33, 238, 163, 227, 166, 117, 32, 40, 9, 31, 181, 155, 164, 165, 153, 81, 155, 194, 49, 168, 81, 254, 67, 39, 34, 141, 83, 82,
157, 85, 55, 111, 176, 190, 255, 164, 147, 121, 245, 216, 244, 58, 113, 31, 124, 241, 72, 133, 142, 209, 124, 89, 209, 248, 205, 21, 144, 96, 81, 53, 189, 74, 227, 29, 21, 141, 73, 83,
74, 156, 118, 160, 151, 188, 52, 16, 225, 197, 223, 154, 21, 178, 115, 45, 165, 254, 2, 249, 105, 183, 131, 180, 34, 176, 63, 136, 16, 14, 13, 38, 214, 62, 231, 64, 12, 127, 7, 230,
193, 244, 2, 104, 240, 154, 156, 172, 96, 56, 220, 211, 23, 216, 253, 162, 146, 10, 166, 183, 139, 195, 99, 232, 243, 150, 5, 31, 238, 225, 229, 148, 106, 28, 211, 43, 128, 58, 151, 159,
163, 195, 90, 0, 156, 141, 250, 105, 189, 214, 72, 118, 41, 56, 180, 182, 78, 182, 168, 229, 245, 251, 173, 67, 213, 170, 103, 193, 71, 181, 249, 85, 249, 29, 196, 57, 14, 143, 85, 25,
4, 216, 156, 67, 14, 48, 179, 121, 170, 195, 17, 163, 70, 159, 190, 58, 255, 21, 135, 137, 187, 93, 9, 52, 125, 112, 105, 191, 45, 38, 98, 201, 215, 245, 28, 202, 209, 52, 128, 31,
249, 224, 235, 96, 157, 187, 22, 199, 116, 31, 93, 29, 137, 117, 67, 199, 144, 28, 239, 158, 173, 244, 69, 180, 250, 213, 244, 182, 40, 18, 114, 255, 103, 107, 40, 34, 169, 57, 20, 144,
213, 81, 132, 47, 46, 53, 67, 151, 147, 112, 65, 79, 9, 112, 220, 60, 125, 127, 63, 18, 119, 141, 62, 186, 215, 231, 128, 167, 55, 239, 30, 86, 249, 49, 38, 210, 244, 90, 156, 85,
55, 177, 206, 100, 116, 98, 181, 49, 228, 234, 190, 7, 180, 106, 12, 8, 132, 60, 127, 187, 188, 93, 206, 33, 119, 141, 193, 200, 162, 152, 200, 2, 147, 45, 89, 135, 202, 19, 247, 202,
232, 38, 88, 242, 11, 210, 189, 41, 74, 107, 151, 21, 141, 108, 139, 194, 215, 15, 81, 85, 21, 111, 231, 230, 190, 129, 179, 191, 30, 53, 79, 166, 52, 67, 172, 211, 49, 241, 144, 241,
221, 117, 44, 54, 14, 103, 195, 161, 164, 182, 171, 81, 155, 193, 119, 168, 67, 150, 109, 56, 34, 140, 111, 109, 240, 77, 31, 86, 205, 139, 152, 171, 249, 65, 218, 199, 233, 59, 77, 68,
113, 255, 64, 241, 173, 221, 19, 108, 178, 192, 225, 40, 175, 28, 1, 58, 193, 22, 235, 60, 110, 185, 101, 70, 77, 234, 1, 204, 182, 174, 42, 44, 149, 206, 236, 242, 28, 170, 109, 53,
252, 210, 65, 244, 38, 235, 131, 239, 2, 230, 3, 136, 16, 7, 38, 27, 202, 5, 179, 39, 29, 109, 13, 135, 234, 168, 43, 85, 175, 145, 134, 214, 112, 43, 207, 229, 5, 216, 175, 148,
212, 9, 141, 208, 167, 146, 34, 137, 129, 138, 68, 47, 177, 225, 199, 168, 53, 15, 193, 67, 189, 27, 147, 164, 136, 195, 100, 113, 168, 207, 140, 95, 179, 213, 89, 104, 108, 92, 171, 178,
55, 202, 146, 187, 170, 237, 160, 12, 145, 133, 127, 177, 50, 172, 204, 80, 178, 27, 194, 5, 23, 180, 53, 56, 7, 251, 168, 85, 54, 91, 163, 95, 147, 245, 26, 146, 63, 180, 162, 42,
242, 52, 135, 142, 147, 95, 124, 43, 125, 112, 118, 176, 45, 126, 98, 201, 204, 211, 16, 235, 167, 20, 229, 76, 154, 212, 228, 92, 157, 141, 22, 205, 116, 113, 114, 14, 245, 117, 15, 197,
208, 65, 229, 192, 136, 128, 31, 191, 250, 233, 233, 169, 42, 14, 115, 239, 61, 60, 44, 87, 173, 21, 20, 162, 199, 73, 223, 14, 8, 2, 76, 133, 142, 112, 60, 99, 9, 92, 220, 77,
125, 24, 3, 18, 119, 233, 16, 160, 144, 162, 131, 210, 31, 195, 4, 21, 251, 108, 6, 212, 157, 48, 172, 41, 99, 177, 222, 120, 46, 56, 225, 30, 247, 170, 156, 88, 199, 96, 33, 90,
249, 64, 89, 169, 150, 66, 242, 57, 44, 170, 208, 244, 136, 138, 233, 35, 157, 37, 101, 251, 151, 58, 211, 195, 164, 76, 123, 175, 20, 248, 252, 61, 65, 126, 160, 103, 253, 125, 247, 239,
148, 69, 100, 49, 12, 49, 249, 233, 143, 144, 179, 139, 43, 53, 20, 154, 54, 108, 179, 208, 5, 169, 188, 252, 175, 84, 126, 42, 40, 49, 192, 135, 226, 243, 181, 24, 167, 145, 115, 174,
64, 129, 85, 31, 39, 253, 52, 40, 231, 55, 51, 81, 166, 165, 251, 159, 130, 65, 135, 129, 180, 0, 98, 125, 12, 216, 119, 241, 134, 249, 126, 65, 178, 155, 226, 58, 171, 117, 98, 47,
216, 76, 197, 26, 24, 174, 116, 105, 111, 129, 46, 220, 168, 161, 14, 67, 146, 214, 217, 182, 50, 166, 36, 13, 146, 248, 53, 189, 45, 225, 170, 205, 60, 176, 49, 210, 47, 49, 33, 61,
215, 33, 153, 73, 74, 84, 7, 224, 193, 230, 35, 124, 149, 140, 156, 240, 70, 56, 205, 220, 114, 220, 238, 169, 211, 53, 135, 207, 135, 158, 32, 240, 136, 193, 119, 31, 168, 140, 229, 132,
106, 28, 195, 43, 128, 22, 151, 191, 157, 133, 81, 0, 205, 189, 128, 59, 178, 178, 87, 80, 38, 92, 240, 139, 55, 211, 138, 156, 162, 151, 160, 9, 243, 170, 111, 211, 40, 247, 163, 91,
190, 43, 150, 3, 16, 155, 34, 43, 42, 188, 129, 82, 14, 117, 145, 65, 173, 232, 24, 163, 78, 150, 197, 47, 188, 108, 130, 152, 187, 78, 9, 36, 125, 112, 127, 191, 45, 10, 98, 210,
145, 245, 20, 204, 174, 82, 135, 26, 175, 250, 253, 29, 150, 203, 105, 193, 22, 106, 114, 29, 235, 91, 28, 194, 144, 65, 252, 154, 188, 128, 91, 170, 222, 199, 218, 175, 17, 50, 114, 249,
76, 47, 44, 65, 245, 3, 62, 203, 157, 4, 229, 7, 28, 62, 121, 243, 191, 60, 0, 72, 9, 84, 170, 109, 110, 125, 3, 41, 17, 143, 93, 137, 215, 190, 134, 191, 21, 252, 50, 93,
194, 114, 40, 208, 147, 50, 158, 36, 124, 149, 239, 80, 51, 99, 177, 107, 241, 181, 173, 50, 147, 21, 127, 91, 156, 60, 72, 171, 157, 122, 205, 93, 112, 141, 208, 230, 134, 187, 144, 35,
147, 7, 83, 159, 139, 70, 210, 222, 226, 44, 84, 219, 20, 186, 178, 48, 82, 45, 150, 13, 141, 87, 189, 232, 204, 15, 102, 86, 16, 77, 217, 250, 186, 129, 131, 163, 18, 52, 87, 174,
40, 121, 148, 224, 61, 173, 179, 233, 136, 117, 32, 103, 72, 35, 195, 166, 164, 182, 187, 81, 155, 237, 119, 136, 67, 150, 86, 25, 18, 139, 60, 72, 255, 68, 65, 72, 135, 138, 152, 144,
147, 24, 223, 199, 149, 0, 17, 106, 116, 243, 119, 245, 182, 140, 106, 95, 129, 248, 229, 9, 184, 99, 70, 25, 229, 22, 196, 42, 110, 146, 64, 76, 115, 234, 29, 219, 171, 131, 125, 51,
192, 147, 219, 177, 77, 191, 82, 41, 161, 254, 90, 218, 107, 241, 168, 235, 113, 132, 28, 209, 1, 12, 48, 8, 215, 31, 143, 94, 60, 84, 70, 199, 186, 236, 52, 116, 238, 209, 169, 250,
96, 73, 227, 222, 117, 232, 201, 147, 210, 111, 204, 130, 201, 140, 39, 140, 228, 133, 4, 95, 149, 234, 230, 128, 15, 42, 221, 99, 171, 80, 201, 167, 129, 221, 125, 114, 152, 175, 211, 107,
204, 140, 68, 105, 6, 107, 245, 157, 85, 178, 156, 147, 142, 255, 160, 115, 200, 207, 113, 234, 16, 226, 166, 119, 178, 43, 198, 27, 25, 153, 20, 45, 51, 191, 178, 67, 14, 82, 188, 31,
170, 195, 27, 133, 29, 131, 162, 71, 254, 6, 186, 164, 180, 79, 48, 48, 116, 88, 91, 172, 125, 54, 87, 175, 247, 174, 20, 229, 184, 5, 158, 16, 128, 225, 214, 102, 230, 187, 107, 232,
10, 95, 104, 113, 129, 12, 22, 205, 143, 66, 161, 195, 153, 209, 31, 134, 222, 154, 244, 175, 17, 124, 99, 132, 72, 44, 106, 39, 235, 61, 5, 140, 148, 68, 236, 119, 75, 113, 76, 236,
159, 112, 73, 99, 9, 84, 220, 97, 125, 24, 19, 18, 119, 179, 40, 188, 215, 190, 134, 164, 74, 196, 62, 88, 201, 85, 62, 248, 143, 62, 244, 47, 48, 168, 221, 68, 21, 108, 237, 40,
148, 132, 158, 47, 189, 79, 60, 125, 228, 54, 26, 154, 166, 90, 145, 54, 48, 216, 233, 244, 136, 153, 233, 51, 157, 37, 115, 251, 151, 50, 211, 216, 217, 76, 112, 251, 58, 249, 239, 87,
85, 80, 149, 57, 147, 75, 245, 148, 148, 69, 97, 49, 81, 65, 249, 212, 177, 144, 129, 151, 16, 23, 18, 131, 13, 92, 173, 156, 115, 217, 214, 197, 142, 62, 33, 100, 8, 25, 191, 223,
164, 160, 136, 14, 165, 205, 19, 180, 93, 146, 76, 6, 0, 160, 108, 99, 157, 70, 52, 81, 171, 176, 142, 187, 155, 2, 218, 215, 144, 19, 98, 93, 12, 216, 11, 161, 146, 221, 93, 102,
171, 192, 230, 65, 175, 96, 81, 126, 236, 26, 227, 102, 111, 144, 65, 102, 68, 142, 59, 193, 170, 188, 45, 16, 209, 137, 140, 140, 25, 140, 35, 24, 251, 184, 36, 193, 54, 223, 147, 222,
7, 250, 23, 183, 20, 25, 41, 38, 167, 37, 154, 124, 12, 98, 13, 154, 249, 240, 101, 95, 233, 152, 181, 216, 49, 23, 232, 250, 114, 184, 175, 152, 212, 106, 141, 144, 150, 144, 53, 250,
166, 133, 102, 94, 238, 225, 229, 148, 106, 28, 211, 43, 128, 58, 151, 131, 159, 221, 119, 125, 140, 141, 140, 95, 224, 134, 125, 118, 109, 62, 202, 175, 118, 211, 140, 237, 146, 228, 149, 81,
157, 166, 113, 201, 40, 214, 225, 119, 133, 4, 169, 3, 7, 140, 50, 120, 8, 204, 157, 115, 14, 38, 131, 121, 156, 230, 51, 158, 23, 229, 193, 90, 254, 114, 148, 142, 147, 93, 9, 52,
125, 112, 105, 191, 45, 38, 99, 239, 247, 179, 68, 197, 155, 61, 191, 29, 252, 212, 254, 91, 173, 186, 107, 194, 54, 31, 124, 18, 180, 6, 28, 217, 144, 65, 239, 181, 188, 156, 68, 137,
253, 198, 251, 154, 38, 2, 47, 218, 77, 60, 107, 86, 180, 2, 37, 174, 213, 81, 220, 107, 29, 104, 90, 151, 147, 122, 5, 93, 24, 109, 182, 91, 43, 59, 16, 41, 50, 147, 41, 184,
215, 245, 227, 248, 60, 223, 65, 102, 185, 87, 3, 219, 137, 90, 189, 93, 75, 149, 238, 5, 21, 98, 181, 49, 228, 234, 187, 79, 207, 78, 39, 87, 175, 10, 70, 166, 234, 111, 206, 14,
49, 144, 233, 175, 182, 208, 246, 47, 145, 45, 86, 232, 144, 66, 195, 202, 198, 80, 69, 244, 59, 194, 182, 57, 55, 74, 225, 56, 134, 73, 246, 248, 148, 36, 81, 74, 79, 82, 211, 230,
190, 129, 179, 191, 30, 63, 23, 245, 118, 123, 179, 211, 53, 241, 211, 249, 135, 105, 37, 19, 45, 58, 182, 154, 239, 187, 133, 85, 167, 135, 1, 134, 67, 150, 113, 25, 18, 131, 60, 118,
157, 77, 31, 86, 205, 139, 152, 171, 249, 65, 218, 151, 180, 25, 78, 96, 9, 243, 10, 142, 146, 242, 96, 57, 146, 252, 194, 55, 138, 80, 2, 123, 193, 123, 250, 17, 45, 157, 83, 104,
110, 150, 32, 219, 167, 166, 18, 33, 208, 141, 229, 176, 50, 161, 89, 36, 179, 218, 23, 197, 54, 221, 131, 254, 113, 160, 24, 183, 113, 46, 37, 31, 215, 39, 229, 74, 63, 99, 5, 148,
200, 236, 1, 127, 140, 155, 147, 202, 50, 42, 207, 198, 50, 216, 175, 148, 212, 9, 161, 151, 139, 146, 39, 239, 166, 133, 68, 61, 238, 240, 229, 155, 106, 15, 193, 99, 243, 6, 237, 186,
180, 218, 38, 1, 168, 182, 248, 95, 199, 200, 66, 41, 53, 92, 171, 158, 55, 211, 146, 162, 239, 201, 253, 99, 215, 186, 80, 201, 40, 229, 237, 113, 133, 63, 130, 127, 14, 239, 85, 63,
4, 191, 157, 67, 14, 80, 188, 76, 170, 190, 18, 229, 28, 238, 161, 90, 241, 39, 187, 156, 141, 95, 7, 59, 125, 90, 118, 185, 42, 126, 98, 226, 204, 174, 27, 150, 166, 33, 145, 68,
133, 224, 252, 92, 157, 175, 22, 233, 124, 80, 65, 32, 179, 117, 99, 252, 144, 126, 252, 129, 191, 128, 31, 191, 250, 233, 233, 169, 42, 14, 115, 253, 104, 47, 44, 123, 244, 39, 15, 162,
148, 115, 243, 24, 4, 22, 39, 136, 128, 60, 0, 92, 12, 98, 144, 103, 110, 123, 32, 12, 18, 178, 16, 143, 150, 134, 231, 161, 79, 195, 77, 25, 178, 80, 29, 219, 137, 25, 128, 79,
75, 149, 239, 115, 21, 88, 181, 14, 228, 141, 144, 7, 180, 8, 3, 91, 154, 54, 1, 217, 158, 64, 235, 45, 1, 208, 140, 182, 169, 200, 221, 35, 208, 37, 58, 213, 139, 30, 210, 235,
226, 46, 36, 219, 20, 210, 215, 31, 55, 74, 131, 26, 134, 102, 181, 239, 210, 72, 71, 74, 79, 62, 215, 244, 190, 129, 197, 159, 30, 104, 20, 165, 112, 76, 157, 148, 29, 201, 146, 205,
162, 84, 36, 17, 81, 30, 182, 188, 164, 138, 128, 15, 155, 199, 35, 229, 109, 136, 82, 12, 34, 151, 52, 108, 142, 74, 64, 86, 181, 180, 182, 200, 155, 24, 251, 233, 179, 60, 97, 69,
7, 216, 76, 130, 240, 201, 85, 62, 151, 192, 226, 65, 175, 90, 5, 38, 202, 21, 218, 57, 21, 133, 92, 8, 74, 156, 29, 160, 162, 131, 117, 35, 208, 143, 229, 180, 28, 139, 71, 48,
154, 192, 73, 251, 18, 252, 137, 223, 44, 143, 3, 128, 29, 49, 46, 34, 148, 47, 155, 106, 74, 113, 70, 251, 186, 233, 35, 103, 239, 219, 146, 207, 48, 62, 173, 243, 14, 221, 210, 186,
212, 22, 160, 151, 139, 201, 35, 209, 166, 133, 105, 94, 238, 140, 229, 155, 23, 17, 141, 99, 177, 50, 151, 252, 173, 221, 71, 126, 151, 173, 217, 86, 229, 214, 99, 106, 109, 112, 179, 207,
55, 233, 186, 189, 170, 196, 160, 9, 215, 146, 87, 208, 60, 229, 224, 105, 191, 29, 134, 1, 40, 139, 10, 127, 61, 209, 178, 104, 125, 110, 167, 74, 148, 195, 44, 130, 29, 231, 157, 25,
211, 122, 159, 179, 175, 67, 38, 48, 84, 112, 85, 191, 112, 10, 72, 217, 198, 247, 65, 229, 181, 22, 135, 48, 249, 224, 129, 96, 157, 143, 22, 148, 116, 70, 114, 1, 244, 106, 115, 195,
189, 126, 252, 138, 153, 195, 27, 251, 205, 230, 218, 241, 8, 57, 116, 239, 42, 47, 14, 92, 244, 33, 37, 191, 234, 81, 212, 119, 39, 114, 115, 152, 249, 73, 19, 79, 56, 32, 167, 95,
115, 3, 20, 9, 6, 139, 75, 165, 215, 190, 134, 191, 21, 252, 50, 93, 194, 114, 99, 219, 137, 6, 246, 101, 92, 173, 193, 113, 21, 88, 213, 51, 206, 174, 179, 80, 149, 20, 1, 73,
132, 53, 64, 132, 137, 113, 238, 30, 118, 166, 128, 214, 180, 180, 204, 115, 176, 1, 102, 243, 168, 20, 217, 187, 178, 81, 116, 242, 6, 254, 178, 26, 105, 74, 158, 56, 171, 118, 246, 243,
148, 73, 86, 74, 23, 64, 219, 235, 177, 161, 180, 191, 30, 111, 79, 191, 52, 67, 129, 211, 49, 217, 147, 234, 136, 122, 32, 7, 78, 31, 164, 164, 217, 182, 151, 24, 167, 253, 50, 166,
64, 243, 104, 56, 12, 139, 71, 75, 157, 68, 44, 111, 136, 215, 152, 202, 141, 105, 195, 214, 149, 16, 78, 79, 124, 198, 85, 174, 134, 141, 19, 74, 173, 228, 166, 0, 175, 110, 94, 25,
191, 85, 199, 117, 62, 231, 83, 14, 74, 168, 29, 216, 175, 164, 111, 47, 208, 141, 240, 176, 50, 178, 89, 52, 179, 218, 1, 197, 54, 241, 130, 222, 113, 160, 72, 136, 20, 9, 55, 41,
171, 43, 172, 125, 74, 46, 57, 197, 160, 196, 27, 104, 137, 209, 252, 206, 112, 20, 201, 133, 18, 191, 244, 158, 215, 37, 145, 210, 205, 237, 39, 140, 165, 133, 105, 0, 175, 241, 230, 184,
31, 8, 211, 47, 137, 78, 209, 250, 163, 171, 45, 72, 191, 130, 230, 107, 220, 218, 87, 104, 15, 91, 230, 201, 84, 247, 224, 187, 141, 235, 174, 126, 227, 168, 124, 201, 40, 181, 237, 93,
133, 63, 134, 127, 14, 181, 85, 38, 4, 191, 178, 118, 3, 112, 171, 89, 129, 191, 61, 146, 45, 178, 158, 33, 185, 26, 129, 138, 190, 107, 7, 104, 125, 120, 108, 163, 107, 43, 69, 242,
156, 217, 1, 196, 166, 42, 177, 62, 146, 224, 129, 26, 189, 147, 93, 224, 49, 88, 75, 6, 235, 122, 70, 219, 140, 126, 215, 129, 191, 218, 31, 166, 250, 233, 196, 169, 42, 38, 115, 209,
104, 1, 20, 114, 180, 14, 62, 172, 236, 72, 130, 51, 75, 10, 63, 155, 253, 56, 25, 99, 52, 84, 212, 66, 43, 17, 47, 92, 107, 165, 80, 165, 181, 134, 145, 219, 49, 244, 50, 90,
194, 89, 40, 219, 137, 50, 128, 44, 75, 149, 174, 115, 21, 92, 234, 60, 149, 185, 141, 87, 180, 84, 50, 86, 174, 55, 94, 153, 235, 107, 238, 3, 118, 216, 242, 242, 136, 148, 198, 3,
137, 92, 115, 129, 179, 4, 217, 202, 201, 90, 65, 205, 58, 208, 188, 17, 65, 80, 191, 3, 252, 107, 139, 247, 148, 42, 124, 74, 71, 52, 252, 228, 178, 129, 167, 157, 30, 45, 50, 244,
52, 92, 173, 211, 49, 170, 151, 248, 136, 122, 32, 3, 79, 31, 181, 132, 226, 243, 154, 24, 167, 204, 115, 190, 64, 250, 83, 16, 55, 247, 71, 80, 157, 117, 15, 111, 148, 190, 165, 139,
132, 114, 201, 153, 141, 19, 98, 20, 12, 241, 22, 165, 131, 143, 75, 81, 144, 248, 167, 73, 170, 113, 71, 15, 202, 21, 245, 57, 21, 135, 92, 91, 74, 150, 107, 193, 167, 188, 18, 77,
253, 197, 132, 146, 24, 140, 44, 52, 128, 242, 54, 205, 18, 161, 165, 207, 42, 250, 47, 181, 49, 44, 82, 13, 146, 31, 143, 113, 29, 99, 13, 214, 230, 240, 2, 120, 178, 165, 239, 164,
96, 56, 207, 236, 60, 227, 195, 170, 151, 46, 188, 174, 169, 225, 35, 250, 166, 128, 86, 92, 182, 239, 144, 148, 38, 28, 236, 43, 161, 74, 221, 174, 136, 195, 90, 93, 168, 179, 140, 77,
179, 178, 107, 104, 108, 65, 200, 165, 55, 178, 239, 156, 135, 215, 129, 109, 236, 147, 98, 233, 24, 181, 224, 76, 147, 7, 152, 118, 39, 176, 22, 52, 4, 250, 168, 118, 111, 88, 140, 70,
162, 191, 27, 166, 21, 173, 157, 6, 195, 122, 167, 178, 189, 92, 43, 19, 80, 90, 106, 159, 45, 121, 83, 163, 145, 245, 68, 204, 187, 23, 181, 16, 143, 224, 154, 96, 176, 149, 124, 212,
46, 70, 92, 16, 245, 9, 20, 220, 189, 20, 239, 181, 134, 135, 71, 156, 248, 199, 248, 171, 42, 39, 67, 140, 87, 8, 118, 71, 179, 68, 12, 129, 138, 90, 243, 111, 58, 118, 97, 148,
141, 60, 5, 79, 9, 112, 183, 75, 6, 38, 60, 29, 46, 150, 79, 174, 131, 231, 177, 215, 74, 226, 30, 72, 164, 84, 57, 246, 175, 30, 181, 86, 109, 129, 255, 127, 28, 93, 246, 30,
203, 243, 205, 56, 180, 106, 12, 8, 132, 60, 127, 187, 188, 108, 242, 71, 48, 131, 224, 244, 136, 188, 156, 49, 157, 63, 96, 243, 200, 66, 193, 197, 216, 44, 72, 203, 53, 230, 209, 53,
112, 75, 139, 17, 177, 68, 247, 233, 213, 25, 76, 120, 79, 82, 211, 230, 190, 129, 179, 191, 30, 53, 79, 166, 52, 67, 172, 211, 49, 241, 147, 198, 136, 62, 102, 99, 85, 99, 167, 190,
164, 148, 171, 22, 232, 135, 1, 134, 67, 150, 113, 25, 18, 131, 60, 118, 157, 77, 31, 86, 205, 139, 152, 171, 249, 65, 218, 151, 180, 19, 21, 78, 53, 255, 99, 142, 146, 142, 76, 59,
145, 251, 165, 31, 187, 80, 5, 124, 202, 71, 193, 102, 12, 185, 71, 93, 46, 234, 59, 225, 240, 188, 17, 25, 208, 251, 247, 176, 70, 164, 103, 8, 179, 193, 6, 222, 112, 222, 179, 231,
8, 230, 24, 181, 118, 7, 15, 26, 215, 124, 161, 94, 31, 111, 27, 225, 249, 241, 31, 70, 238, 140, 135, 228, 112, 43, 207, 229, 5, 216, 175, 148, 212, 9, 161, 151, 139, 146, 39, 239,
166, 192, 1, 44, 178, 253, 222, 152, 6, 4, 141, 43, 178, 21, 224, 252, 146, 142, 62, 120, 168, 156, 240, 77, 199, 138, 65, 124, 10, 81, 178, 139, 97, 247, 161, 255, 135, 155, 130, 74,
199, 141, 109, 229, 24, 168, 167, 43, 133, 29, 129, 4, 41, 173, 34, 126, 23, 251, 207, 28, 116, 44, 215, 88, 170, 217, 55, 133, 21, 186, 145, 93, 248, 12, 137, 139, 147, 95, 124, 43,
125, 112, 118, 176, 45, 126, 98, 201, 204, 211, 48, 229, 181, 85, 226, 26, 249, 208, 233, 84, 176, 142, 99, 199, 53, 88, 109, 42, 170, 117, 105, 236, 144, 96, 252, 162, 157, 223, 91, 191,
195, 233, 197, 230, 58, 122, 51, 245, 82, 106, 63, 39, 158, 21, 62, 162, 148, 11, 220, 111, 26, 2, 109, 136, 188, 113, 66, 104, 9, 83, 160, 95, 9, 12, 32, 6, 17, 158, 55, 147,
129, 162, 132, 254, 61, 223, 50, 106, 233, 89, 36, 219, 185, 39, 177, 110, 124, 203, 178, 115, 21, 88, 181, 14, 228, 141, 144, 7, 180, 8, 3, 110, 132, 60, 117, 161, 188, 84, 242, 2,
28, 198, 215, 214, 169, 200, 193, 62, 143, 7, 100, 200, 151, 21, 247, 222, 221, 17, 123, 245, 15, 222, 231, 37, 48, 79, 150, 19, 136, 125, 183, 213, 227, 18, 95, 65, 40, 119, 245, 209,
190, 129, 197, 159, 30, 63, 79, 153, 52, 92, 168, 211, 49, 201, 151, 155, 136, 122, 102, 3, 79, 30, 142, 158, 226, 243, 181, 25, 180, 193, 115, 176, 81, 146, 108, 69, 18, 135, 72, 43,
231, 55, 67, 19, 188, 180, 251, 144, 249, 65, 135, 129, 180, 0, 98, 125, 12, 216, 119, 161, 146, 213, 107, 113, 151, 158, 214, 65, 175, 90, 5, 38, 202, 21, 218, 57, 21, 184, 119, 104,
64, 234, 49, 250, 150, 187, 45, 84, 253, 249, 205, 239, 31, 139, 70, 12, 179, 245, 35, 190, 54, 252, 182, 237, 2, 176, 45, 177, 1, 49, 0, 1, 215, 14, 229, 36, 55, 124, 6, 223,
186, 219, 53, 116, 238, 189, 131, 230, 112, 43, 219, 197, 5, 226, 175, 142, 205, 44, 135, 145, 186, 197, 35, 140, 129, 138, 126, 9, 142, 136, 197, 219, 8, 94, 141, 47, 138, 22, 221, 135,
163, 171, 91, 126, 140, 199, 217, 65, 230, 214, 123, 104, 17, 100, 227, 158, 85, 178, 181, 146, 174, 236, 137, 9, 243, 170, 68, 213, 40, 233, 252, 113, 249, 100, 151, 55, 10, 149, 10, 103,
15, 188, 141, 124, 14, 102, 179, 98, 170, 195, 44, 159, 29, 158, 162, 54, 254, 114, 129, 209, 189, 67, 118, 26, 127, 84, 127, 164, 125, 0, 86, 210, 231, 179, 61, 229, 184, 22, 191, 75,
147, 241, 137, 124, 176, 141, 105, 217, 15, 31, 67, 14, 165, 76, 106, 210, 210, 7, 164, 166, 173, 192, 121, 251, 248, 230, 197, 169, 58, 125, 117, 250, 79, 60, 52, 68, 176, 36, 39, 191,
212, 93, 229, 54, 41, 8, 97, 235, 254, 122, 0, 79, 105, 115, 135, 93, 125, 127, 49, 18, 119, 139, 75, 165, 215, 190, 134, 191, 21, 252, 50, 90, 178, 54, 28, 238, 173, 6, 189, 44,
77, 206, 193, 88, 51, 75, 234, 28, 228, 155, 160, 50, 141, 94, 39, 84, 189, 65, 30, 168, 156, 87, 149, 39, 18, 140, 211, 203, 163, 135, 236, 5, 137, 92, 82, 243, 179, 58, 250, 252,
194, 38, 127, 205, 11, 217, 206, 76, 84, 122, 129, 28, 141, 24, 246, 195, 239, 45, 108, 49, 31, 62, 228, 241, 162, 161, 180, 191, 30, 111, 79, 191, 52, 67, 129, 211, 49, 217, 147, 234,
136, 122, 32, 23, 12, 45, 140, 134, 228, 187, 231, 57, 157, 194, 50, 158, 83, 136, 118, 51, 18, 150, 72, 72, 246, 121, 44, 72, 204, 209, 160, 183, 190, 88, 135, 230, 185, 54, 99, 94,
7, 134, 94, 161, 240, 198, 73, 63, 178, 212, 216, 95, 213, 70, 101, 54, 216, 123, 196, 29, 111, 248, 113, 79, 64, 189, 110, 167, 173, 216, 46, 23, 253, 141, 208, 146, 17, 191, 38, 51,
167, 177, 93, 132, 127, 184, 196, 172, 30, 248, 75, 185, 100, 98, 68, 73, 172, 30, 229, 121, 56, 113, 37, 230, 250, 211, 96, 117, 244, 185, 134, 235, 86, 58, 250, 231, 39, 189, 199, 234,
212, 46, 161, 209, 136, 215, 46, 142, 135, 137, 83, 47, 178, 255, 220, 185, 15, 3, 222, 113, 245, 8, 252, 255, 170, 163, 81, 113, 145, 192, 132, 121, 195, 170, 92, 90, 61, 123, 240, 144,
108, 218, 180, 142, 134, 151, 169, 3, 151, 185, 67, 244, 18, 225, 225, 87, 242, 43, 164, 37, 60, 178, 60, 5, 116, 198, 156, 74, 42, 121, 220, 28, 178, 187, 24, 159, 25, 157, 150, 45,
222, 11, 182, 199, 154, 127, 112, 13, 97, 116, 86, 154, 13, 25, 125, 172, 232, 204, 5, 236, 189, 22, 176, 4, 173, 240, 250, 31, 166, 188, 29, 255, 116, 126, 123, 45, 144, 125, 124, 196,
182, 65, 173, 178, 182, 198, 77, 188, 164, 240, 245, 239, 59, 37, 87, 201, 71, 55, 8, 93, 168, 30, 118, 147, 240, 104, 221, 23, 75, 8, 95, 177, 184, 102, 20, 55, 37, 65, 130, 35,
125, 8, 86, 18, 46, 155, 19, 142, 135, 189, 140, 198, 24, 227, 33, 20, 204, 90, 39, 240, 165, 17, 244, 46, 119, 146, 255, 4, 47, 94, 171, 18, 234, 238, 166, 81, 168, 94, 100, 100,
159, 52, 0, 190, 232, 114, 204, 85, 110, 144, 225, 254, 188, 176, 221, 121, 170, 52, 103, 211, 198, 25, 237, 216, 205, 13, 98, 210, 40, 184, 233, 4, 99, 50, 157, 30, 137, 107, 138, 143,
234, 57, 81, 108, 76, 105, 163, 174, 160, 158, 199, 165, 17, 106, 52, 253, 52, 106, 179, 237, 14, 210, 211, 209, 169, 101, 55, 17, 48, 36, 153, 157, 160, 136, 166, 76, 172, 223, 29, 177,
115, 204, 50, 95, 29, 156, 77, 52, 242, 118, 29, 23, 135, 212, 156, 168, 134, 126, 220, 197, 155, 59, 110, 67, 51, 222, 84, 136, 166, 210, 29, 68, 151, 157, 196, 27, 146, 82, 114, 99,
204, 96, 227, 28, 46, 134, 124, 114, 112, 129, 30, 161, 168, 186, 33, 74, 244, 217, 231, 246, 81, 137, 124, 19, 186, 215, 61, 239, 20, 222, 129, 249, 124, 160, 9, 207, 49, 24, 16, 59,
134, 60, 190, 121, 52, 64, 71, 197, 229, 197, 20, 11, 152, 188, 188, 174, 86, 52, 193, 211, 7, 215, 232, 234, 213, 57, 190, 182, 142, 228, 35, 197, 251, 170, 96, 87, 184, 226, 222, 153,
54, 24, 254, 43, 163, 77, 215, 173, 147, 149, 94, 1, 159, 190, 252, 69, 217, 178, 33, 44, 110, 95, 229, 186, 83, 215, 152, 226, 190, 216, 244, 97, 147, 186, 68, 216, 45, 247, 255, 46,
242, 101, 153, 12, 11, 158, 22, 5, 29, 219, 156, 79, 118, 44, 158, 127, 178, 251, 100, 129, 44, 145, 181, 45, 204, 59, 182, 191, 133, 3, 12, 19, 74, 125, 99, 166, 16, 61, 55, 238,
227, 197, 2, 203, 183, 43, 150, 49, 169, 242, 214, 22, 186, 158, 109, 255, 10, 98, 12, 44, 146, 121, 16, 205, 136, 20, 204, 201, 152, 239, 99, 253, 184, 154, 218, 174, 44, 15, 126, 201,
104, 27, 40, 45, 169, 53, 46, 131, 147, 121, 237, 24, 16, 112, 123, 177, 158, 101, 65, 55, 29, 116, 140, 94, 48, 1, 58, 33, 45, 166, 40, 173, 140, 185, 162, 210, 50, 175, 68, 71,
190, 50, 39, 202, 179, 14, 147, 87, 108, 129, 204, 95, 124, 74, 179, 18, 148, 147, 144, 81, 151, 79, 26, 78, 249, 42, 64, 185, 231, 9, 235, 85, 20, 176, 223, 171, 129, 173, 200, 19,
143, 21, 102, 217, 183, 5, 205, 249, 229, 33, 102, 205, 60, 197, 252, 4, 68, 127, 146, 7, 129, 99, 240, 220, 255, 40, 92, 101, 15, 108, 217, 174, 136, 129, 191, 165, 43, 0, 92, 141,
42, 66, 187, 156, 32, 167, 173, 222, 209, 58, 0, 25, 18, 124, 135, 189, 206, 144, 166, 15, 234, 231, 23, 237, 74, 250, 117, 69, 19, 141, 119, 52, 236, 69, 90, 23, 204, 144, 179, 145,
168, 86, 201, 158, 184, 64, 119, 67, 115, 253, 74, 145, 243, 140, 106, 90, 138, 255, 229, 65, 149, 102, 27, 5, 196, 121, 194, 20, 9, 177, 105, 114, 77, 170, 104, 196, 243, 165, 55, 60,
239, 213, 216, 147, 49, 244, 63, 19, 141, 226, 36, 239, 62, 253, 141, 212, 47, 140, 65, 141, 51, 28, 3, 19, 130, 22, 155, 59, 51, 113, 19, 220, 184, 234, 20, 120, 237, 134, 163, 215,
110, 52, 202, 246, 62, 192, 181, 234, 193, 36, 191, 130, 145, 215, 50, 213, 185, 197, 30, 24, 153, 200, 139, 150, 124, 32, 205, 92, 130, 72, 200, 251, 214, 212, 114, 73, 201, 150, 252, 78,
227, 187, 73, 80, 41, 59, 208, 183, 42, 234, 180, 131, 160, 215, 188, 65, 192, 165, 26, 178, 21, 201, 223, 90, 166, 33, 185, 29, 23, 157, 22, 14, 43, 192, 147, 84, 28, 77, 166, 114,
159, 195, 56, 184, 10, 129, 182, 63, 238, 122, 165, 144, 178, 78, 7, 40, 64, 9, 46, 157, 62, 118, 110, 217, 138, 249, 47, 203, 174, 32, 188, 13, 137, 244, 218, 71, 173, 141, 19, 197,
31, 28, 111, 107, 151, 75, 125, 207, 130, 85, 166, 147, 157, 133, 85, 231, 198, 246, 193, 147, 49, 37, 105, 217, 68, 0, 31, 36, 151, 40, 2, 140, 192, 115, 193, 16, 36, 37, 123, 228,
133, 73, 31, 62, 60, 90, 221, 110, 7, 28, 9, 81, 18, 156, 5, 134, 134, 160, 173, 217, 11, 255, 25, 96, 228, 58, 38, 231, 240, 37, 168, 116, 119, 179, 244, 120, 49, 54, 193, 116,
253, 140, 204, 54, 141, 21, 0, 73, 252, 18, 75, 175, 177, 72, 146, 11, 19, 161, 137, 210, 166, 143, 226, 4, 178, 32, 32, 214, 174, 30, 240, 246, 205, 34, 121, 236, 19, 239, 177, 41,
110, 127, 242, 25, 139, 67, 168, 143, 234, 37, 97, 104, 16, 66, 199, 215, 255, 146, 146, 152, 57, 107, 92, 252, 54, 67, 169, 209, 11, 246, 213, 132, 151, 77, 102, 23, 44, 57, 149, 129,
179, 246, 158, 48, 230, 220, 8, 232, 96, 214, 116, 29, 116, 132, 117, 80, 224, 69, 94, 69, 180, 162, 142, 145, 168, 125, 255, 226, 231, 54, 28, 118, 20, 239, 81, 168, 243, 241, 126, 56,
211, 245, 164, 65, 189, 94, 83, 126, 216, 82, 193, 18, 9, 154, 92, 73, 81, 149, 118, 220, 151, 218, 8, 58, 214, 232, 231, 185, 8, 176, 82, 53, 248, 229, 6, 190, 111, 169, 167, 194,
8, 155, 53, 131, 47, 46, 52, 35, 142, 32, 224, 126, 43, 39, 61, 157, 251, 249, 59, 113, 145, 163, 178, 215, 98, 17, 238, 248, 10, 189, 243, 240, 232, 36, 165, 173, 184, 202, 21, 217,
138, 198, 95, 15, 183, 147, 254, 191, 45, 39, 137, 125, 149, 56, 229, 250, 128, 220, 92, 1, 203, 167, 192, 107, 179, 168, 119, 107, 106, 73, 200, 148, 66, 234, 186, 150, 162, 227, 241, 92,
202, 132, 7, 185, 18, 221, 215, 115, 253, 3, 182, 127, 107, 233, 29, 5, 112, 206, 149, 114, 42, 125, 157, 67, 137, 202, 6, 150, 18, 129, 198, 11, 249, 5, 254, 182, 154, 111, 116, 4,
64, 64, 124, 150, 13, 126, 111, 172, 150, 201, 77, 199, 205, 41, 160, 58, 138, 254, 130, 23, 235, 207, 103, 225, 119, 71, 75, 28, 130, 110, 107, 211, 172, 116, 221, 201, 138, 152, 0, 253,
196, 207, 251, 232, 47, 34, 67, 147, 119, 30, 30, 96, 147, 31, 38, 136, 215, 111, 193, 56, 48, 16, 112, 159, 178, 100, 38, 56, 17, 111, 189, 126, 45, 39, 82, 52, 21, 237, 49, 156,
162, 189, 189, 202, 22, 197, 66, 118, 190, 77, 31, 140, 178, 58, 142, 41, 95, 175, 168, 93, 17, 62, 246, 58, 138, 144, 135, 41, 170, 68, 44, 83, 249, 64, 1, 153, 139, 126, 230, 7,
32, 216, 137, 229, 245, 188, 213, 0, 144, 34, 62, 243, 170, 29, 228, 185, 164, 53, 75, 220, 43, 197, 188, 22, 103, 92, 144, 31, 162, 31, 166, 201, 202, 24, 100, 104, 40, 115, 240, 251,
145, 252, 134, 161, 19, 61, 49, 187, 113, 120, 191, 229, 3, 200, 146, 239, 164, 56, 19, 96, 63, 16, 178, 137, 218, 245, 166, 15, 137, 217, 41, 155, 93, 200, 99, 66, 6, 135, 61, 94,
196, 118, 26, 88, 151, 208, 129, 185, 140, 70, 223, 249, 138, 27, 83, 107, 19, 199, 72, 157, 163, 201, 112, 57, 211, 200, 166, 17, 146, 1, 96, 5, 184, 103, 199, 103, 25, 241, 66, 83,
55, 137, 8, 191, 163, 185, 54, 16, 156, 245, 249, 176, 60, 180, 65, 45, 147, 251, 24, 186, 104, 171, 203, 213, 33, 139, 35, 166, 22, 50, 34, 26, 164, 42, 178, 93, 59, 122, 34, 152,
184, 247, 41, 103, 177, 162, 149, 169, 87, 30, 209, 254, 3, 160, 192, 169, 214, 101, 160, 139, 150, 205, 21, 147, 185, 158, 70, 61, 150, 200, 193, 137, 124, 92, 200, 102, 166, 24, 246, 135,
128, 223, 89, 93, 147, 181, 196, 61, 255, 171, 126, 123, 105, 61, 247, 134, 66, 215, 225, 178, 169, 200, 169, 118, 212, 207, 88, 204, 76, 236, 216, 77, 165, 103, 192, 122, 12, 233, 3, 126,
22, 220, 144, 29, 18, 77, 182, 89, 215, 205, 35, 145, 45, 185, 147, 92, 238, 59, 230, 180, 172, 93, 6, 110, 124, 118, 86, 154, 13, 63, 71, 223, 138, 212, 47, 203, 189, 8, 146, 18,
166, 132, 203, 24, 144, 159, 69, 203, 34, 81, 108, 1, 241, 94, 70, 192, 209, 104, 226, 177, 205, 250, 67, 134, 204, 192, 255, 147, 25, 37, 93, 198, 46, 48, 51, 86, 243, 0, 3, 189,
220, 68, 193, 58, 59, 0, 108, 154, 131, 105, 11, 101, 51, 80, 140, 69, 46, 42, 52, 32, 32, 136, 12, 174, 168, 254, 134, 161, 29, 167, 54, 26, 187, 110, 22, 242, 174, 94, 247, 68,
46, 154, 178, 120, 39, 107, 243, 30, 144, 145, 179, 42, 144, 21, 50, 88, 141, 43, 82, 161, 145, 110, 208, 46, 124, 163, 200, 178, 160, 176, 139, 56, 156, 67, 124, 132, 151, 50, 141, 212,
242, 82, 67, 238, 17, 229, 180, 68, 104, 54, 238, 19, 131, 73, 128, 206, 221, 15, 99, 105, 10, 99, 198, 233, 255, 188, 196, 173, 104, 18, 8, 252, 52, 80, 175, 229, 45, 239, 203, 210,
164, 105, 34, 18, 41, 39, 184, 149, 232, 138, 157, 48, 234, 255, 33, 144, 54, 238, 109, 31, 28, 248, 87, 110, 224, 121, 19, 119, 175, 213, 132, 164, 250, 121, 199, 194, 187, 42, 71, 26,
112, 222, 84, 134, 166, 212, 71, 56, 206, 154, 195, 19, 170, 94, 80, 47, 209, 103, 242, 53, 46, 134, 48, 84, 55, 183, 47, 213, 178, 218, 2, 49, 144, 214, 215, 241, 36, 166, 99, 20,
248, 196, 41, 252, 23, 246, 189, 222, 124, 159, 65, 131, 51, 7, 17, 30, 130, 126, 157, 33, 52, 112, 56, 194, 251, 197, 104, 82, 175, 187, 168, 213, 95, 11, 255, 210, 35, 160, 176, 145,
232, 56, 159, 165, 179, 202, 99, 196, 166, 178, 96, 52, 188, 215, 206, 163, 112, 24, 254, 109, 163, 58, 211, 140, 128, 199, 36, 122, 172, 182, 204, 126, 200, 166, 118, 73, 107, 95, 189, 206,
42, 174, 137, 130, 177, 159, 135, 105, 215, 201, 103, 181, 55, 221, 209, 47, 160, 25, 198, 40, 16, 243, 46, 121, 112, 205, 152, 70, 53, 110, 189, 101, 145, 248, 62, 181, 14, 185, 189, 62,
189, 19, 166, 180, 175, 27, 39, 110, 124, 77, 91, 205, 15, 43, 47, 174, 252, 204, 1, 193, 188, 0, 159, 22, 166, 196, 252, 91, 168, 168, 111, 231, 47, 83, 87, 15, 137, 14, 29, 219,
172, 98, 239, 200, 147, 237, 12, 167, 218, 229, 160, 148, 59, 122, 79, 196, 119, 44, 20, 69, 150, 28, 13, 158, 239, 109, 216, 24, 16, 112, 80, 236, 248, 99, 62, 63, 50, 90, 203, 35,
63, 37, 9, 17, 3, 174, 18, 217, 220, 251, 152, 164, 70, 197, 59, 65, 220, 54, 30, 212, 171, 95, 247, 75, 119, 170, 168, 31, 107, 36, 195, 110, 246, 173, 156, 16, 164, 105, 50, 69,
159, 55, 124, 182, 239, 110, 221, 45, 54, 221, 206, 206, 174, 136, 230, 47, 129, 33, 115, 227, 183, 30, 243, 185, 178, 51, 62, 252, 28, 231, 194, 16, 79, 46, 155, 109, 183, 24, 175, 240,
213, 55, 92, 75, 20, 84, 242, 203, 152, 144, 198, 167, 27, 23, 29, 187, 113, 125, 168, 220, 0, 248, 166, 239, 221, 89, 96, 30, 54, 16, 130, 164, 206, 135, 225, 41, 172, 219, 23, 243,
115, 238, 97, 3, 50, 168, 105, 110, 204, 105, 18, 85, 135, 208, 144, 164, 134, 0, 251, 229, 157, 54, 16, 75, 42, 211, 10, 157, 241, 229, 82, 111, 139, 207, 242, 57, 183, 97, 83, 33,
238, 90, 212, 12, 116, 135, 112, 15, 81, 235, 50, 163, 144, 169, 111, 74, 147, 217, 221, 241, 76, 183, 39, 8, 248, 161, 72, 237, 56, 169, 174, 246, 118, 167, 17, 173, 62, 60, 35, 90,
135, 34, 135, 91, 14, 122, 46, 197, 206, 197, 52, 86, 142, 141, 139, 248, 87, 0, 192, 245, 62, 246, 205, 182, 253, 48, 183, 208, 168, 225, 14, 197, 251, 181, 9, 47, 167, 215, 235, 155,
124, 48, 246, 96, 181, 18, 214, 253, 147, 153, 115, 93, 170, 154, 254, 121, 206, 208, 35, 110, 44, 126, 225, 186, 52, 171, 225, 255, 188, 235, 161, 80, 144, 157, 68, 246, 78, 213, 236, 87,
185, 101, 179, 120, 40, 177, 7, 37, 34, 219, 151, 86, 61, 47, 176, 101, 144, 212, 24, 170, 73, 165, 177, 2, 253, 122, 185, 207, 233, 127, 19, 9, 64, 119, 126, 155, 115, 8, 48, 195,
204, 205, 39, 143, 181, 42, 163, 58, 152, 233, 244, 98, 240, 175, 70, 195, 15, 111, 93, 29, 146, 71, 79, 194, 191, 94, 217, 148, 207, 248, 124, 231, 228, 199, 164, 148, 105, 127, 94, 137,
86, 56, 13, 85, 252, 40, 117, 136, 150, 10, 221, 57, 36, 117, 121, 236, 147, 73, 69, 125, 13, 115, 136, 70, 35, 24, 8, 32, 107, 232, 28, 174, 175, 184, 176, 243, 58, 240, 0, 97,
233, 70, 126, 205, 150, 50, 129, 83, 86, 172, 234, 0, 40, 97, 246, 18, 144, 180, 176, 75, 175, 106, 49, 100, 159, 48, 119, 191, 141, 110, 199, 13, 117, 165, 204, 254, 175, 140, 207, 31,
214, 0, 126, 245, 143, 70, 155, 185, 239, 52, 100, 173, 110, 218, 224, 10, 100, 73, 182, 55, 129, 24, 160, 210, 227, 6, 81, 78, 16, 66, 222, 168, 153, 129, 180, 225, 57, 106, 23, 253,
112, 76, 207, 149, 55, 239, 156, 252, 166, 78, 36, 123, 19, 13, 173, 219, 179, 142, 188, 81, 137, 197, 10, 150, 96, 254, 108, 2, 116, 174, 51, 42, 223, 102, 90, 86, 151, 191, 162, 134,
250, 97, 200, 205, 152, 12, 106, 111, 33, 255, 18, 247, 138, 251, 115, 69, 220, 207, 172, 30, 157, 93, 6, 39, 209, 90, 216, 8, 24, 140, 108, 78, 55, 128, 40, 220, 151, 157, 55, 40,
192, 221, 133, 143, 20, 131, 117, 56, 132, 160, 19, 237, 111, 169, 215, 251, 44, 129, 43, 212, 3, 46, 38, 50, 142, 57, 158, 118, 59, 113, 45, 230, 198, 218, 63, 117, 135, 137, 252, 174,
53, 13, 215, 217, 62, 222, 203, 172, 145, 40, 179, 139, 148, 208, 46, 242, 138, 154, 91, 90, 168, 139, 252, 163, 16, 33, 201, 113, 129, 6, 214, 250, 150, 153, 84, 122, 176, 141, 193, 35,
224, 130, 38, 106, 53, 95, 188, 139, 53, 212, 186, 229, 163, 200, 170, 13, 198, 134, 111, 249, 53, 246, 252, 46, 250, 56, 194, 15, 57, 243, 84, 121, 17, 216, 144, 109, 42, 73, 190, 94,
159, 253, 39, 226, 18, 166, 187, 2, 249, 5, 254, 144, 144, 26, 51, 19, 93, 10, 99, 181, 112, 100, 76, 180, 210, 234, 71, 203, 186, 0, 144, 37, 160, 128, 246, 75, 240, 159, 66, 157,
119, 71, 104, 40, 246, 81, 19, 185, 142, 102, 231, 148, 187, 230, 96, 188, 250, 235, 248, 172, 45, 62, 43, 215, 70, 15, 42, 115, 128, 37, 11, 129, 215, 95, 194, 49, 56, 112, 94, 144,
248, 95, 90, 56, 43, 96, 180, 73, 50, 124, 15, 92, 11, 133, 49, 134, 134, 168, 162, 252, 10, 227, 23, 126, 206, 111, 37, 231, 149, 95, 144, 68, 79, 191, 168, 101, 51, 102, 231, 52,
247, 235, 164, 54, 148, 79, 21, 101, 177, 10, 9, 220, 171, 110, 230, 46, 18, 141, 246, 233, 142, 158, 194, 121, 157, 15, 79, 245, 204, 61, 245, 194, 249, 6, 75, 245, 39, 206, 242, 16,
86, 67, 156, 58, 175, 118, 139, 205, 232, 25, 91, 75, 28, 87, 213, 205, 168, 156, 134, 161, 13, 60, 13, 184, 125, 107, 129, 220, 8, 221, 137, 209, 136, 103, 96, 51, 61, 36, 182, 186,
190, 150, 165, 4, 149, 249, 111, 150, 96, 225, 117, 69, 124, 251, 124, 114, 149, 120, 19, 88, 199, 208, 166, 185, 251, 11, 213, 236, 143, 19, 85, 95, 117, 241, 116, 174, 240, 148, 108, 120,
175, 249, 226, 59, 167, 114, 98, 117, 220, 103, 248, 117, 109, 251, 84, 114, 75, 238, 10, 209, 162, 190, 60, 16, 202, 136, 133, 179, 81, 180, 108, 115, 142, 208, 37, 237, 104, 246, 190, 213,
0, 179, 43, 131, 43, 111, 22, 30, 183, 33, 146, 65, 7, 64, 36, 194, 243, 229, 7, 87, 244, 209, 145, 229, 95, 1, 235, 208, 45, 254, 211, 136, 253, 25, 144, 169, 136, 136, 96, 205,
137, 152, 30, 87, 180, 218, 242, 153, 110, 44, 222, 117, 137, 59, 209, 228, 176, 157, 81, 121, 178, 190, 230, 97, 231, 168, 96, 104, 61, 71, 200, 183, 83, 236, 172, 191, 240, 201, 177, 84,
214, 152, 69, 244, 11, 196, 215, 107, 187, 17, 160, 24, 56, 189, 20, 125, 116, 250, 179, 79, 117, 104, 160, 88, 144, 194, 13, 128, 29, 238, 150, 85, 248, 55, 137, 132, 148, 31, 60, 107,
74, 12, 110, 173, 117, 96, 116, 250, 233, 222, 90, 200, 207, 81, 156, 26, 165, 210, 136, 101, 170, 187, 94, 229, 8, 69, 87, 2, 174, 11, 80, 252, 166, 75, 173, 198, 170, 193, 122, 133,
178, 235, 244, 151, 7, 4, 77, 205, 71, 111, 96, 45, 143, 13, 38, 142, 211, 101, 210, 49, 7, 62, 95, 243, 158, 123, 58, 71, 55, 81, 131, 97, 12, 37, 8, 18, 53, 183, 2, 160,
179, 148, 133, 251, 63, 241, 63, 67, 204, 111, 33, 202, 168, 47, 252, 107, 117, 205, 232, 98, 41, 106, 171, 106, 207, 141, 188, 12, 183, 86, 60, 119, 167, 5, 96, 134, 236, 126, 150, 46,
44, 175, 219, 180, 138, 204, 234, 56, 215, 33, 112, 211, 188, 30, 229, 194, 242, 12, 100, 173, 53, 235, 180, 56, 68, 84, 174, 98, 146, 120, 178, 222, 224, 73, 80, 120, 49, 99, 164, 229,
152, 158, 200, 248, 42, 33, 7, 154, 28, 69, 168, 220, 124, 240, 168, 206, 213, 74, 38, 97, 73, 16, 130, 157, 160, 136, 185, 76, 234, 230, 13, 247, 84, 223, 94, 53, 12, 141, 48, 86,
245, 77, 19, 119, 175, 213, 132, 164, 250, 5, 253, 236, 183, 31, 119, 110, 112, 240, 97, 247, 163, 215, 72, 90, 139, 250, 164, 68, 170, 6, 125, 7, 251, 20, 253, 28, 46, 189, 87, 69,
105, 168, 114, 220, 241, 156, 114, 42, 209, 233, 193, 173, 51, 132, 114, 40, 132, 196, 5, 237, 42, 246, 138, 239, 44, 143, 8, 131, 115, 46, 83, 30, 206, 103, 187, 70, 72, 122, 0, 222,
186, 172, 0, 106, 173, 139, 190, 218, 104, 10, 170, 198, 39, 194, 177, 141, 203, 56, 163, 144, 200, 233, 33, 242, 243, 199, 95, 61, 235, 238, 207, 191, 45, 91, 212, 43, 158, 9, 151, 152,
189, 154, 121, 1, 183, 167, 198, 124, 224, 172, 97, 43, 9, 75, 204, 183, 42, 238, 239, 237, 147, 194, 162, 88, 202, 177, 93, 246, 55, 172, 161, 83, 160, 25, 198, 40, 39, 158, 15, 5,
60, 197, 147, 21, 55, 105, 210, 79, 176, 248, 39, 168, 55, 252, 144, 90, 178, 32, 182, 198, 146, 112, 40, 25, 74, 119, 114, 151, 44, 25, 119, 238, 214, 221, 90, 205, 153, 95, 174, 51,
130, 212, 215, 99, 181, 158, 65, 197, 52, 72, 111, 107, 141, 93, 125, 236, 209, 98, 164, 147, 149, 242, 12, 252, 248, 233, 219, 151, 10, 99, 85, 228, 53, 24, 41, 32, 171, 31, 60, 129,
243, 10, 251, 9, 23, 42, 109, 144, 174, 99, 35, 111, 12, 72, 139, 124, 61, 61, 9, 81, 42, 152, 92, 134, 134, 135, 162, 252, 31, 167, 13, 77, 238, 54, 62, 141, 151, 28, 137, 68,
46, 201, 243, 31, 7, 102, 188, 2, 213, 165, 144, 11, 164, 105, 59, 107, 159, 21, 83, 156, 140, 93, 208, 3, 18, 162, 129, 171, 181, 168, 253, 35, 215, 3, 102, 200, 147, 34, 140, 212,
186, 15, 118, 238, 54, 221, 206, 77, 103, 120, 237, 123, 149, 31, 182, 252, 213, 6, 94, 84, 48, 76, 243, 233, 242, 235, 182, 246, 40, 0, 42, 253, 110, 104, 175, 212, 21, 168, 189, 158,
166, 124, 47, 3, 42, 110, 135, 150, 238, 247, 156, 17, 142, 154, 42, 187, 67, 238, 112, 68, 29, 141, 72, 84, 206, 127, 39, 18, 148, 176, 154, 185, 228, 66, 247, 248, 239, 30, 119, 107,
117, 196, 126, 136, 181, 229, 23, 120, 175, 214, 243, 49, 152, 125, 108, 40, 190, 110, 240, 12, 111, 190, 99, 114, 112, 234, 19, 226, 128, 157, 44, 28, 243, 237, 196, 178, 46, 244, 91, 20,
175, 217, 55, 221, 103, 171, 129, 194, 112, 240, 9, 203, 0, 17, 6, 17, 136, 37, 150, 66, 81, 32, 71, 200, 211, 198, 96, 117, 169, 217, 135, 174, 53, 54, 245, 223, 19, 189, 204, 172,
252, 52, 164, 152, 199, 149, 26, 198, 243, 198, 2, 41, 155, 137, 224, 141, 113, 2, 206, 117, 130, 11, 146, 243, 156, 168, 115, 64, 138, 159, 242, 86, 252, 134, 119, 106, 39, 94, 237, 140,
42, 214, 170, 130, 143, 252, 142, 120, 253, 165, 76, 234, 45, 234, 240, 122, 224, 54, 192, 122, 40, 178, 33, 99, 106, 185, 188, 99, 28, 107, 208, 72, 147, 181, 51, 129, 18, 190, 158, 11,
190, 41, 225, 168, 133, 78, 50, 53, 93, 119, 111, 204, 62, 63, 48, 233, 236, 245, 45, 236, 174, 40, 163, 9, 169, 246, 248, 101, 185, 149, 11, 154, 39, 16, 114, 29, 146, 69, 69, 189,
130, 85, 248, 166, 189, 239, 88, 253, 204, 154, 199, 136, 49, 26, 119, 137, 72, 33, 108, 71, 135, 32, 1, 137, 150, 5, 249, 24, 40, 52, 101, 177, 141, 106, 26, 63, 111, 44, 156, 61,
7, 17, 61, 93, 7, 165, 5, 184, 212, 164, 177, 242, 58, 197, 58, 20, 221, 50, 30, 230, 235, 94, 245, 111, 52, 207, 182, 98, 60, 94, 209, 18, 227, 168, 192, 58, 146, 30, 46, 83,
249, 42, 98, 168, 150, 110, 193, 11, 55, 161, 150, 204, 173, 184, 247, 19, 160, 40, 112, 210, 203, 70, 230, 213, 239, 25, 67, 174, 56, 204, 189, 9, 68, 33, 177, 22, 156, 85, 161, 240,
221, 11, 99, 105, 36, 82, 236, 239, 168, 187, 157, 248, 57, 0, 9, 161, 60, 92, 179, 231, 17, 180, 128, 239, 136, 56, 102, 31, 50, 120, 177, 132, 179, 142, 188, 81, 178, 248, 44, 159,
96, 254, 123, 69, 8, 251, 108, 86, 238, 119, 39, 100, 142, 151, 227, 143, 134, 125, 227, 151, 238, 47, 104, 126, 51, 218, 84, 136, 246, 212, 66, 108, 211, 248, 255, 91, 189, 94, 68, 5,
186, 108, 244, 48, 49, 174, 86, 114, 75, 180, 20, 219, 169, 185, 119, 16, 242, 221, 141, 178, 59, 158, 113, 31, 179, 198, 43, 203, 52, 205, 148, 185, 113, 253, 27, 163, 41, 38, 28, 94,
172, 0, 158, 119, 75, 98, 64, 202, 198, 211, 41, 110, 135, 131, 169, 222, 71, 31, 237, 226, 46, 253, 240, 163, 145, 40, 179, 207, 184, 192, 61, 215, 243, 202, 121, 5, 232, 200, 221, 157,
51, 5, 206, 115, 246, 50, 199, 140, 173, 174, 109, 72, 136, 144, 132, 126, 224, 161, 118, 41, 106, 73, 202, 168, 95, 233, 237, 130, 133, 227, 151, 93, 239, 180, 67, 203, 42, 232, 237, 46,
169, 7, 222, 2, 12, 158, 6, 126, 17, 216, 192, 72, 13, 110, 134, 110, 177, 238, 39, 136, 77, 145, 133, 13, 233, 5, 233, 142, 144, 26, 51, 19, 115, 91, 76, 132, 23, 118, 101, 238,
214, 202, 5, 144, 138, 12, 147, 77, 169, 221, 214, 125, 152, 153, 22, 217, 61, 90, 111, 45, 130, 117, 85, 190, 172, 78, 198, 178, 201, 250, 76, 134, 205, 240, 227, 239, 116, 56, 108, 223,
53, 55, 41, 127, 177, 28, 53, 206, 195, 80, 215, 23, 26, 16, 120, 228, 154, 81, 23, 37, 11, 98, 189, 101, 49, 24, 43, 1, 2, 244, 37, 186, 175, 174, 153, 212, 9, 227, 6, 110,
190, 111, 9, 141, 178, 95, 241, 46, 100, 168, 247, 119, 12, 101, 231, 107, 232, 228, 180, 13, 166, 16, 58, 121, 249, 29, 71, 175, 234, 110, 205, 33, 32, 163, 245, 215, 235, 138, 147, 3,
160, 92, 120, 197, 184, 66, 130, 253, 186, 59, 67, 242, 104, 249, 179, 58, 68, 94, 232, 96, 137, 24, 139, 247, 233, 41, 95, 100, 28, 87, 213, 205, 168, 156, 134, 161, 13, 60, 10, 134,
115, 122, 200, 148, 114, 234, 140, 207, 183, 111, 47, 62, 19, 39, 181, 159, 248, 146, 185, 53, 149, 154, 111, 232, 55, 207, 44, 34, 38, 174, 118, 47, 196, 108, 26, 84, 185, 157, 186, 175,
168, 95, 201, 204, 155, 42, 81, 65, 124, 152, 74, 157, 182, 238, 98, 90, 211, 149, 227, 49, 134, 102, 13, 5, 190, 103, 240, 18, 14, 254, 78, 95, 105, 174, 35, 197, 171, 183, 15, 28,
215, 232, 221, 174, 79, 174, 119, 8, 248, 171, 24, 186, 20, 222, 146, 251, 10, 144, 9, 220, 47, 103, 28, 28, 132, 116, 230, 87, 26, 122, 50, 194, 197, 183, 2, 91, 177, 222, 157, 213,
95, 26, 250, 208, 7, 194, 180, 136, 212, 26, 148, 170, 141, 225, 48, 197, 166, 178, 94, 15, 173, 139, 239, 213, 106, 12, 247, 80, 170, 23, 209, 166, 189, 161, 115, 64, 159, 141, 227, 69,
255, 212, 82, 72, 12, 97, 222, 145, 102, 210, 174, 184, 175, 253, 171, 3, 192, 185, 67, 200, 11, 191, 195, 106, 185, 18, 192, 4, 62, 157, 3, 126, 22, 220, 192, 72, 23, 75, 163, 124,
210, 249, 55, 226, 19, 165, 195, 57, 211, 40, 225, 168, 181, 93, 47, 8, 112, 72, 108, 166, 5, 126, 71, 172, 243, 253, 29, 242, 159, 8, 146, 6, 152, 228, 208, 92, 139, 175, 79, 152,
44, 72, 85, 1, 247, 94, 115, 249, 130, 111, 226, 179, 132, 133, 64, 187, 191, 215, 192, 166, 27, 124, 66, 248, 68, 104, 28, 115, 243, 64, 115, 184, 150, 95, 241, 52, 15, 49, 119, 237,
254, 36, 68, 33, 20, 121, 144, 69, 117, 62, 30, 86, 32, 232, 12, 156, 206, 255, 148, 164, 21, 244, 37, 95, 187, 84, 28, 140, 136, 90, 176, 85, 87, 171, 171, 94, 13, 62, 183, 48,
150, 175, 172, 6, 183, 30, 35, 83, 131, 43, 122, 187, 153, 75, 231, 61, 117, 184, 205, 233, 189, 184, 232, 63, 170, 95, 69, 132, 153, 30, 255, 199, 184, 54, 92, 217, 108, 252, 200, 37,
110, 65, 157, 7, 245, 27, 180, 130, 224, 58, 100, 104, 15, 110, 246, 250, 172, 225, 185, 157, 39, 33, 80, 161, 49, 93, 187, 143, 45, 240, 149, 156, 221, 102, 50, 51, 11, 16, 141, 154,
221, 151, 159, 63, 186, 255, 40, 150, 93, 250, 110, 34, 51, 169, 110, 73, 209, 121, 57, 89, 148, 189, 132, 164, 145, 105, 253, 200, 232, 43, 110, 111, 29, 231, 72, 168, 175, 215, 101, 57,
139, 194, 223, 65, 135, 28, 117, 121, 216, 75, 219, 61, 46, 189, 79, 79, 112, 235, 1, 196, 143, 214, 54, 66, 214, 250, 194, 244, 40, 179, 124, 11, 141, 228, 19, 224, 42, 174, 128, 253,
31, 156, 15, 207, 40, 47, 54, 94, 131, 1, 134, 67, 28, 47, 3, 255, 229, 210, 63, 120, 238, 220, 144, 235, 70, 22, 161, 130, 23, 249, 232, 146, 156, 26, 144, 169, 145, 235, 6, 205,
137, 160, 8, 87, 188, 218, 214, 153, 51, 92, 222, 117, 235, 58, 213, 186, 173, 159, 94, 99, 191, 207, 204, 72, 204, 154, 118, 121, 110, 76, 254, 171, 42, 225, 161, 161, 156, 238, 239, 125,
147, 143, 7, 177, 12, 177, 245, 115, 170, 30, 169, 57, 39, 171, 30, 40, 28, 232, 169, 64, 113, 89, 135, 27, 137, 251, 63, 181, 19, 150, 131, 36, 241, 8, 182, 199, 238, 74, 47, 25,
80, 109, 114, 177, 53, 33, 55, 169, 207, 240, 3, 139, 173, 1, 224, 73, 173, 131, 129, 125, 174, 192, 92, 255, 3, 81, 87, 2, 173, 105, 108, 252, 166, 74, 254, 198, 183, 193, 99, 133,
239, 201, 244, 151, 41, 103, 48, 205, 71, 50, 118, 45, 175, 13, 18, 142, 142, 121, 210, 49, 51, 3, 97, 243, 158, 98, 53, 71, 19, 81, 182, 97, 41, 2, 8, 18, 38, 144, 40, 160,
179, 185, 160, 251, 74, 241, 1, 67, 248, 48, 60, 242, 237, 88, 136, 120, 119, 170, 247, 2, 47, 107, 245, 54, 202, 173, 164, 54, 207, 99, 100, 72, 156, 67, 94, 191, 231, 86, 227, 7,
29, 187, 225, 254, 143, 183, 244, 63, 160, 54, 34, 242, 147, 33, 159, 200, 186, 40, 103, 210, 52, 234, 204, 16, 53, 127, 232, 123, 139, 72, 167, 242, 199, 37, 12, 89, 75, 108, 243, 237,
168, 151, 134, 250, 40, 106, 86, 253, 53, 101, 178, 214, 119, 220, 156, 220, 209, 90, 4, 25, 39, 1, 204, 129, 227, 141, 225, 38, 174, 199, 117, 236, 96, 204, 88, 91, 12, 156, 99, 52,
226, 94, 26, 120, 154, 147, 165, 173, 145, 10, 250, 226, 185, 21, 102, 118, 19, 240, 107, 158, 148, 221, 66, 79, 175, 192, 226, 22, 152, 114, 82, 60, 184, 90, 199, 103, 18, 167, 73, 84,
77, 235, 104, 192, 147, 134, 111, 13, 149, 147, 192, 186, 6, 180, 96, 20, 178, 222, 55, 252, 12, 241, 173, 233, 60, 140, 54, 178, 10, 6, 21, 32, 164, 11, 226, 70, 79, 91, 28, 197,
184, 197, 27, 110, 144, 217, 166, 175, 49, 52, 245, 218, 49, 215, 229, 182, 150, 38, 158, 209, 199, 200, 123, 235, 153, 202, 69, 44, 232, 255, 246, 137, 15, 19, 142, 76, 243, 30, 226, 186,
173, 164, 98, 113, 138, 167, 242, 124, 243, 137, 97, 85, 104, 123, 208, 183, 42, 232, 157, 166, 243, 159, 140, 13, 193, 200, 120, 217, 44, 213, 241, 77, 165, 33, 167, 7, 55, 151, 53, 62,
39, 190, 169, 29, 53, 91, 181, 101, 181, 167, 32, 226, 39, 190, 161, 71, 218, 118, 182, 206, 189, 102, 8, 24, 74, 125, 33, 151, 60, 57, 80, 180, 230, 239, 71, 194, 134, 85, 162, 6,
166, 195, 225, 94, 178, 158, 67, 255, 8, 108, 15, 20, 180, 84, 111, 192, 134, 85, 243, 159, 159, 206, 5, 188, 209, 246, 255, 136, 18, 27, 115, 143, 53, 50, 35, 127, 163, 68, 47, 138,
227, 109, 197, 40, 17, 116, 36, 178, 189, 106, 34, 99, 62, 75, 172, 70, 35, 15, 61, 32, 18, 190, 10, 134, 134, 160, 175, 252, 46, 167, 71, 77, 249, 70, 62, 141, 157, 10, 148, 77,
107, 157, 178, 125, 33, 101, 198, 54, 212, 139, 191, 54, 136, 69, 63, 101, 131, 31, 123, 153, 185, 125, 206, 54, 115, 176, 219, 234, 180, 150, 240, 3, 160, 84, 70, 211, 138, 66, 159, 248,
196, 42, 34, 210, 62, 204, 252, 56, 68, 90, 170, 39, 247, 66, 245, 249, 253, 44, 112, 121, 28, 105, 160, 215, 160, 187, 157, 225, 57, 107, 54, 165, 29, 109, 129, 149, 21, 239, 141, 216,
151, 121, 24, 1, 16, 1, 154, 164, 193, 133, 158, 48, 173, 251, 30, 134, 55, 254, 46, 34, 112, 142, 73, 52, 210, 44, 12, 100, 142, 160, 227, 152, 145, 91, 220, 201, 147, 72, 126, 31,
49, 238, 126, 136, 246, 210, 80, 83, 175, 248, 212, 49, 191, 120, 69, 60, 164, 110, 244, 53, 5, 134, 67, 69, 81, 172, 107, 241, 239, 185, 51, 54, 224, 223, 141, 182, 15, 161, 126, 4,
142, 241, 8, 183, 62, 241, 163, 246, 124, 136, 35, 212, 111, 5, 50, 30, 183, 45, 236, 101, 11, 118, 36, 231, 164, 232, 0, 86, 166, 144, 169, 215, 71, 18, 170, 215, 15, 229, 199, 235,
226, 15, 191, 169, 154, 202, 18, 200, 243, 151, 121, 5, 139, 247, 151, 130, 33, 34, 235, 71, 181, 29, 238, 157, 137, 187, 87, 64, 174, 182, 140, 86, 200, 168, 119, 71, 59, 124, 202, 170,
52, 233, 232, 150, 252, 159, 240, 105, 147, 180, 88, 179, 39, 181, 211, 88, 224, 56, 198, 41, 45, 225, 18, 14, 29, 198, 168, 109, 13, 38, 147, 68, 215, 212, 6, 149, 11, 134, 156, 7,
228, 21, 225, 170, 154, 111, 11, 38, 65, 74, 125, 151, 7, 33, 50, 208, 192, 201, 57, 203, 186, 53, 251, 16, 224, 195, 154, 124, 175, 176, 66, 194, 20, 70, 115, 29, 139, 85, 66, 197,
209, 93, 197, 188, 150, 221, 95, 252, 248, 200, 245, 239, 54, 18, 113, 201, 76, 28, 47, 87, 168, 92, 107, 147, 213, 8, 135, 43, 59, 112, 119, 228, 249, 68, 25, 121, 7, 47, 183, 121,
0, 124, 10, 81, 46, 244, 30, 145, 202, 189, 250, 220, 22, 197, 24, 120, 220, 81, 6, 141, 185, 80, 168, 90, 52, 207, 207, 120, 12, 124, 232, 104, 195, 144, 144, 50, 143, 99, 0, 116,
143, 5, 118, 148, 136, 14, 236, 46, 32, 131, 219, 246, 135, 189, 215, 57, 176, 4, 90, 159, 146, 78, 223, 249, 204, 82, 62, 215, 39, 208, 183, 59, 53, 50, 236, 24, 162, 127, 177, 240,
206, 22, 89, 72, 81, 125, 253, 175, 172, 160, 198, 153, 102, 105, 93, 253, 124, 88, 200, 233, 42, 205, 151, 209, 136, 109, 97, 18, 36, 61, 192, 213, 222, 146, 250, 11, 176, 222, 52, 150,
93, 207, 64, 2, 38, 139, 65, 52, 198, 41, 5, 112, 140, 147, 133, 164, 140, 119, 212, 159, 236, 44, 23, 64, 31, 156, 79, 148, 151, 144, 16, 114, 212, 154, 186, 61, 134, 102, 97, 31,
218, 119, 216, 9, 51, 157, 126, 83, 50, 238, 53, 226, 163, 185, 45, 58, 199, 232, 196, 178, 28, 183, 65, 106, 142, 215, 55, 205, 17, 206, 207, 253, 47, 153, 35, 134, 34, 56, 28, 30,
164, 15, 189, 121, 15, 113, 61, 157, 225, 224, 20, 107, 189, 162, 141, 215, 49, 65, 245, 221, 35, 249, 195, 234, 144, 101, 191, 129, 175, 215, 46, 142, 153, 199, 2, 95, 184, 151, 241, 217,
44, 12, 204, 113, 158, 25, 201, 172, 180, 142, 37, 114, 153, 195, 132, 35, 243, 170, 93, 90, 9, 77, 222, 175, 102, 210, 177, 150, 165, 225, 137, 120, 253, 150, 68, 181, 73, 243, 237, 51,
145, 103, 197, 7, 60, 137, 20, 5, 115, 187, 169, 110, 107, 120, 207, 94, 210, 180, 122, 251, 19, 129, 155, 53, 211, 34, 161, 180, 154, 31, 112, 13, 124, 72, 46, 192, 14, 38, 113, 227,
226, 230, 29, 248, 189, 5, 225, 13, 251, 131, 203, 24, 138, 159, 69, 217, 46, 78, 111, 45, 144, 115, 75, 211, 130, 96, 226, 179, 139, 196, 31, 152, 189, 200, 248, 172, 44, 37, 104, 137,
46, 104, 0, 87, 176, 31, 115, 130, 192, 117, 154, 56, 47, 117, 93, 247, 142, 114, 32, 118, 41, 127, 137, 121, 6, 40, 10, 83, 113, 185, 83, 160, 202, 131, 173, 246, 25, 250, 26, 66,
191, 98, 51, 199, 148, 25, 150, 46, 103, 149, 233, 102, 6, 74, 235, 43, 151, 145, 156, 81, 180, 118, 14, 69, 177, 65, 80, 191, 151, 125, 235, 90, 42, 175, 235, 181, 189, 178, 148, 1,
160, 95, 32, 136, 147, 24, 252, 163, 252, 21, 73, 173, 27, 184, 230, 8, 76, 123, 233, 61, 170, 73, 181, 144, 211, 22, 112, 121, 76, 54, 251, 216, 145, 134, 146, 170, 26, 9, 48, 139,
20, 101, 160, 148, 52, 239, 147, 218, 183, 53, 36, 23, 22, 15, 135, 164, 193, 139, 167, 11, 169, 235, 5, 187, 84, 235, 67, 69, 19, 150, 126, 34, 221, 90, 66, 21, 177, 161, 225, 134,
134, 107, 252, 154, 155, 64, 78, 20, 119, 240, 107, 178, 175, 241, 110, 50, 206, 154, 195, 22, 150, 113, 114, 46, 209, 86, 244, 56, 16, 160, 104, 78, 55, 236, 47, 213, 241, 157, 12, 24,
253, 204, 215, 241, 72, 175, 59, 19, 141, 251, 62, 229, 8, 253, 143, 248, 116, 140, 12, 168, 115, 38, 40, 38, 135, 125, 156, 91, 24, 39, 91, 154, 226, 172, 61, 70, 240, 144, 133, 196,
49, 35, 215, 130, 7, 215, 239, 182, 138, 26, 135, 161, 178, 221, 100, 147, 185, 158, 0, 45, 140, 139, 236, 223, 32, 70, 253, 125, 245, 29, 246, 166, 176, 159, 84, 27, 172, 167, 229, 62,
234, 135, 118, 106, 18, 88, 234, 175, 102, 245, 163, 184, 177, 219, 247, 90, 204, 152, 93, 177, 55, 221, 220, 75, 250, 58, 163, 37, 104, 237, 53, 33, 3, 238, 172, 115, 40, 74, 158, 68,
146, 249, 19, 224, 16, 164, 154, 61, 160, 59, 166, 180, 177, 89, 62, 11, 67, 14, 107, 154, 51, 121, 55, 234, 212, 200, 3, 139, 173, 1, 224, 73, 173, 131, 129, 125, 174, 192, 92, 255,
3, 81, 87, 2, 173, 105, 108, 252, 166, 74, 254, 198, 183, 193, 99, 133, 239, 201, 244, 151, 41, 103, 48, 205, 71, 50, 118, 45, 175, 13, 18, 142, 142, 121, 210, 49, 51, 3, 97, 243,
158, 98, 53, 71, 19, 81, 182, 97, 41, 2, 8, 18, 34, 182, 92, 184, 140, 136, 160, 198, 36, 196, 0, 91, 192, 108, 98, 141, 148, 29, 171, 46, 104, 201, 207, 109, 3, 72, 236, 62,
255, 165, 150, 54, 172, 115, 50, 111, 186, 35, 107, 133, 184, 19, 195, 59, 41, 165, 253, 225, 189, 168, 200, 50, 143, 28, 39, 211, 170, 32, 130, 225, 186, 40, 119, 236, 107, 231, 213, 22,
103, 73, 144, 31, 189, 108, 190, 210, 203, 40, 91, 70, 20, 51, 224, 235, 136, 180, 201, 248, 11, 46, 42, 133, 124, 65, 156, 237, 28, 211, 173, 218, 167, 58, 108, 105, 53, 53, 150, 153,
253, 154, 182, 15, 166, 209, 15, 243, 80, 209, 82, 61, 44, 134, 99, 118, 236, 112, 4, 86, 143, 143, 178, 183, 157, 107, 225, 197, 158, 30, 111, 67, 2, 197, 73, 176, 179, 248, 28, 124,
149, 152, 228, 38, 147, 82, 27, 125, 223, 81, 168, 50, 116, 185, 74, 116, 77, 129, 8, 219, 243, 129, 118, 74, 215, 250, 231, 176, 77, 180, 121, 19, 141, 161, 36, 182, 50, 253, 142, 249,
32, 140, 0, 131, 15, 39, 35, 90, 135, 34, 178, 36, 81, 32, 4, 149, 206, 198, 53, 106, 237, 134, 243, 174, 49, 27, 216, 215, 115, 188, 178, 237, 212, 23, 191, 179, 180, 234, 35, 137,
173, 180, 1, 63, 153, 238, 254, 132, 53, 32, 200, 64, 246, 8, 247, 136, 156, 132, 79, 1, 186, 195, 204, 70, 192, 169, 92, 39, 42, 98, 239, 175, 52, 232, 160, 182, 172, 253, 157, 3,
192, 172, 67, 244, 55, 213, 255, 68, 250, 101, 149, 20, 39, 177, 22, 120, 19, 190, 156, 16, 119, 91, 183, 110, 137, 255, 122, 149, 9, 189, 205, 45, 222, 38, 230, 180, 189, 31, 0, 55,
125, 65, 67, 177, 115, 38, 84, 208, 204, 218, 6, 236, 201, 30, 188, 73, 130, 229, 132, 23, 146, 149, 28, 235, 106, 124, 85, 18, 146, 116, 69, 248, 130, 97, 253, 159, 156, 196, 118, 167,
189, 230, 194, 179, 105, 31, 99, 217, 68, 33, 108, 122, 244, 64, 62, 206, 144, 105, 251, 55, 17, 49, 44, 134, 131, 122, 32, 118, 116, 127, 183, 56, 40, 120, 31, 87, 54, 134, 28, 156,
162, 128, 185, 169, 22, 212, 48, 20, 228, 58, 37, 251, 141, 67, 140, 115, 46, 172, 244, 2, 20, 58, 213, 52, 212, 152, 179, 81, 204, 94, 18, 114, 133, 27, 0, 134, 231, 9, 206, 54,
115, 176, 201, 206, 142, 144, 144, 50, 143, 11, 65, 217, 143, 47, 131, 163, 252, 84, 35, 252, 60, 198, 213, 6, 104, 126, 172, 2, 247, 31, 173, 213, 234, 55, 91, 75, 14, 117, 254, 232,
152, 235, 200, 140, 29, 0, 9, 142, 29, 109, 156, 149, 2, 239, 141, 216, 172, 109, 36, 123, 19, 26, 188, 191, 179, 186, 188, 81, 189, 159, 61, 143, 93, 202, 87, 69, 41, 174, 83, 125,
205, 40, 70, 84, 198, 204, 140, 143, 228, 68, 196, 248, 141, 52, 124, 3, 20, 195, 122, 247, 188, 215, 115, 103, 151, 205, 223, 42, 202, 111, 89, 126, 216, 118, 168, 50, 9, 134, 55, 101,
81, 172, 106, 197, 151, 138, 51, 22, 151, 198, 133, 145, 43, 175, 102, 19, 141, 220, 2, 182, 30, 169, 131, 227, 106, 136, 13, 141, 34, 18, 46, 19, 136, 33, 140, 126, 13, 113, 37, 131,
226, 232, 8, 90, 234, 184, 180, 249, 87, 31, 174, 255, 15, 160, 235, 154, 255, 8, 164, 209, 135, 210, 46, 198, 166, 194, 104, 57, 151, 200, 243, 152, 112, 61, 206, 65, 241, 9, 244, 251,
156, 187, 65, 93, 174, 167, 132, 69, 201, 153, 38, 102, 26, 111, 188, 185, 61, 224, 188, 251, 134, 159, 167, 124, 149, 145, 114, 204, 15, 221, 249, 76, 253, 24, 158, 120, 52, 178, 83, 10,
52, 209, 179, 114, 42, 110, 220, 67, 145, 255, 30, 136, 39, 129, 146, 2, 249, 21, 179, 144, 166, 103, 116, 52, 75, 64, 40, 182, 39, 37, 109, 238, 214, 202, 5, 203, 134, 16, 163, 22,
130, 220, 158, 71, 177, 158, 85, 157, 20, 26, 123, 45, 168, 93, 106, 207, 130, 30, 208, 147, 134, 133, 95, 139, 241, 232, 219, 151, 21, 99, 86, 248, 70, 15, 3, 83, 147, 92, 22, 206,
232, 104, 250, 58, 27, 16, 127, 186, 254, 88, 28, 111, 23, 123, 162, 99, 48, 35, 61, 32, 113, 172, 22, 174, 220, 181, 184, 247, 58, 212, 53, 26, 222, 123, 98, 252, 189, 3, 134, 123,
46, 207, 209, 119, 60, 74, 210, 18, 213, 146, 176, 75, 166, 23, 22, 84, 158, 0, 127, 182, 136, 114, 214, 45, 112, 208, 245, 195, 131, 135, 195, 3, 215, 84, 90, 192, 146, 30, 228, 246,
226, 53, 35, 174, 16, 210, 233, 56, 76, 105, 224, 61, 142, 72, 128, 246, 202, 73, 112, 51, 36, 102, 213, 237, 152, 137, 147, 140, 29, 33, 80, 167, 31, 67, 147, 242, 7, 200, 215, 242,
151, 91, 31, 1, 40, 1, 194, 164, 222, 169, 159, 9, 137, 219, 53, 177, 93, 203, 97, 69, 41, 150, 124, 81, 157, 89, 54, 75, 142, 208, 176, 180, 224, 71, 240, 201, 183, 72, 15, 85,
117, 130, 126, 136, 158, 148, 108, 83, 175, 249, 248, 49, 167, 120, 114, 60, 242, 19, 244, 53, 109, 250, 78, 69, 81, 142, 60, 241, 171, 185, 60, 54, 204, 245, 141, 182, 28, 183, 65, 4,
142, 223, 21, 183, 15, 241, 169, 246, 33, 168, 35, 212, 43, 111, 22, 30, 183, 13, 250, 101, 9, 118, 63, 231, 242, 208, 0, 86, 146, 189, 151, 215, 71, 42, 220, 215, 47, 229, 188, 235,
214, 22, 191, 169, 171, 140, 5, 200, 243, 159, 6, 5, 150, 247, 192, 130, 124, 12, 235, 71, 166, 45, 227, 157, 137, 223, 115, 64, 159, 182, 247, 86, 252, 143, 119, 71, 21, 121, 211, 170,
52, 254, 158, 150, 136, 159, 150, 105, 244, 150, 88, 179, 48, 225, 227, 46, 169, 24, 152, 40, 60, 158, 9, 5, 2, 240, 192, 109, 23, 124, 140, 68, 215, 249, 101, 149, 61, 134, 131, 7,
211, 1, 225, 170, 181, 107, 46, 38, 65, 79, 96, 151, 34, 33, 47, 208, 215, 200, 57, 203, 198, 5, 189, 16, 224, 212, 223, 124, 172, 176, 71, 194, 115, 79, 115, 29, 189, 69, 104, 197,
209, 68, 224, 188, 186, 221, 119, 252, 204, 240, 245, 239, 53, 120, 79, 201, 76, 108, 8, 102, 157, 57, 124, 168, 205, 114, 216, 111, 15, 49, 81, 143, 147, 36, 29, 63, 51, 72, 134, 124,
46, 62, 58, 50, 40, 185, 83, 160, 202, 186, 228, 209, 70, 175, 33, 20, 209, 87, 98, 201, 139, 71, 252, 46, 60, 160, 224, 5, 47, 73, 180, 18, 220, 134, 144, 50, 156, 21, 54, 121,
177, 29, 101, 166, 136, 13, 201, 26, 117, 166, 204, 254, 189, 178, 156, 47, 215, 67, 32, 210, 188, 7, 253, 254, 231, 53, 97, 181, 40, 184, 245, 37, 110, 96, 234, 38, 235, 97, 169, 227,
245, 38, 79, 75, 27, 98, 242, 210, 255, 225, 192, 173, 39, 60, 93, 184, 45, 106, 179, 247, 14, 180, 149, 223, 221, 105, 98, 59, 18, 24, 141, 166, 237, 164, 226, 7, 153, 223, 2, 177,
67, 204, 126, 34, 29, 142, 78, 52, 235, 89, 71, 25, 139, 142, 191, 175, 168, 1, 255, 226, 183, 54, 79, 118, 20, 253, 77, 168, 169, 237, 119, 70, 211, 250, 215, 29, 132, 83, 1, 5,
186, 75, 164, 61, 109, 255, 48, 14, 82, 148, 105, 220, 144, 133, 117, 54, 193, 133, 215, 161, 85, 151, 114, 8, 248, 163, 1, 186, 51, 206, 176, 249, 43, 140, 14, 165, 20, 112, 12, 36,
172, 99, 158, 119, 40, 91, 4, 217, 224, 245, 7, 87, 189, 184, 133, 205, 102, 54, 238, 219, 22, 202, 181, 235, 147, 56, 145, 209, 145, 193, 35, 247, 136, 152, 121, 9, 239, 200, 230, 149,
41, 35, 219, 92, 158, 12, 148, 253, 147, 223, 93, 64, 172, 167, 215, 94, 209, 137, 126, 102, 102, 101, 207, 185, 42, 237, 137, 130, 128, 248, 162, 88, 156, 205, 76, 217, 60, 209, 161, 76,
224, 25, 190, 127, 39, 158, 55, 5, 20, 205, 191, 21, 118, 102, 162, 101, 174, 234, 19, 224, 16, 164, 154, 61, 187, 23, 165, 147, 240, 111, 39, 40, 74, 125, 73, 155, 40, 60, 102, 226,
144, 247, 50, 236, 173, 43, 174, 41, 152, 219, 134, 105, 234, 175, 69, 203, 29, 126, 85, 20, 170, 79, 71, 219, 134, 104, 249, 130, 152, 206, 27, 134, 253, 149, 199, 155, 108, 122, 66, 197,
49, 14, 41, 71, 150, 92, 39, 204, 243, 122, 251, 23, 12, 23, 98, 173, 131, 85, 6, 79, 111, 72, 146, 124, 61, 51, 9, 86, 117, 174, 17, 156, 168, 158, 161, 200, 31, 250, 56, 79,
218, 86, 33, 141, 232, 88, 128, 83, 95, 146, 227, 82, 124, 74, 227, 41, 138, 145, 144, 7, 164, 105, 33, 107, 177, 4, 66, 134, 156, 86, 254, 90, 20, 133, 225, 206, 246, 152, 245, 19,
157, 85, 45, 245, 156, 92, 199, 239, 226, 43, 96, 249, 50, 249, 204, 9, 46, 116, 183, 2, 149, 66, 144, 201, 148, 26, 100, 78, 38, 127, 249, 169, 137, 144, 136, 161, 8, 21, 3, 154,
19, 89, 173, 211, 0, 221, 183, 132, 151, 61, 29, 97, 22, 120, 156, 157, 253, 175, 185, 54, 142, 240, 29, 150, 93, 212, 99, 34, 49, 169, 75, 73, 149, 87, 57, 100, 141, 164, 160, 134,
134, 0, 210, 200, 147, 54, 108, 84, 42, 209, 64, 174, 144, 144, 11, 57, 191, 207, 227, 19, 157, 114, 67, 39, 197, 12, 255, 20, 18, 231, 83, 78, 55, 156, 31, 213, 130, 185, 61, 54,
243, 133, 210, 244, 49, 245, 115, 8, 189, 229, 20, 237, 111, 222, 210, 244, 47, 252, 12, 168, 115, 103, 20, 59, 130, 26, 250, 91, 61, 118, 48, 231, 242, 213, 27, 102, 153, 140, 243, 174,
70, 86, 245, 213, 15, 224, 237, 169, 253, 23, 161, 209, 140, 148, 35, 249, 153, 202, 64, 41, 168, 206, 215, 164, 15, 61, 246, 92, 246, 24, 192, 134, 171, 138, 66, 122, 132, 167, 223, 94,
206, 164, 35, 110, 42, 98, 229, 206, 46, 171, 235, 162, 172, 200, 188, 121, 244, 132, 69, 179, 29, 203, 250, 90, 162, 106, 200, 9, 20, 141, 30, 5, 115, 197, 156, 74, 2, 121, 143, 92,
178, 202, 34, 145, 75, 167, 194, 61, 239, 114, 233, 206, 239, 16, 35, 56, 54, 77, 111, 189, 40, 61, 96, 238, 203, 217, 2, 205, 176, 72, 188, 15, 130, 209, 212, 71, 175, 141, 67, 157,
116, 91, 12, 33, 151, 75, 72, 236, 191, 94, 243, 151, 157, 250, 90, 190, 204, 238, 248, 181, 105, 6, 64, 201, 39, 117, 83, 52, 228, 79, 100, 160, 148, 15, 232, 96, 67, 103, 54, 232,
250, 85, 40, 68, 60, 114, 214, 70, 51, 51, 40, 38, 1, 239, 51, 172, 129, 159, 179, 161, 17, 228, 59, 24, 255, 58, 4, 255, 155, 35, 130, 104, 114, 176, 223, 0, 2, 76, 243, 56,
150, 136, 178, 43, 168, 82, 38, 68, 170, 4, 97, 135, 147, 78, 149, 40, 118, 186, 239, 200, 247, 143, 148, 40, 157, 2, 95, 247, 149, 48, 237, 193, 237, 33, 123, 234, 109, 209, 244, 68,
48, 76, 131, 30, 141, 66, 135, 253, 235, 42, 126, 43, 29, 75, 236, 201, 135, 165, 155, 252, 105, 108, 85, 130, 41, 75, 178, 224, 38, 239, 190, 211, 132, 96, 18, 59, 76, 20, 144, 162,
200, 153, 162, 42, 146, 193, 7, 152, 72, 246, 104, 19, 9, 135, 51, 94, 240, 82, 18, 11, 204, 189, 185, 147, 137, 3, 232, 235, 176, 12, 107, 64, 45, 144, 104, 157, 174, 206, 86, 79,
143, 193, 223, 18, 185, 93, 95, 24, 255, 83, 162, 58, 57, 143, 47, 80, 70, 224, 96, 230, 144, 128, 16, 60, 207, 197, 128, 248, 11, 131, 36, 58, 136, 222, 39, 248, 43, 238, 144, 199,
0, 154, 29, 149, 28, 13, 75, 64, 140, 3, 148, 39, 40, 33, 55, 135, 164, 213, 1, 102, 152, 172, 167, 215, 98, 12, 222, 135, 41, 190, 198, 131, 235, 36, 172, 186, 187, 204, 4, 223,
163, 197, 2, 7, 144, 204, 143, 180, 112, 40, 210, 65, 239, 19, 195, 152, 182, 152, 122, 82, 185, 190, 205, 65, 218, 146, 34, 72, 17, 82, 243, 164, 74, 254, 147, 134, 188, 220, 162, 83,
145, 207, 65, 211, 17, 242, 229, 55, 191, 42, 218, 45, 19, 181, 6, 29, 16, 255, 202, 94, 22, 77, 215, 0, 141, 199, 63, 255, 26, 191, 162, 3, 185, 41, 148, 140, 232, 114, 10, 41,
82, 126, 99, 183, 113, 100, 101, 174, 205, 172, 20, 209, 202, 2, 151, 79, 186, 213, 248, 76, 135, 140, 11, 225, 63, 95, 117, 34, 140, 87, 96, 222, 202, 7, 255, 130, 200, 209, 113, 130,
250, 145, 250, 153, 12, 103, 54, 216, 46, 55, 33, 83, 134, 4, 13, 140, 144, 73, 209, 35, 12, 47, 103, 147, 166, 36, 40, 66, 60, 77, 189, 69, 119, 42, 58, 75, 40, 239, 13, 157,
128, 252, 179, 249, 72, 239, 59, 64, 196, 58, 102, 138, 181, 60, 182, 87, 106, 191, 207, 6, 125, 122, 241, 15, 232, 154, 189, 52, 202, 75, 0, 68, 165, 9, 122, 217, 183, 105, 227, 32,
18, 132, 255, 193, 140, 190, 211, 1, 141, 94, 67, 155, 148, 56, 246, 227, 209, 76, 32, 219, 41, 191, 203, 46, 82, 118, 161, 44, 136, 4, 149, 143, 146, 69, 93, 109, 16, 125, 208, 201,
153, 133, 155, 159, 105, 17, 55, 158, 14, 83, 152, 237, 49, 221, 211, 248, 164, 66, 18, 37, 46, 20, 166, 175, 206, 172, 181, 6, 140, 224, 8, 147, 102, 141, 64, 31, 39, 165, 54, 119,
207, 120, 77, 97, 152, 166, 255, 207, 173, 85, 222, 250, 188, 18, 21, 68, 0, 155, 11, 129, 168, 203, 96, 127, 174, 255, 211, 68, 184, 90, 83, 47, 184, 79, 214, 26, 9, 189, 102, 68,
100, 174, 18, 221, 252, 153, 23, 63, 150, 251, 243, 241, 56, 255, 66, 22, 191, 229, 32, 201, 52, 247, 189, 198, 32, 128, 29, 214, 14, 22, 8, 57, 176, 38, 173, 92, 50, 77, 32, 245,
192, 251, 57, 119, 235, 188, 252, 201, 73, 12, 243, 236, 21, 205, 221, 176, 202, 46, 144, 182, 181, 241, 12, 219, 145, 164, 86, 13, 152, 137, 198, 199, 47, 8, 215, 101, 169, 18, 222, 153,
172, 213, 84, 4, 213, 161, 205, 63, 164, 146, 85, 68, 108, 96, 194, 180, 115, 207, 233, 150, 188, 202, 180, 86, 148, 187, 103, 240, 10, 193, 210, 74, 133, 0, 130, 59, 13, 159, 54, 35,
124, 190, 172, 73, 118, 113, 215, 26, 128, 191, 101, 165, 71, 159, 183, 94, 252, 26, 184, 201, 237, 80, 16, 11, 86, 83, 97, 153, 14, 37, 53, 173, 201, 198, 24, 194, 209, 45, 167, 78,
135, 246, 221, 96, 149, 149, 17, 251, 113, 113, 93, 117, 150, 108, 80, 194, 131, 95, 199, 197, 176, 134, 13, 254, 191, 246, 216, 232, 54, 33, 79, 211, 87, 9, 11, 127, 235, 27, 18, 180,
244, 85, 131, 21, 51, 5, 97, 144, 137, 65, 69, 77, 5, 94, 149, 90, 20, 113, 55, 6, 37, 169, 21, 163, 150, 163, 229, 241, 6, 207, 4, 27, 202, 68, 3, 249, 174, 25, 130, 74,
65, 201, 251, 95, 116, 55, 231, 2, 227, 147, 131, 52, 198, 125, 16, 23, 167, 59, 118, 128, 238, 65, 195, 28, 119, 136, 146, 215, 167, 136, 209, 124, 166, 28, 37, 230, 168, 2, 249, 232,
201, 46, 32, 239, 57, 201, 222, 24, 115, 113, 186, 50, 170, 4, 157, 148, 246, 48, 116, 67, 17, 109, 192, 242, 172, 231, 182, 183, 51, 51, 3, 245, 61, 99, 214, 240, 48, 200, 160, 204,
161, 63, 54, 27, 76, 20, 185, 218, 224, 147, 188, 20, 184, 238, 115, 143, 52, 251, 94, 65, 2, 228, 66, 40, 198, 51, 64, 113, 166, 214, 178, 201, 252, 118, 220, 230, 140, 31, 11, 7,
46, 130, 92, 157, 169, 251, 124, 32, 168, 212, 247, 22, 178, 2, 127, 26, 219, 113, 201, 7, 116, 144, 106, 13, 110, 242, 58, 221, 174, 220, 39, 46, 156, 236, 249, 174, 28, 245, 97, 8,
169, 250, 37, 192, 14, 170, 163, 254, 43, 249, 24, 161, 3, 41, 12, 88, 214, 40, 188, 74, 38, 125, 91, 159, 225, 192, 29, 117, 171, 138, 168, 213, 108, 33, 160, 155, 41, 204, 195, 162,
244, 48, 163, 166, 154, 159, 39, 219, 145, 139, 94, 26, 144, 243, 242, 219, 22, 7, 234, 103, 171, 14, 147, 152, 211, 187, 126, 7, 185, 165, 209, 70, 223, 204, 116, 122, 40, 91, 208, 164,
114, 236, 239, 174, 190, 231, 245, 110, 144, 203, 123, 209, 8, 179, 193, 117, 145, 107, 147, 121, 111, 160, 45, 121, 18, 225, 128, 73, 116, 103, 181, 29, 138, 184, 20, 132, 71, 175, 162, 58,
187, 16, 183, 204, 171, 25, 44, 40, 124, 117, 115, 163, 114, 10, 106, 174, 240, 234, 29, 195, 182, 35, 151, 5, 251, 212, 211, 25, 154, 145, 111, 222, 112, 27, 111, 60, 183, 120, 119, 187,
191, 25, 186, 189, 201, 198, 83, 188, 225, 207, 197, 232, 12, 36, 77, 230, 119, 21, 61, 115, 235, 91, 18, 182, 207, 93, 216, 12, 4, 119, 59, 177, 170, 39, 16, 88, 25, 115, 137, 100,
33, 5, 28, 10, 43, 156, 35, 157, 189, 253, 180, 164, 29, 253, 62, 74, 218, 114, 21, 232, 136, 33, 149, 42, 65, 154, 178, 78, 16, 72, 201, 41, 193, 168, 140, 41, 136, 111, 103, 118,
186, 55, 91, 161, 154, 9, 232, 29, 1, 168, 245, 247, 189, 172, 253, 63, 210, 90, 39, 243, 148, 34, 246, 238, 231, 91, 33, 245, 9, 216, 199, 4, 125, 81, 155, 3, 245, 0, 190, 254,
221, 46, 109, 99, 48, 76, 205, 241, 173, 167, 150, 253, 50, 30, 41, 148, 28, 108, 203, 227, 9, 237, 160, 159, 183, 92, 58, 96, 13, 20, 149, 217, 196, 187, 169, 22, 182, 251, 62, 177,
86, 225, 122, 18, 55, 141, 87, 35, 220, 44, 59, 66, 147, 128, 146, 180, 157, 91, 201, 158, 190, 23, 77, 91, 28, 230, 125, 142, 156, 200, 97, 70, 161, 193, 254, 60, 173, 122, 119, 20,
190, 90, 251, 10, 50, 177, 98, 23, 105, 232, 109, 215, 174, 220, 107, 29, 211, 250, 252, 150, 41, 138, 112, 20, 173, 241, 21, 165, 106, 223, 183, 232, 38, 133, 62, 146, 49, 62, 0, 30,
215, 58, 134, 67, 16, 97, 63, 220, 210, 225, 58, 89, 144, 187, 137, 254, 100, 77, 250, 225, 49, 198, 227, 178, 206, 54, 190, 184, 149, 192, 27, 245, 153, 164, 112, 62, 166, 223, 201, 216,
23, 56, 193, 64, 240, 57, 224, 138, 212, 169, 114, 7, 209, 192, 247, 63, 232, 167, 101, 111, 41, 107, 181, 201, 50, 172, 246, 159, 165, 219, 141, 11, 210, 155, 7, 228, 73, 239, 227, 55,
248, 18, 197, 37, 60, 137, 23, 124, 18, 196, 147, 125, 111, 40, 151, 97, 157, 228, 26, 157, 38, 144, 182, 89, 164, 18, 134, 183, 230, 95, 43, 20, 93, 93, 95, 129, 114, 59, 111, 205,
193, 251, 54, 230, 136, 53, 165, 36, 174, 216, 244, 116, 152, 147, 96, 213, 47, 115, 82, 49, 163, 78, 74, 230, 150, 91, 163, 223, 153, 143, 83, 185, 205, 219, 223, 168, 102, 42, 75, 223,
124, 55, 10, 35, 189, 12, 14, 180, 201, 78, 212, 41, 36, 50, 109, 174, 248, 35, 32, 72, 47, 55, 158, 53, 12, 61, 33, 34, 48, 173, 92, 142, 144, 255, 152, 167, 29, 199, 55, 89,
222, 114, 21, 239, 174, 32, 174, 81, 93, 171, 160, 123, 10, 100, 175, 110, 201, 168, 140, 81, 176, 95, 16, 23, 174, 71, 0, 166, 138, 9, 214, 14, 40, 131, 146, 253, 150, 189, 192, 49,
143, 92, 83, 228, 156, 29, 249, 232, 189, 84, 91, 217, 27, 184, 243, 4, 102, 67, 156, 99, 173, 127, 143, 210, 227, 15, 121, 120, 36, 80, 208, 247, 185, 230, 192, 132, 50, 96, 50, 129,
32, 103, 178, 203, 37, 244, 214, 155, 148, 66, 100, 59, 17, 30, 131, 216, 233, 146, 169, 57, 178, 199, 15, 236, 100, 203, 88, 76, 3, 251, 97, 126, 156, 126, 54, 122, 156, 170, 185, 169,
184, 114, 223, 154, 188, 51, 84, 79, 15, 238, 12, 146, 150, 234, 76, 59, 141, 200, 207, 24, 206, 4, 87, 122, 225, 17, 232, 28, 61, 131, 79, 82, 80, 182, 26, 196, 189, 169, 52, 2,
246, 245, 217, 172, 15, 171, 81, 8, 172, 165, 9, 227, 49, 161, 169, 227, 22, 176, 28, 203, 11, 45, 34, 88, 146, 40, 182, 103, 16, 77, 67, 213, 224, 207, 48, 93, 134, 144, 178, 247,
50, 61, 213, 222, 13, 225, 246, 162, 246, 9, 173, 173, 184, 241, 31, 219, 191, 137, 1, 44, 135, 251, 229, 180, 0, 95, 212, 85, 131, 61, 209, 135, 167, 161, 84, 99, 145, 161, 197, 96,
207, 134, 41, 86, 45, 105, 204, 154, 77, 215, 232, 190, 242, 197, 183, 82, 199, 142, 26, 200, 58, 195, 210, 104, 175, 101, 183, 23, 25, 185, 12, 47, 48, 220, 190, 71, 39, 112, 173, 121,
169, 233, 59, 182, 75, 134, 188, 91, 191, 113, 155, 186, 236, 66, 116, 30, 97, 8, 43, 135, 47, 37, 104, 246, 246, 213, 17, 194, 171, 53, 184, 46, 190, 210, 201, 91, 155, 206, 94, 245,
33, 16, 78, 32, 189, 72, 71, 254, 180, 104, 248, 177, 209, 250, 94, 157, 242, 251, 195, 146, 49, 24, 47, 202, 75, 23, 48, 109, 253, 55, 12, 168, 225, 101, 135, 36, 72, 51, 86, 147,
130, 116, 29, 97, 52, 73, 207, 127, 17, 49, 58, 75, 40, 239, 13, 157, 128, 252, 156, 249, 72, 239, 59, 64, 164, 113, 29, 138, 166, 60, 146, 46, 100, 148, 169, 6, 3, 105, 192, 40,
220, 154, 130, 89, 149, 106, 102, 68, 169, 66, 122, 154, 183, 105, 254, 32, 17, 218, 255, 224, 157, 158, 246, 1, 141, 40, 103, 243, 138, 29, 128, 199, 219, 27, 84, 245, 116, 193, 171, 18,
71, 104, 157, 7, 136, 104, 136, 143, 146, 31, 93, 109, 16, 79, 255, 201, 138, 150, 155, 136, 57, 28, 17, 180, 54, 123, 156, 226, 32, 253, 188, 204, 168, 85, 109, 42, 49, 52, 194, 219,
216, 173, 130, 55, 244, 202, 60, 142, 60, 150, 111, 50, 18, 228, 105, 77, 241, 126, 15, 101, 153, 131, 131, 153, 243, 126, 198, 246, 184, 43, 81, 124, 44, 217, 67, 183, 178, 230, 113, 72,
148, 196, 190, 52, 198, 113, 12, 40, 191, 110, 201, 31, 12, 156, 83, 118, 48, 147, 22, 237, 156, 222, 113, 77, 157, 137, 197, 245, 19, 169, 110, 8, 178, 171, 36, 255, 49, 246, 131, 221,
32, 145, 51, 163, 34, 44, 0, 51, 213, 58, 237, 88, 14, 65, 13, 250, 189, 196, 53, 123, 230, 216, 245, 206, 118, 41, 195, 249, 48, 237, 176, 171, 220, 13, 141, 186, 173, 195, 102, 254,
187, 164, 104, 44, 172, 214, 242, 216, 39, 17, 193, 72, 162, 45, 150, 153, 202, 157, 33, 67, 206, 152, 219, 103, 200, 153, 98, 124, 51, 91, 176, 154, 127, 244, 156, 172, 235, 216, 170, 15,
203, 149, 13, 209, 47, 240, 162, 104, 189, 28, 183, 29, 103, 153, 17, 24, 1, 207, 129, 64, 34, 120, 207, 101, 166, 181, 122, 162, 42, 176, 160, 93, 197, 27, 151, 209, 151, 69, 2, 22,
74, 118, 107, 156, 10, 60, 107, 208, 224, 234, 63, 238, 176, 82, 155, 46, 154, 196, 201, 109, 155, 201, 66, 152, 51, 91, 78, 55, 128, 125, 92, 222, 135, 29, 192, 145, 155, 251, 7, 158,
239, 155, 250, 186, 42, 46, 80, 216, 66, 26, 33, 39, 165, 46, 55, 184, 205, 88, 132, 9, 70, 37, 87, 140, 155, 85, 40, 118, 60, 107, 214, 96, 63, 59, 65, 44, 21, 158, 3, 141,
171, 162, 144, 229, 7, 239, 95, 7, 222, 69, 105, 230, 179, 16, 135, 51, 67, 184, 218, 69, 125, 36, 188, 56, 208, 136, 178, 6, 203, 119, 54, 68, 228, 28, 122, 130, 153, 105, 240, 57,
106, 177, 255, 209, 146, 172, 208, 1, 148, 8, 103, 244, 172, 38, 252, 239, 190, 32, 121, 213, 23, 216, 245, 57, 79, 33, 156, 54, 239, 92, 156, 148, 228, 46, 83, 107, 51, 125, 218, 213,
135, 128, 152, 136, 104, 19, 50, 188, 50, 101, 169, 145, 34, 249, 180, 200, 171, 66, 39, 39, 77, 49, 196, 171, 201, 130, 225, 42, 178, 254, 60, 174, 93, 243, 72, 65, 52, 228, 81, 78,
223, 47, 64, 84, 166, 134, 191, 153, 172, 73, 231, 229, 157, 60, 75, 74, 17, 230, 125, 189, 243, 135, 83, 102, 170, 200, 190, 34, 176, 114, 78, 35, 241, 90, 232, 21, 109, 189, 79, 10,
78, 131, 50, 160, 174, 196, 6, 78, 215, 245, 217, 137, 43, 176, 123, 36, 164, 194, 36, 192, 48, 236, 183, 227, 51, 155, 20, 214, 111, 56, 51, 36, 214, 9, 186, 115, 26, 124, 17, 245,
206, 247, 48, 73, 231, 195, 188, 253, 93, 62, 200, 155, 19, 250, 234, 148, 224, 30, 190, 166, 199, 233, 31, 213, 145, 194, 114, 89, 146, 221, 235, 189, 41, 63, 243, 118, 178, 11, 145, 251,
163, 149, 99, 118, 168, 220, 217, 101, 231, 204, 70, 41, 62, 114, 245, 206, 114, 193, 183, 140, 243, 229, 177, 126, 144, 143, 0, 234, 85, 253, 238, 51, 186, 1, 162, 52, 43, 179, 79, 126,
28, 225, 175, 73, 48, 123, 151, 97, 215, 189, 100, 132, 71, 226, 189, 93, 227, 38, 229, 204, 178, 106, 16, 36, 66, 91, 113, 156, 111, 7, 87, 195, 214, 206, 24, 250, 147, 53, 227, 51,
133, 195, 222, 25, 181, 130, 73, 197, 20, 101, 13, 44, 171, 123, 78, 236, 208, 109, 172, 186, 201, 198, 87, 163, 239, 242, 253, 177, 13, 44, 77, 230, 119, 21, 43, 127, 181, 4, 13, 194,
227, 89, 252, 47, 50, 21, 101, 158, 152, 42, 72, 105, 21, 114, 212, 71, 118, 56, 43, 50, 11, 231, 50, 157, 189, 156, 229, 243, 4, 206, 91, 28, 225, 119, 21, 232, 178, 3, 174, 91,
75, 184, 242, 124, 34, 75, 235, 28, 192, 172, 129, 35, 185, 76, 35, 110, 186, 65, 91, 170, 154, 84, 237, 52, 45, 135, 203, 203, 156, 181, 209, 3, 146, 93, 94, 219, 151, 34, 246, 227,
230, 76, 112, 238, 108, 227, 175, 57, 73, 125, 186, 4, 173, 94, 138, 194, 194, 9, 6, 49, 29, 84, 197, 241, 188, 139, 200, 183, 57, 108, 93, 131, 14, 103, 178, 202, 125, 214, 171, 249,
221, 98, 25, 59, 7, 103, 167, 159, 239, 169, 231, 77, 244, 252, 51, 228, 77, 138, 120, 25, 111, 251, 117, 77, 244, 126, 30, 79, 169, 181, 236, 178, 184, 107, 223, 252, 158, 16, 105, 103,
63, 134, 78, 180, 174, 229, 119, 104, 174, 196, 215, 17, 176, 122, 119, 20, 225, 82, 196, 50, 57, 139, 54, 111, 105, 143, 55, 245, 160, 155, 112, 84, 147, 141, 249, 175, 41, 161, 109, 20,
156, 215, 24, 182, 49, 179, 213, 232, 22, 184, 9, 142, 51, 53, 44, 51, 215, 11, 225, 123, 26, 84, 67, 149, 223, 243, 126, 125, 240, 187, 137, 254, 85, 48, 210, 193, 41, 219, 214, 244,
196, 57, 144, 145, 149, 140, 4, 245, 135, 158, 75, 37, 152, 226, 149, 213, 17, 88, 150, 66, 169, 55, 222, 136, 149, 150, 98, 71, 141, 129, 195, 73, 231, 204, 82, 111, 61, 57, 222, 133,
82, 227, 233, 154, 144, 226, 138, 3, 238, 154, 93, 243, 48, 200, 192, 91, 132, 48, 195, 2, 13, 136, 32, 35, 38, 254, 174, 112, 43, 102, 179, 121, 145, 190, 63, 157, 59, 184, 132, 94,
198, 6, 147, 156, 237, 7, 1, 8, 93, 93, 114, 152, 113, 29, 94, 173, 224, 235, 63, 245, 135, 72, 230, 5, 184, 201, 226, 92, 172, 177, 94, 233, 47, 88, 94, 60, 140, 87, 82, 224,
150, 75, 251, 128, 147, 196, 83, 131, 206, 151, 218, 145, 26, 112, 92, 223, 115, 17, 29, 91, 180, 37, 14, 170, 241, 78, 216, 38, 85, 37, 113, 143, 186, 68, 26, 89, 38, 97, 158, 126,
46, 62, 60, 34, 44, 238, 3, 173, 145, 186, 157, 196, 29, 253, 57, 124, 205, 112, 100, 241, 244, 89, 173, 81, 93, 163, 182, 67, 35, 59, 222, 10, 241, 171, 177, 2, 181, 113, 51, 110,
228, 70, 7, 153, 182, 64, 144, 58, 1, 220, 227, 253, 138, 189, 209, 3, 143, 84, 98, 228, 155, 63, 246, 221, 190, 20, 91, 167, 42, 203, 240, 5, 50, 106, 154, 28, 245, 93, 177, 225,
224, 12, 13, 75, 13, 72, 205, 206, 140, 131, 200, 131, 8, 53, 13, 150, 3, 104, 206, 254, 47, 217, 181, 248, 206, 72, 58, 61, 12, 2, 140, 216, 250, 133, 156, 16, 141, 219, 62, 177,
100, 141, 91, 95, 119, 137, 115, 119, 240, 126, 13, 118, 177, 163, 185, 164, 145, 113, 193, 236, 165, 20, 109, 28, 54, 206, 76, 235, 144, 235, 76, 81, 130, 253, 197, 5, 153, 28, 120, 22,
225, 103, 253, 23, 5, 137, 94, 23, 64, 139, 111, 236, 174, 185, 6, 2, 195, 137, 196, 143, 76, 164, 97, 20, 188, 162, 5, 227, 105, 204, 208, 218, 17, 241, 79, 168, 52, 10, 44, 89,
166, 40, 188, 97, 38, 100, 91, 219, 241, 209, 60, 89, 232, 189, 140, 241, 65, 14, 192, 205, 115, 229, 200, 159, 241, 54, 190, 137, 140, 196, 97, 254, 172, 198, 114, 86, 144, 193, 242, 184,
32, 48, 137, 125, 241, 43, 147, 168, 178, 131, 126, 86, 177, 157, 192, 101, 249, 129, 85, 124, 23, 70, 206, 153, 66, 214, 152, 224, 165, 201, 171, 12, 246, 140, 84, 238, 38, 242, 193, 91,
163, 62, 150, 2, 50, 149, 40, 121, 112, 240, 161, 117, 10, 82, 180, 97, 188, 198, 100, 255, 85, 186, 193, 63, 222, 42, 147, 168, 239, 111, 19, 107, 50, 116, 106, 167, 113, 57, 53, 194,
233, 211, 71, 217, 176, 31, 155, 78, 224, 128, 243, 69, 187, 151, 16, 224, 117, 106, 117, 6, 189, 71, 113, 234, 130, 117, 210, 165, 201, 220, 90, 170, 201, 240, 229, 175, 12, 60, 54, 223,
112, 110, 58, 67, 180, 9, 50, 168, 230, 95, 222, 36, 61, 13, 97, 228, 189, 64, 32, 59, 9, 51, 162, 57, 21, 6, 3, 53, 28, 234, 2, 165, 209, 137, 141, 216, 45, 240, 91, 111,
232, 40, 41, 139, 184, 44, 179, 55, 80, 139, 221, 91, 44, 92, 181, 109, 237, 134, 144, 55, 143, 82, 16, 125, 163, 68, 127, 133, 153, 23, 237, 94, 2, 131, 146, 201, 166, 179, 192, 49,
163, 15, 86, 201, 148, 92, 245, 214, 178, 4, 122, 173, 38, 229, 203, 41, 103, 76, 147, 100, 239, 103, 173, 204, 211, 36, 6, 75, 78, 101, 227, 207, 140, 235, 152, 167, 8, 62, 41, 255,
51, 66, 156, 215, 45, 239, 214, 232, 202, 96, 62, 7, 28, 54, 183, 180, 192, 150, 232, 52, 152, 207, 49, 228, 111, 200, 50, 67, 30, 188, 124, 117, 231, 75, 12, 23, 159, 157, 165, 180,
188, 100, 129, 230, 143, 48, 118, 89, 3, 238, 74, 139, 171, 197, 92, 65, 215, 225, 205, 10, 147, 84, 87, 29, 243, 83, 162, 31, 43, 176, 75, 111, 119, 232, 56, 192, 145, 138, 18, 11,
247, 214, 237, 245, 41, 133, 64, 18, 184, 171, 55, 249, 106, 173, 211, 212, 0, 241, 86, 141, 19, 56, 1, 88, 145, 60, 186, 68, 20, 125, 67, 195, 225, 240, 29, 105, 146, 199, 148, 222,
117, 48, 236, 210, 37, 250, 207, 178, 224, 15, 128, 130, 157, 223, 102, 223, 140, 132, 103, 9, 146, 241, 149, 213, 20, 88, 234, 78, 150, 10, 151, 255, 174, 150, 35, 99, 136, 198, 199, 63,
222, 151, 102, 47, 48, 110, 199, 138, 54, 200, 232, 181, 140, 198, 137, 121, 144, 211, 81, 177, 58, 207, 227, 126, 252, 17, 166, 27, 39, 176, 23, 124, 118, 225, 128, 67, 30, 101, 181, 29,
140, 235, 19, 165, 23, 226, 149, 89, 207, 22, 183, 201, 174, 90, 15, 20, 82, 106, 125, 146, 1, 44, 86, 205, 237, 241, 30, 210, 144, 82, 151, 4, 159, 133, 244, 66, 154, 202, 80, 153,
113, 89, 18, 7, 244, 116, 97, 230, 144, 123, 220, 195, 147, 222, 7, 137, 231, 242, 249, 136, 5, 13, 99, 230, 102, 58, 61, 44, 189, 93, 111, 163, 224, 89, 132, 17, 57, 46, 35, 144,
137, 98, 90, 99, 18, 80, 140, 52, 8, 36, 86, 9, 20, 183, 37, 142, 214, 255, 229, 160, 74, 255, 25, 89, 243, 44, 52, 204, 166, 44, 130, 37, 61, 201, 195, 120, 124, 124, 188, 63,
244, 165, 162, 24, 138, 80, 102, 94, 179, 74, 82, 136, 233, 78, 146, 2, 33, 160, 213, 215, 188, 151, 203, 51, 169, 14, 125, 247, 184, 1, 198, 232, 216, 4, 37, 231, 17, 193, 208, 13,
117, 113, 186, 6, 241, 4, 188, 138, 245, 43, 121, 109, 85, 94, 197, 247, 252, 135, 152, 253, 42, 108, 85, 253, 12, 76, 141, 226, 116, 230, 131, 241, 172, 64, 49, 7, 57, 48, 153, 175,
234, 242, 161, 20, 184, 224, 19, 142, 119, 128, 88, 1, 111, 131, 55, 78, 241, 55, 0, 74, 142, 180, 186, 138, 143, 96, 220, 212, 235, 30, 111, 69, 18, 155, 73, 179, 243, 141, 76, 70,
149, 207, 207, 0, 206, 77, 118, 37, 195, 85, 229, 10, 61, 255, 51, 23, 125, 182, 55, 216, 129, 152, 0, 78, 232, 236, 255, 141, 72, 149, 76, 36, 169, 250, 9, 200, 44, 179, 181, 188,
10, 141, 35, 161, 3, 112, 60, 89, 212, 54, 151, 36, 23, 66, 0, 153, 229, 243, 122, 73, 156, 219, 137, 254, 107, 43, 210, 214, 7, 203, 241, 163, 213, 10, 156, 213, 140, 144, 102, 255,
187, 152, 7, 2, 169, 225, 237, 136, 63, 12, 240, 47, 180, 23, 231, 253, 138, 159, 91, 2, 145, 132, 209, 86, 224, 139, 107, 123, 17, 65, 200, 207, 99, 171, 232, 144, 141, 230, 169, 87,
193, 141, 67, 178, 49, 228, 223, 74, 175, 37, 157, 42, 13, 187, 62, 40, 113, 240, 189, 101, 0, 115, 215, 0, 211, 218, 54, 132, 23, 179, 151, 54, 254, 117, 186, 143, 145, 28, 51, 36,
66, 99, 125, 188, 18, 123, 67, 202, 224, 172, 30, 231, 137, 22, 191, 4, 179, 233, 244, 25, 182, 168, 111, 197, 3, 90, 117, 48, 137, 87, 17, 194, 138, 100, 161, 193, 206, 229, 121, 188,
225, 201, 218, 176, 22, 10, 75, 219, 64, 106, 96, 88, 189, 91, 21, 205, 156, 5, 194, 12, 60, 119, 59, 157, 137, 81, 65, 99, 47, 33, 149, 104, 32, 62, 8, 50, 50, 170, 84, 146,
189, 152, 184, 164, 46, 244, 4, 71, 239, 44, 40, 204, 170, 32, 172, 51, 109, 157, 211, 99, 5, 104, 195, 52, 224, 239, 162, 51, 142, 75, 16, 78, 165, 17, 0, 161, 244, 114, 145, 56,
45, 135, 245, 245, 158, 148, 221, 39, 145, 45, 68, 219, 151, 34, 192, 254, 223, 11, 127, 252, 47, 235, 193, 44, 109, 45, 144, 4, 245, 29, 138, 244, 233, 38, 5, 66, 44, 100, 225, 251,
143, 139, 184, 183, 104, 50, 10, 168, 28, 88, 145, 233, 1, 244, 215, 200, 221, 56, 54, 18, 47, 36, 131, 181, 196, 146, 169, 77, 244, 218, 15, 236, 68, 219, 88, 38, 119, 134, 114, 107,
211, 116, 16, 73, 152, 138, 251, 138, 178, 116, 218, 253, 190, 47, 97, 91, 28, 223, 1, 137, 158, 240, 115, 106, 145, 224, 190, 64, 198, 67, 118, 9, 205, 108, 251, 36, 22, 177, 61, 118,
81, 143, 55, 245, 241, 189, 16, 45, 142, 236, 252, 176, 48, 176, 81, 107, 166, 160, 32, 205, 26, 194, 146, 248, 49, 188, 3, 142, 49, 53, 14, 18, 148, 99, 182, 81, 20, 98, 48, 131,
220, 204, 7, 85, 237, 222, 188, 250, 70, 41, 173, 251, 115, 218, 200, 188, 245, 57, 157, 184, 181, 202, 27, 132, 179, 158, 120, 57, 175, 128, 197, 171, 36, 0, 243, 85, 176, 47, 199, 224,
129, 164, 70, 100, 142, 197, 204, 96, 243, 129, 105, 104, 109, 60, 222, 153, 104, 252, 232, 227, 157, 199, 245, 11, 223, 147, 77, 229, 39, 200, 211, 70, 134, 56, 146, 40, 19, 237, 21, 35,
7, 197, 178, 97, 118, 104, 209, 26, 142, 187, 25, 187, 56, 231, 189, 31, 253, 38, 147, 156, 135, 111, 28, 110, 52, 67, 88, 178, 52, 21, 52, 242, 227, 254, 90, 147, 141, 22, 230, 56,
134, 245, 231, 23, 182, 179, 92, 198, 32, 95, 117, 49, 147, 113, 96, 224, 214, 27, 242, 130, 202, 199, 13, 137, 250, 199, 201, 145, 106, 49, 72, 136, 106, 108, 56, 68, 189, 29, 116, 141,
241, 121, 240, 48, 76, 49, 76, 142, 157, 124, 26, 123, 16, 87, 178, 126, 17, 7, 55, 1, 51, 158, 10, 157, 171, 244, 184, 192, 42, 251, 18, 105, 204, 49, 33, 203, 169, 2, 160, 70,
46, 163, 160, 78, 115, 70, 245, 3, 145, 144, 190, 86, 147, 111, 102, 76, 242, 26, 114, 166, 187, 108, 148, 3, 49, 168, 136, 221, 138, 186, 225, 63, 140, 54, 113, 224, 136, 30, 223, 232,
226, 4, 122, 217, 28, 251, 247, 57, 105, 105, 182, 99, 174, 87, 156, 138, 144, 51, 82, 55, 8, 112, 242, 247, 164, 155, 131, 132, 57, 63, 2, 129, 32, 60, 203, 233, 12, 204, 179, 241,
180, 110, 49, 97, 47, 31, 181, 218, 193, 130, 155, 57, 156, 223, 40, 157, 127, 211, 40, 46, 46, 251, 61, 78, 227, 123, 0, 106, 136, 164, 224, 206, 224, 113, 231, 220, 165, 10, 18, 74,
3, 231, 125, 131, 157, 234, 117, 58, 161, 207, 190, 52, 153, 112, 66, 35, 226, 17, 224, 57, 61, 176, 79, 118, 97, 182, 11, 196, 129, 218, 0, 34, 196, 232, 227, 245, 49, 148, 124, 8,
133, 248, 2, 220, 45, 252, 147, 227, 4, 226, 24, 169, 28, 106, 43, 89, 182, 39, 144, 97, 85, 88, 63, 201, 243, 207, 58, 114, 141, 209, 168, 242, 85, 82, 239, 222, 8, 247, 237, 162,
246, 13, 157, 173, 171, 244, 31, 254, 152, 181, 3, 52, 189, 251, 156, 180, 33, 3, 227, 55, 156, 43, 252, 224, 178, 138, 96, 93, 213, 161, 197, 53, 221, 173, 107, 119, 50, 68, 181, 133,
64, 246, 173, 158, 140, 159, 235, 107, 196, 211, 76, 202, 76, 201, 210, 37, 243, 62, 176, 45, 60, 174, 49, 56, 118, 206, 181, 19, 22, 82, 209, 29, 172, 217, 62, 177, 79, 152, 151, 3,
196, 38, 186, 164, 170, 16, 10, 11, 82, 116, 65, 162, 55, 21, 85, 239, 221, 232, 24, 239, 189, 37, 160, 51, 249, 128, 128, 67, 154, 191, 22, 220, 13, 123, 114, 47, 239, 102, 96, 194,
169, 127, 252, 165, 201, 220, 90, 128, 241, 246, 193, 167, 62, 11, 83, 254, 109, 46, 44, 95, 247, 8, 52, 173, 252, 111, 216, 37, 61, 63, 81, 142, 162, 74, 34, 122, 24, 42, 140, 89,
63, 48, 55, 21, 50, 154, 55, 222, 145, 248, 182, 228, 63, 224, 57, 79, 216, 97, 41, 205, 165, 67, 169, 127, 96, 131, 245, 27, 10, 110, 175, 13, 238, 168, 140, 43, 175, 100, 4, 82,
170, 88, 7, 172, 234, 95, 244, 52, 106, 161, 128, 222, 239, 173, 236, 28, 191, 63, 127, 244, 207, 58, 214, 188, 164, 22, 107, 230, 25, 204, 209, 57, 54, 44, 225, 7, 182, 106, 177, 223,
193, 78, 71, 117, 44, 85, 254, 207, 161, 224, 197, 188, 111, 58, 80, 180, 53, 95, 144, 200, 38, 209, 157, 204, 215, 93, 23, 60, 15, 54, 157, 137, 201, 144, 184, 52, 152, 239, 49, 177,
48, 202, 120, 58, 43, 191, 87, 35, 225, 113, 90, 23, 169, 209, 147, 153, 136, 0, 226, 247, 140, 49, 11, 123, 47, 193, 14, 161, 183, 235, 19, 36, 148, 206, 231, 7, 206, 117, 110, 56,
200, 100, 221, 60, 52, 171, 66, 13, 119, 163, 29, 236, 160, 165, 41, 33, 208, 246, 227, 143, 58, 162, 92, 23, 189, 212, 5, 217, 49, 200, 183, 185, 33, 138, 42, 135, 112, 27, 39, 19,
157, 103, 150, 106, 79, 78, 31, 250, 238, 207, 54, 73, 189, 172, 188, 250, 66, 50, 168, 155, 0, 164, 178, 150, 144, 30, 190, 143, 134, 147, 45, 136, 169, 189, 30, 45, 135, 211, 201, 195,
55, 35, 250, 61, 244, 14, 252, 185, 178, 166, 68, 102, 168, 153, 225, 63, 178, 146, 101, 47, 9, 111, 222, 207, 95, 208, 232, 236, 240, 215, 166, 122, 224, 139, 64, 175, 73, 236, 229, 95,
243, 55, 147, 25, 56, 159, 16, 46, 33, 225, 143, 73, 125, 109, 131, 121, 135, 190, 63, 128, 79, 149, 147, 95, 252, 19, 167, 143, 174, 97, 28, 38, 75, 120, 72, 159, 45, 37, 82, 173,
238, 175, 63, 194, 213, 83, 172, 51, 156, 215, 218, 95, 135, 139, 11, 219, 61, 95, 73, 117, 188, 14, 21, 233, 166, 27, 161, 197, 201, 220, 65, 180, 252, 245, 248, 238, 59, 1, 113, 136,
98, 108, 58, 121, 142, 33, 116, 138, 144, 106, 244, 5, 14, 126, 109, 157, 167, 100, 51, 105, 47, 123, 157, 111, 55, 5, 55, 50, 19, 237, 40, 216, 189, 184, 190, 255, 73, 167, 1, 105,
231, 101, 6, 136, 237, 29, 156, 45, 110, 143, 245, 13, 22, 67, 178, 110, 214, 177, 183, 82, 149, 107, 16, 23, 167, 71, 80, 173, 153, 73, 201, 30, 119, 172, 235, 235, 172, 207, 215, 39,
210, 35, 62, 221, 168, 24, 223, 232, 232, 47, 97, 228, 40, 226, 245, 36, 116, 105, 237, 51, 247, 95, 157, 130, 145, 38, 119, 48, 85, 86, 236, 207, 166, 226, 167, 139, 107, 97, 93, 165,
63, 88, 145, 150, 6, 240, 130, 204, 161, 59, 6, 27, 7, 5, 153, 220, 243, 129, 250, 20, 184, 238, 115, 228, 67, 141, 75, 60, 3, 185, 76, 94, 225, 126, 44, 113, 164, 214, 236, 133,
190, 75, 128, 224, 148, 11, 11, 118, 36, 130, 105, 161, 147, 144, 124, 105, 135, 201, 248, 22, 153, 89, 90, 124, 230, 100, 221, 50, 46, 189, 113, 82, 71, 191, 56, 215, 131, 152, 0, 2,
138, 249, 214, 235, 49, 170, 103, 48, 141, 192, 60, 251, 25, 233, 174, 218, 16, 184, 42, 161, 3, 16, 30, 47, 150, 40, 236, 89, 43, 46, 14, 153, 226, 217, 35, 112, 140, 153, 190, 241,
79, 12, 203, 226, 51, 221, 200, 148, 192, 48, 145, 145, 199, 149, 103, 209, 134, 170, 125, 26, 172, 242, 212, 157, 17, 57, 239, 98, 239, 29, 193, 152, 147, 159, 87, 120, 168, 180, 217, 52,
231, 146, 85, 44, 8, 107, 176, 164, 50, 193, 175, 227, 134, 246, 150, 83, 211, 203, 89, 212, 17, 230, 193, 55, 228, 62, 154, 10, 111, 146, 3, 40, 22, 253, 203, 73, 19, 75, 221, 70,
189, 231, 26, 169, 59, 179, 219, 3, 207, 122, 134, 170, 188, 82, 112, 8, 54, 11, 115, 131, 2, 9, 86, 204, 240, 211, 67, 139, 137, 80, 162, 22, 153, 197, 215, 84, 182, 146, 108, 149,
51, 123, 95, 60, 166, 104, 96, 216, 211, 25, 231, 158, 138, 152, 87, 165, 186, 194, 163, 188, 20, 14, 79, 219, 74, 46, 21, 70, 189, 39, 116, 205, 215, 118, 252, 121, 19, 49, 113, 157,
155, 39, 26, 99, 38, 93, 211, 63, 124, 57, 16, 82, 28, 135, 39, 163, 140, 138, 254, 243, 60, 174, 29, 28, 225, 91, 100, 145, 185, 60, 158, 81, 65, 178, 160, 122, 48, 76, 198, 60,
224, 144, 173, 34, 164, 102, 103, 83, 161, 20, 120, 165, 187, 112, 207, 59, 1, 131, 218, 194, 158, 154, 231, 124, 145, 5, 65, 241, 142, 28, 133, 227, 216, 76, 32, 247, 7, 193, 238, 24,
65, 95, 225, 0, 182, 28, 177, 142, 245, 51, 83, 52, 44, 107, 208, 251, 155, 139, 179, 139, 111, 14, 93, 181, 22, 92, 160, 233, 53, 251, 179, 159, 141, 85, 58, 59, 57, 49, 197, 154,
189, 169, 155, 27, 172, 208, 115, 143, 49, 138, 94, 25, 9, 183, 119, 77, 227, 82, 15, 66, 189, 215, 236, 153, 187, 97, 198, 195, 157, 1, 11, 84, 4, 158, 77, 173, 241, 204, 117, 58,
171, 224, 190, 72, 153, 122, 66, 20, 221, 17, 224, 105, 13, 191, 79, 93, 49, 232, 104, 215, 145, 152, 13, 45, 142, 208, 227, 150, 44, 244, 124, 48, 177, 163, 55, 221, 9, 192, 131, 233,
63, 230, 49, 142, 7, 30, 60, 46, 215, 126, 183, 126, 79, 112, 45, 149, 195, 209, 97, 83, 166, 146, 168, 172, 98, 49, 254, 241, 22, 253, 246, 180, 238, 13, 157, 213, 170, 193, 103, 219,
163, 135, 2, 4, 240, 143, 143, 131, 1, 40, 243, 119, 163, 38, 222, 251, 175, 150, 64, 100, 205, 196, 135, 63, 243, 180, 36, 88, 7, 57, 226, 201, 113, 207, 239, 225, 148, 219, 163, 3,
238, 154, 64, 217, 19, 195, 166, 70, 228, 43, 189, 12, 55, 237, 39, 62, 38, 187, 189, 116, 118, 119, 214, 26, 142, 191, 20, 182, 85, 231, 189, 29, 185, 38, 135, 206, 133, 16, 119, 20,
55, 82, 95, 129, 28, 45, 73, 205, 144, 164, 38, 147, 136, 22, 163, 57, 187, 251, 226, 103, 238, 148, 19, 252, 116, 102, 94, 49, 150, 16, 125, 224, 138, 96, 246, 179, 139, 229, 93, 131,
206, 199, 197, 175, 54, 42, 93, 209, 115, 51, 58, 110, 183, 45, 37, 200, 238, 119, 220, 46, 14, 42, 125, 177, 165, 116, 16, 72, 25, 32, 140, 124, 12, 56, 61, 86, 51, 140, 55, 222,
144, 143, 165, 193, 31, 223, 46, 91, 206, 44, 39, 251, 234, 2, 149, 45, 55, 181, 178, 92, 35, 69, 242, 3, 145, 238, 132, 13, 172, 93, 31, 93, 157, 66, 0, 153, 138, 66, 139, 3,
117, 131, 136, 202, 244, 183, 243, 51, 162, 54, 99, 216, 144, 66, 211, 213, 239, 47, 99, 211, 104, 223, 238, 24, 75, 111, 225, 26, 239, 103, 189, 130, 204, 83, 71, 120, 38, 67, 236, 207,
189, 145, 200, 160, 6, 104, 93, 163, 0, 60, 178, 212, 47, 207, 215, 204, 148, 91, 22, 28, 13, 21, 134, 171, 178, 136, 224, 79, 184, 216, 19, 174, 82, 248, 109, 25, 52, 153, 119, 126,
239, 104, 13, 16, 166, 212, 151, 133, 189, 106, 135, 158, 167, 20, 118, 28, 54, 206, 76, 235, 140, 199, 85, 32, 141, 212, 210, 5, 178, 7, 91, 122, 222, 17, 251, 28, 5, 176, 77, 111,
97, 182, 55, 196, 160, 167, 112, 2, 206, 141, 249, 182, 38, 164, 109, 20, 190, 216, 55, 233, 58, 252, 210, 229, 12, 241, 10, 203, 55, 39, 18, 89, 169, 10, 162, 73, 52, 47, 12, 159,
241, 247, 35, 85, 171, 188, 179, 253, 99, 30, 178, 208, 7, 198, 215, 148, 201, 9, 157, 167, 199, 230, 29, 206, 133, 163, 67, 86, 172, 245, 238, 159, 31, 92, 137, 65, 158, 19, 252, 166,
132, 139, 70, 87, 135, 147, 131, 90, 189, 173, 114, 72, 8, 76, 188, 207, 117, 218, 160, 135, 167, 217, 245, 65, 252, 203, 80, 175, 28, 208, 248, 70, 191, 53, 167, 122, 19, 181, 15, 21,
3, 240, 183, 19, 48, 69, 163, 0, 164, 198, 109, 255, 57, 191, 192, 58, 250, 41, 250, 156, 232, 111, 52, 107, 99, 22, 92, 167, 42, 125, 67, 254, 221, 179, 7, 245, 150, 9, 162, 56,
145, 197, 231, 111, 149, 149, 96, 152, 4, 115, 88, 41, 246, 126, 82, 230, 144, 29, 216, 161, 153, 212, 115, 163, 207, 246, 212, 235, 60, 120, 54, 255, 87, 14, 24, 68, 139, 68, 124, 173,
201, 109, 194, 4, 54, 1, 80, 157, 250, 86, 22, 57, 112, 47, 167, 63, 38, 13, 13, 21, 50, 188, 85, 216, 136, 173, 186, 252, 60, 211, 49, 111, 219, 117, 97, 230, 171, 28, 145, 51,
115, 169, 207, 120, 10, 110, 175, 13, 238, 168, 140, 87, 155, 20, 12, 23, 168, 88, 125, 141, 166, 96, 202, 21, 60, 188, 238, 180, 158, 199, 151, 3, 215, 7, 83, 197, 166, 21, 249, 218,
190, 91, 66, 173, 41, 249, 193, 5, 118, 73, 237, 96, 180, 102, 182, 215, 243, 12, 30, 119, 78, 118, 238, 241, 140, 228, 182, 167, 28, 46, 60, 168, 3, 88, 156, 210, 9, 238, 128, 194,
148, 78, 28, 36, 72, 2, 185, 154, 223, 246, 231, 12, 169, 159, 113, 134, 67, 202, 83, 58, 107, 167, 114, 47, 237, 44, 2, 69, 139, 166, 251, 138, 155, 85, 220, 214, 157, 49, 109, 95,
19, 198, 97, 145, 181, 249, 117, 102, 147, 196, 251, 7, 178, 82, 100, 41, 194, 87, 213, 53, 56, 156, 92, 10, 84, 179, 24, 237, 239, 188, 125, 45, 149, 236, 199, 245, 58, 134, 92, 38,
184, 201, 67, 230, 116, 208, 147, 232, 124, 133, 56, 163, 115, 13, 51, 36, 171, 123, 151, 39, 79, 126, 14, 197, 225, 235, 1, 113, 169, 155, 190, 241, 46, 45, 236, 249, 35, 192, 171, 244,
207, 109, 190, 207, 174, 198, 12, 223, 184, 196, 102, 87, 238, 129, 149, 213, 20, 88, 244, 78, 163, 24, 234, 243, 181, 185, 82, 106, 141, 153, 199, 63, 222, 167, 99, 40, 105, 103, 222, 206,
116, 160, 174, 255, 140, 155, 163, 93, 223, 159, 88, 200, 38, 241, 173, 82, 132, 120, 164, 20, 5, 238, 51, 52, 63, 193, 163, 113, 22, 45, 163, 96, 142, 239, 12, 230, 4, 163, 142, 84,
242, 13, 132, 178, 145, 3, 7, 101, 115, 122, 112, 135, 5, 56, 79, 227, 192, 202, 64, 212, 139, 8, 187, 76, 178, 219, 249, 100, 157, 185, 20, 237, 0, 107, 14, 50, 158, 76, 16, 239,
149, 72, 196, 177, 145, 213, 101, 252, 190, 214, 208, 154, 52, 56, 67, 233, 95, 107, 13, 76, 128, 94, 33, 157, 201, 4, 208, 19, 19, 52, 36, 165, 157, 71, 58, 125, 28, 111, 148, 88,
17, 35, 73, 30, 50, 177, 32, 168, 144, 250, 176, 213, 79, 194, 2, 67, 205, 96, 60, 231, 136, 57, 253, 82, 116, 151, 204, 6, 30, 97, 211, 48, 237, 148, 175, 89, 156, 18, 19, 119,
253, 63, 104, 139, 165, 112, 222, 4, 11, 167, 236, 236, 246, 201, 231, 114, 150, 13, 124, 131, 185, 79, 254, 250, 223, 42, 92, 249, 14, 239, 209, 17, 127, 115, 149, 17, 244, 117, 177, 226,
224, 31, 93, 88, 63, 111, 253, 201, 242, 144, 155, 169, 45, 63, 48, 130, 119, 71, 146, 207, 23, 221, 129, 193, 179, 85, 51, 10, 54, 54, 179, 168, 253, 137, 166, 77, 185, 225, 49, 168,
75, 192, 64, 25, 16, 170, 102, 34, 142, 69, 54, 78, 149, 171, 131, 147, 242, 127, 244, 154, 174, 33, 107, 91, 31, 159, 1, 173, 253, 239, 114, 68, 164, 202, 211, 52, 148, 123, 112, 41,
209, 102, 214, 23, 15, 176, 94, 109, 115, 239, 18, 223, 244, 139, 16, 25, 145, 243, 243, 177, 60, 133, 36, 15, 160, 252, 3, 233, 55, 173, 189, 233, 35, 168, 29, 203, 13, 62, 75, 68,
209, 126, 173, 124, 48, 103, 55, 197, 217, 237, 57, 88, 181, 177, 167, 200, 105, 45, 243, 241, 32, 228, 238, 244, 233, 42, 158, 186, 201, 230, 14, 208, 177, 155, 75, 45, 235, 223, 225, 199,
53, 11, 252, 96, 188, 38, 231, 191, 161, 136, 76, 87, 170, 194, 214, 104, 204, 186, 82, 72, 21, 110, 211, 147, 119, 250, 156, 149, 181, 225, 139, 120, 157, 202, 13, 177, 29, 195, 194, 83,
170, 17, 183, 118, 53, 190, 32, 62, 8, 204, 190, 70, 10, 76, 180, 29, 128, 218, 99, 155, 43, 132, 132, 58, 187, 114, 226, 204, 171, 25, 49, 26, 54, 125, 76, 163, 14, 61, 69, 206,
244, 234, 5, 207, 182, 63, 160, 57, 251, 132, 243, 25, 137, 150, 92, 220, 112, 75, 80, 44, 182, 104, 85, 202, 149, 103, 198, 153, 178, 209, 83, 231, 228, 192, 244, 136, 20, 30, 92, 219,
95, 14, 56, 70, 139, 63, 5, 150, 156, 82, 248, 13, 39, 16, 33, 177, 255, 66, 72, 105, 5, 124, 156, 93, 52, 4, 33, 62, 43, 152, 84, 142, 214, 141, 165, 217, 29, 220, 95, 65,
186, 116, 54, 145, 184, 49, 130, 74, 75, 184, 211, 78, 51, 93, 209, 107, 203, 172, 187, 51, 172, 21, 19, 119, 160, 16, 104, 216, 165, 76, 222, 84, 60, 167, 236, 200, 138, 212, 231, 114,
147, 47, 124, 195, 191, 0, 255, 244, 238, 53, 36, 234, 42, 231, 235, 76, 124, 113, 145, 30, 134, 110, 244, 250, 224, 62, 2, 118, 36, 116, 160, 248, 187, 183, 160, 143, 48, 58, 53, 252,
112, 124, 184, 224, 47, 239, 163, 254, 191, 62, 1, 8, 58, 102, 145, 138, 231, 251, 180, 45, 178, 219, 116, 165, 83, 237, 82, 7, 7, 184, 116, 79, 241, 118, 69, 90, 136, 137, 144, 191,
190, 5, 212, 235, 238, 45, 82, 67, 3, 202, 84, 157, 147, 238, 29, 69, 148, 194, 192, 66, 164, 89, 99, 39, 195, 107, 203, 103, 61, 253, 67, 119, 51, 149, 0, 241, 190, 167, 62, 19,
235, 242, 224, 168, 76, 241, 87, 101, 184, 242, 24, 189, 30, 224, 175, 231, 33, 159, 76, 182, 119, 61, 11, 91, 171, 52, 157, 116, 60, 68, 68, 228, 254, 246, 62, 93, 240, 159, 172, 217,
79, 12, 233, 253, 14, 221, 244, 236, 212, 25, 190, 172, 213, 198, 14, 243, 250, 159, 82, 1, 145, 137, 225, 153, 118, 36, 213, 87, 131, 76, 231, 175, 169, 157, 32, 103, 189, 143, 196, 95,
222, 137, 33, 92, 104, 82, 192, 191, 85, 200, 138, 160, 240, 215, 253, 9, 151, 149, 126, 211, 43, 211, 226, 75, 146, 99, 158, 56, 54, 181, 15, 54, 119, 216, 188, 21, 37, 70, 129, 123,
138, 229, 109, 150, 48, 145, 166, 47, 195, 27, 190, 139, 165, 123, 40, 53, 78, 116, 104, 185, 8, 26, 105, 225, 210, 213, 56, 205, 170, 46, 129, 17, 131, 192, 253, 68, 239, 162, 116, 255,
49, 16, 90, 30, 173, 71, 76, 206, 182, 124, 229, 164, 180, 131, 68, 161, 227, 218, 213, 184, 56, 43, 97, 214, 71, 14, 63, 118, 140, 87, 3, 183, 214, 123, 242, 8, 29, 63, 68, 239,
243, 85, 28, 67, 22, 77, 181, 68, 118, 49, 41, 15, 32, 239, 37, 211, 180, 141, 146, 169, 28, 224, 77, 78, 207, 106, 26, 247, 167, 95, 178, 75, 85, 170, 246, 91, 45, 63, 239, 58,
220, 141, 176, 37, 207, 105, 49, 108, 173, 3, 9, 184, 145, 73, 246, 27, 47, 177, 214, 199, 174, 146, 200, 34, 137, 43, 37, 228, 144, 67, 132, 233, 222, 84, 91, 217, 42, 253, 193, 36,
105, 108, 155, 0, 174, 22, 177, 225, 207, 12, 102, 75, 13, 118, 217, 241, 164, 189, 222, 255, 50, 111, 13, 188, 0, 123, 142, 212, 7, 221, 151, 204, 168, 97, 32, 54, 49, 57, 204, 131,
190, 166, 224, 12, 147, 192, 113, 144, 50, 234, 111, 61, 43, 189, 117, 34, 200, 69, 54, 102, 149, 132, 131, 147, 168, 127, 244, 247, 174, 47, 107, 91, 117, 159, 1, 129, 253, 202, 114, 68,
139, 202, 211, 60, 148, 84, 112, 41, 187, 102, 214, 50, 15, 160, 94, 109, 50, 239, 18, 247, 244, 150, 16, 25, 243, 243, 243, 154, 60, 161, 36, 15, 129, 252, 3, 217, 55, 192, 189, 233,
53, 168, 29, 157, 13, 28, 75, 68, 179, 126, 173, 89, 48, 126, 55, 197, 233, 237, 57, 75, 181, 191, 167, 200, 96, 45, 243, 221, 32, 183, 238, 244, 138, 42, 158, 145, 201, 202, 14, 208,
161, 155, 75, 25, 235, 140, 225, 199, 35, 11, 252, 61, 188, 40, 231, 191, 156, 136, 76, 103, 170, 175, 214, 104, 200, 186, 82, 43, 21, 74, 211, 147, 76, 250, 156, 156, 181, 195, 139, 120,
232, 202, 13, 234, 29, 204, 194, 83, 250, 17, 183, 38, 53, 154, 32, 62, 125, 204, 190, 119, 1, 101, 190, 122, 150, 214, 30, 255, 16, 167, 157, 54, 197, 13, 132, 150, 237, 30, 7, 101,
118, 88, 112, 199, 117, 60, 115, 204, 230, 183, 63, 237, 140, 95, 251, 83, 137, 214, 201, 122, 145, 193, 103, 239, 7, 95, 86, 34, 244, 112, 16, 239, 138, 85, 196, 196, 145, 216, 101, 184,
206, 214, 208, 230, 21, 113, 67, 233, 72, 60, 13, 63, 128, 37, 33, 142, 193, 4, 208, 9, 85, 8, 36, 165, 137, 103, 58, 126, 28, 96, 148, 95, 16, 35, 73, 38, 115, 133, 32, 168,
189, 150, 176, 161, 79, 253, 2, 116, 225, 96, 60, 255, 135, 46, 253, 82, 109, 210, 204, 69, 30, 85, 211, 35, 207, 148, 175, 42, 172, 66, 19, 119, 129, 16, 104, 191, 165, 108, 222, 84,
1, 167, 236, 192, 138, 145, 231, 114, 210, 47, 124, 247, 191, 13, 255, 244, 231, 53, 36, 174, 42, 222, 235, 76, 65, 113, 145, 1, 134, 66, 244, 250, 245, 62, 2, 43, 36, 109, 160, 248,
173, 183, 160, 134, 48, 42, 53, 252, 28, 124, 184, 232, 47, 246, 163, 254, 213, 62, 1, 63, 58, 16, 145, 138, 238, 251, 180, 42, 178, 194, 116, 165, 49, 237, 82, 51, 7, 181, 116, 79,
205, 81, 45, 18, 153, 173, 228, 153, 156, 94, 231, 230, 188, 18, 114, 68, 32, 238, 112, 139, 158, 218, 98, 93, 156, 193, 164, 28, 149, 102, 110, 20, 191, 75, 232, 51, 19, 164, 110, 102,
119, 232, 24, 254, 245, 140, 124, 33, 208, 246, 227, 179, 24, 241, 102, 107, 184, 221, 7, 185, 9, 161, 165, 232, 0, 241, 73, 169, 7, 8, 82, 46, 136, 8, 182, 101, 16, 33, 67, 194,
251, 199, 51, 70, 237, 158, 190, 241, 117, 41, 246, 249, 48, 213, 183, 185, 204, 13, 165, 144, 149, 247, 59, 219, 187, 189, 115, 61, 174, 211, 212, 158, 19, 27, 206, 67, 169, 16, 239, 251,
132, 158, 84, 0, 141, 195, 208, 71, 186, 172, 95, 112, 109, 111, 175, 137, 95, 216, 239, 157, 134, 255, 235, 114, 144, 211, 2, 205, 50, 215, 249, 127, 251, 3, 146, 38, 5, 238, 51, 52,
63, 193, 163, 113, 22, 45, 163, 96, 142, 239, 12, 230, 4, 163, 142, 84, 242, 13, 132, 178, 145, 3, 7, 101, 115, 122, 112, 135, 5, 56, 79, 227, 192, 202, 64, 212, 139, 8, 187, 76,
178, 219, 249, 100, 157, 185, 20, 237, 0, 107, 14, 50, 158, 76, 16, 239, 149, 72, 196, 177, 145, 213, 101, 252, 190, 214, 208, 154, 52, 56, 67, 233, 95, 107, 13, 76, 128, 94, 33, 157,
201, 4, 208, 19, 19, 52, 36, 165, 157, 71, 58, 125, 28, 111, 148, 88, 17, 35, 73, 30, 50, 177, 32, 168, 144, 250, 176, 213, 79, 194, 2, 67, 205, 96, 60, 231, 136, 57, 253, 82,
116, 151, 204, 6, 30, 97, 211, 48, 237, 148, 175, 89, 156, 18, 19, 119, 253, 63, 104, 139, 165, 112, 222, 4, 11, 167, 236, 236, 246, 201, 231, 114, 150, 13, 124, 131, 191, 15, 255, 231,
239, 53, 36, 204, 108, 234, 235, 76, 97, 33, 143, 51, 170, 65, 148, 239, 234, 69, 86, 50, 60, 112, 252, 217, 129, 152, 152, 180, 11, 42, 0, 142, 35, 79, 178, 245, 3, 252, 158, 207,
206, 98, 47, 96, 46, 4, 131, 155, 253, 232, 148, 17, 156, 223, 124, 238, 61, 200, 32, 51, 116, 254, 102, 117, 213, 84, 22, 120, 205, 138, 149, 196, 158, 94, 246, 228, 189, 0, 29, 30,
119, 134, 0, 139, 179, 217, 98, 41, 201, 166, 181, 80, 222, 23, 111, 125, 191, 126, 177, 99, 127, 234, 52, 76, 76, 172, 48, 242, 163, 134, 9, 78, 224, 247, 239, 147, 29, 245, 71, 6,
133, 209, 23, 201, 107, 232, 163, 181, 19, 164, 23, 165, 34, 58, 37, 17, 132, 24, 237, 59, 43, 98, 33, 249, 199, 230, 11, 81, 172, 156, 189, 249, 68, 73, 219, 216, 14, 193, 188, 191,
195, 52, 178, 174, 171, 226, 25, 201, 253, 194, 72, 2, 176, 219, 214, 169, 106, 91, 212, 49, 157, 47, 238, 175, 189, 165, 81, 117, 188, 216, 197, 66, 232, 181, 94, 53, 22, 95, 252, 204,
60, 178, 187, 133, 188, 252, 171, 111, 230, 204, 119, 179, 43, 207, 240, 125, 155, 103, 157, 27, 61, 189, 81, 120, 53, 176, 186, 103, 29, 84, 131, 76, 144, 193, 44, 189, 20, 133, 172, 53,
226, 6, 152, 143, 154, 26, 23, 100, 105, 123, 127, 198, 7, 126, 92, 255, 239, 173, 32, 231, 134, 63, 149, 52, 188, 224, 248, 5, 138, 146, 84, 222, 49, 113, 112, 5, 189, 111, 82, 185,
161, 29, 254, 145, 201, 253, 92, 248, 160, 215, 250, 177, 47, 123, 43, 212, 118, 15, 58, 71, 137, 44, 28, 206, 220, 86, 225, 45, 7, 33, 63, 176, 250, 39, 50, 100, 108, 55, 203, 86,
0, 14, 22, 16, 35, 188, 18, 136, 131, 157, 156, 249, 13, 213, 17, 86, 233, 40, 34, 214, 158, 94, 129, 55, 65, 144, 208, 98, 48, 122, 210, 26, 212, 138, 158, 56, 174, 114, 54, 73,
128, 26, 116, 136, 235, 81, 233, 53, 0, 162, 200, 215, 136, 205, 247, 115, 214, 63, 66, 192, 185, 65, 130, 206, 226, 21, 102, 242, 59, 253, 198, 18, 67, 33, 141, 103, 178, 71, 148, 131,
199, 61, 98, 49, 47, 106, 226, 233, 152, 226, 185, 143, 40, 119, 2, 132, 106, 77, 147, 209, 48, 229, 213, 132, 175, 126, 23, 104, 63, 4, 134, 188, 185, 241, 137, 8, 168, 231, 54, 157,
116, 210, 74, 65, 53, 166, 117, 40, 245, 127, 27, 122, 135, 143, 160, 150, 177, 98, 134, 159, 172, 57, 18, 72, 34, 227, 118, 156, 163, 240, 107, 57, 143, 222, 242, 26, 149, 115, 77, 121,
164, 113, 200, 12, 112, 178, 105, 123, 98, 246, 27, 195, 243, 217, 118, 18, 224, 250, 135, 138, 36, 244, 86, 106, 155, 167, 6, 253, 52, 206, 162, 196, 7, 255, 26, 146, 8, 43, 92, 46,
191, 30, 226, 59, 61, 102, 29, 255, 255, 212, 52, 103, 187, 164, 189, 203, 75, 72, 225, 206, 29, 221, 252, 141, 194, 111, 164, 210, 149, 221, 123, 207, 166, 149, 127, 34, 165, 237, 208, 141,
51, 90, 240, 72, 157, 77, 214, 129, 220, 135, 94, 118, 184, 190, 238, 96, 219, 145, 36, 106, 29, 92, 208, 133, 53, 248, 141, 225, 129, 204, 156, 95, 230, 204, 118, 247, 85, 214, 167, 104,
252, 0, 137, 8, 6, 160, 93, 29, 2, 166, 177, 64, 9, 103, 173, 91, 174, 229, 60, 182, 25, 190, 185, 89, 206, 8, 139, 173, 188, 26, 23, 6, 75, 123, 127, 219, 20, 61, 67, 233,
239, 213, 76, 205, 139, 40, 149, 44, 161, 249, 240, 94, 151, 206, 23, 198, 11, 83, 91, 46, 181, 82, 82, 184, 182, 29, 212, 177, 132, 152, 82, 138, 164, 231, 160, 171, 23, 14, 43, 200,
68, 15, 44, 36, 247, 60, 114, 170, 213, 15, 222, 111, 72, 52, 102, 234, 143, 120, 33, 63, 53, 123, 188, 116, 36, 3, 10, 29, 29, 173, 8, 156, 212, 157, 184, 161, 20, 214, 66, 103,
236, 73, 28, 230, 235, 39, 139, 82, 80, 154, 205, 93, 116, 87, 253, 58, 209, 179, 182, 35, 202, 95, 55, 91, 134, 88, 91, 136, 186, 81, 151, 88, 32, 133, 146, 171, 149, 140, 230, 115,
182, 95, 115, 130, 189, 70, 236, 232, 193, 82, 68, 217, 37, 253, 214, 62, 116, 88, 180, 127, 174, 94, 142, 253, 212, 8, 87, 83, 36, 55, 209, 211, 134, 226, 189, 250, 55, 21, 47, 167,
8, 62, 144, 151, 30, 217, 163, 155, 221, 101, 22, 25, 7, 48, 177, 134, 228, 129, 189, 50, 136, 154, 54, 183, 60, 210, 122, 50, 50, 134, 94, 98, 192, 74, 47, 100, 206, 169, 184, 148,
251, 118, 226, 223, 232, 76, 64, 79, 125, 152, 74, 147, 141, 232, 107, 56, 170, 206, 215, 54, 164, 114, 5, 21, 179, 69, 169, 4, 6, 227, 101, 12, 125, 176, 106, 227, 240, 222, 117, 50,
223, 247, 228, 148, 24, 129, 115, 16, 140, 241, 63, 247, 55, 217, 208, 197, 15, 248, 29, 167, 60, 42, 54, 61, 180, 13, 130, 59, 49, 102, 33, 248, 252, 246, 100, 77, 158, 137, 161, 241,
52, 11, 201, 193, 0, 233, 233, 184, 232, 24, 132, 151, 138, 205, 98, 197, 174, 129, 115, 60, 165, 217, 144, 141, 9, 13, 233, 47, 247, 80, 254, 137, 130, 165, 86, 70, 206, 190, 197, 62,
238, 181, 115, 103, 50, 70, 232, 143, 52, 200, 238, 229, 183, 238, 242, 95, 194, 182, 6, 240, 49, 237, 204, 111, 131, 59, 184, 127, 45, 161, 1, 25, 34, 197, 173, 104, 51, 106, 173, 68,
135, 229, 3, 231, 9, 133, 177, 90, 222, 39, 227, 200, 236, 26, 37, 27, 80, 10, 108, 198, 37, 126, 92, 208, 239, 173, 63, 231, 137, 18, 134, 21, 186, 242, 250, 65, 244, 171, 110, 212,
50, 92, 127, 51, 133, 82, 82, 220, 136, 26, 225, 155, 184, 216, 113, 253, 164, 231, 212, 237, 11, 14, 43, 243, 104, 15, 29, 44, 133, 87, 21, 204, 205, 69, 216, 112, 6, 22, 34, 138,
255, 85, 6, 103, 58, 121, 178, 66, 16, 47, 28, 16, 113, 151, 30, 152, 191, 164, 189, 187, 54, 166, 65, 121, 199, 51, 122, 214, 141, 0, 145, 100, 61, 154, 245, 98, 114, 122, 181, 30,
213, 144, 128, 45, 150, 95, 29, 76, 155, 52, 123, 222, 239, 14, 198, 5, 36, 198, 227, 215, 167, 205, 247, 17, 171, 46, 86, 130, 159, 65, 130, 181, 178, 20, 93, 233, 55, 253, 214, 72,
84, 88, 190, 127, 145, 94, 160, 130, 209, 78, 3, 50, 85, 55, 197, 202, 250, 165, 179, 180, 11, 63, 92, 249, 106, 127, 200, 253, 17, 216, 190, 147, 142, 111, 32, 28, 38, 13, 155, 133,
199, 136, 163, 85, 139, 230, 114, 153, 46, 245, 117, 69, 1, 224, 55, 80, 245, 110, 51, 102, 173, 162, 172, 154, 142, 98, 214, 203, 186, 31, 29, 101, 125, 153, 86, 129, 144, 247, 97, 51,
164, 252, 197, 38, 141, 94, 94, 21, 251, 111, 210, 102, 37, 176, 77, 91, 112, 246, 28, 249, 190, 157, 118, 79, 144, 142, 216, 149, 18, 244, 115, 108, 131, 161, 73, 231, 112, 243, 149, 202,
12, 248, 15, 148, 60, 20, 39, 56, 210, 43, 135, 96, 29, 110, 54, 246, 233, 194, 60, 125, 178, 133, 178, 196, 104, 79, 169, 206, 0, 233, 193, 152, 225, 24, 156, 211, 138, 225, 108, 238,
243, 144, 114, 9, 133, 251, 192, 131, 106, 5, 241, 99, 172, 59, 202, 168, 159, 141, 126, 9, 204, 161, 196, 110, 225, 209, 115, 106, 42, 125, 252, 191, 95, 246, 233, 166, 243, 253, 246, 67,
234, 204, 112, 230, 23, 207, 209, 126, 173, 103, 162, 27, 48, 161, 75, 13, 50, 197, 176, 11, 62, 104, 137, 28, 212, 235, 0, 189, 71, 185, 205, 22, 216, 113, 133, 134, 178, 99, 112, 15,
103, 10, 97, 133, 10, 126, 61, 211, 192, 213, 45, 236, 183, 22, 150, 74, 242, 138, 250, 76, 189, 141, 82, 245, 34, 88, 64, 61, 143, 16, 113, 227, 174, 101, 253, 185, 153, 218, 125, 160,
250, 213, 224, 182, 57, 3, 82, 228, 85, 50, 24, 114, 143, 0, 3, 151, 213, 72, 194, 7, 70, 48, 100, 232, 186, 92, 50, 59, 112, 81, 160, 61, 112, 45, 73, 82, 44, 184, 18, 152,
175, 162, 176, 230, 36, 194, 61, 90, 187, 121, 1, 143, 169, 39, 128, 86, 67, 204, 207, 121, 23, 67, 238, 62, 202, 144, 143, 35, 189, 86, 22, 77, 133, 88, 7, 153, 184, 117, 151, 42,
28, 172, 213, 213, 243, 138, 247, 12, 142, 90, 121, 198, 167, 62, 208, 246, 238, 42, 58, 177, 56, 249, 198, 54, 42, 32, 161, 54, 171, 90, 239, 235, 194, 13, 122, 68, 46, 40, 193, 232,
143, 154, 181, 135, 22, 53, 8, 168, 52, 127, 203, 235, 39, 212, 178, 152, 144, 103, 12, 54, 46, 56, 135, 167, 251, 183, 179, 53, 173, 204, 117, 174, 127, 250, 81, 30, 14, 191, 82, 87,
144, 46, 71, 84, 174, 146, 172, 187, 145, 107, 224, 248, 235, 25, 97, 121, 49, 199, 80, 136, 180, 141, 93, 60, 146, 255, 192, 37, 144, 121, 93, 34, 185, 69, 233, 104, 104, 185, 52, 23,
68, 160, 104, 249, 179, 165, 14, 78, 243, 147, 239, 147, 29, 245, 71, 17, 166, 241, 23, 195, 30, 217, 139, 232, 4, 168, 51, 182, 11, 42, 38, 42, 163, 120, 134, 87, 56, 64, 49, 233,
248, 182, 16, 81, 232, 216, 247, 243, 100, 52, 250, 213, 40, 197, 237, 181, 138, 24, 196, 149, 170, 243, 19, 140, 152, 149, 97, 57, 141, 128, 214, 133, 31, 16, 218, 125, 157, 48, 254, 129,
206, 182, 109, 101, 182, 181, 135, 121, 225, 200, 87, 49, 12, 125, 179, 145, 108, 169, 180, 229, 174, 238, 242, 127, 253, 182, 120, 216, 74, 200, 240, 116, 128, 48, 166, 11, 27, 239, 14, 57,
23, 239, 154, 118, 40, 91, 183, 19, 189, 224, 44, 231, 63, 225, 177, 53, 205, 113, 146, 151, 180, 127, 35, 49, 97, 123, 114, 179, 3, 126, 85, 233, 252, 202, 32, 206, 175, 35, 149, 61,
248, 212, 214, 1, 139, 187, 84, 222, 1, 93, 91, 115, 162, 14, 106, 248, 138, 7, 198, 178, 136, 237, 3, 142, 251, 215, 214, 134, 42, 63, 43, 139, 95, 96, 52, 121, 136, 12, 28, 202,
212, 14, 130, 14, 73, 14, 102, 183, 242, 120, 18, 120, 50, 81, 190, 117, 32, 31, 11, 16, 38, 145, 53, 141, 191, 182, 229, 226, 9, 196, 16, 20, 227, 110, 34, 250, 190, 28, 247, 83,
99, 187, 202, 97, 43, 118, 246, 111, 255, 140, 182, 2, 202, 111, 63, 107, 146, 60, 100, 222, 230, 117, 157, 22, 22, 219, 255, 252, 163, 202, 230, 115, 131, 1, 81, 193, 189, 33, 218, 199,
221, 14, 85, 233, 39, 253, 214, 42, 84, 88, 142, 127, 139, 94, 143, 216, 209, 78, 100, 50, 16, 55, 167, 221, 155, 227, 157, 165, 17, 10, 92, 149, 50, 58, 128, 246, 11, 218, 169, 210,
128, 61, 122, 30, 39, 58, 134, 188, 217, 178, 154, 81, 141, 255, 22, 136, 42, 210, 114, 50, 53, 134, 117, 41, 192, 74, 50, 18, 198, 175, 160, 140, 128, 0, 230, 248, 133, 58, 126, 105,
34, 153, 72, 246, 135, 200, 92, 105, 176, 207, 198, 38, 200, 121, 77, 37, 204, 71, 251, 54, 40, 176, 77, 83, 112, 237, 118, 163, 180, 214, 1, 62, 193, 201, 228, 138, 44, 150, 66, 6,
155, 210, 6, 255, 62, 209, 188, 194, 4, 131, 9, 139, 10, 37, 84, 93, 146, 25, 185, 35, 7, 36, 4, 248, 220, 182, 26, 112, 150, 178, 161, 216, 72, 20, 205, 228, 29, 213, 247, 141,
150, 41, 179, 143, 132, 214, 127, 205, 135, 216, 66, 94, 180, 234, 193, 188, 31, 13, 137, 86, 143, 46, 198, 228, 174, 135, 94, 118, 184, 190, 198, 120, 223, 181, 36, 76, 26, 96, 232, 143,
53, 205, 238, 166, 190, 213, 161, 81, 149, 205, 26, 196, 19, 239, 167, 104, 135, 48, 137, 11, 54, 239, 22, 29, 9, 251, 140, 126, 19, 110, 165, 66, 220, 249, 60, 182, 25, 190, 185, 95,
231, 19, 135, 157, 158, 121, 13, 44, 54, 92, 122, 185, 6, 61, 50, 255, 215, 241, 27, 199, 152, 80, 142, 6, 161, 249, 154, 94, 151, 129, 93, 233, 60, 103, 111, 11, 128, 82, 93, 185,
139, 94, 220, 151, 207, 152, 82, 138, 164, 231, 211, 179, 39, 48, 67, 201, 51, 43, 23, 120, 177, 1, 18, 174, 220, 107, 129, 13, 16, 31, 34, 153, 140, 34, 40, 63, 26, 79, 214, 100,
116, 112, 54, 6, 47, 158, 44, 165, 182, 148, 225, 198, 55, 208, 95, 101, 199, 68, 62, 141, 148, 13, 247, 104, 80, 151, 205, 13, 38, 117, 225, 33, 142, 184, 182, 88, 132, 95, 29, 126,
147, 74, 72, 131, 190, 127, 221, 56, 41, 191, 215, 224, 175, 140, 195, 123, 157, 3, 86, 255, 164, 33, 242, 202, 201, 85, 90, 198, 11, 186, 233, 47, 50, 74, 169, 103, 161, 26, 182, 201,
149, 25, 87, 67, 76, 97, 209, 211, 166, 229, 197, 157, 13, 119, 17, 252, 34, 97, 179, 210, 55, 203, 169, 229, 171, 62, 109, 2, 11, 49, 165, 171, 230, 240, 189, 50, 136, 154, 23, 176,
83, 215, 120, 16, 48, 251, 43, 45, 148, 80, 26, 119, 152, 158, 156, 171, 143, 117, 220, 203, 236, 78, 97, 79, 125, 218, 118, 179, 190, 201, 22, 105, 147, 219, 212, 58, 189, 79, 68, 4,
255, 81, 242, 40, 25, 164, 87, 12, 64, 183, 13, 243, 143, 166, 52, 51, 224, 250, 196, 161, 61, 144, 93, 24, 228, 250, 11, 223, 16, 169, 139, 224, 15, 248, 61, 147, 60, 42, 54, 61,
163, 56, 226, 96, 17, 100, 17, 199, 255, 251, 37, 102, 154, 171, 189, 171, 92, 79, 237, 204, 53, 255, 180, 186, 142, 18, 165, 141, 150, 223, 57, 207, 179, 157, 87, 34, 140, 215, 146, 150,
45, 16, 238, 94, 179, 46, 146, 130, 146, 155, 118, 117, 142, 181, 205, 35, 206, 137, 91, 104, 111, 125, 182, 187, 52, 200, 238, 229, 139, 219, 182, 106, 205, 146, 7, 240, 50, 194, 196, 83,
255, 26, 179, 127, 58, 150, 43, 117, 23, 239, 183, 80, 10, 75, 138, 110, 206, 250, 100, 156, 22, 190, 141, 2, 238, 118, 167, 151, 240, 112, 41, 13, 67, 0, 113, 187, 15, 33, 80, 200,
231, 196, 90, 207, 176, 51, 166, 57, 186, 242, 134, 5, 144, 190, 29, 192, 23, 103, 124, 41, 165, 14, 115, 200, 166, 127, 193, 147, 148, 199, 69, 157, 211, 203, 196, 173, 11, 3, 43, 237,
73, 63, 110, 70, 148, 89, 40, 207, 234, 114, 244, 45, 27, 31, 117, 178, 254, 112, 11, 59, 22, 47, 134, 97, 28, 0, 0, 51, 112, 136, 48, 172, 156, 166, 224, 227, 21, 214, 37, 73,
236, 73, 96, 203, 172, 2, 189, 104, 42, 154, 225, 97, 18, 75, 210, 41, 232, 140, 186, 22, 141, 93, 57, 23, 159, 26, 83, 173, 141, 23, 139, 6, 115, 176, 150, 252, 141, 180, 214, 47,
147, 47, 115, 255, 167, 65, 128, 254, 193, 82, 40, 221, 40, 208, 197, 6, 127, 74, 138, 127, 174, 26, 241, 238, 209, 6, 127, 70, 17, 82, 208, 236, 152, 154, 176, 175, 14, 40, 15, 137,
110, 113, 144, 211, 54, 216, 174, 239, 134, 78, 32, 3, 77, 4, 182, 221, 198, 241, 147, 43, 173, 154, 54, 234, 42, 210, 108, 30, 6, 168, 54, 115, 147, 74, 58, 122, 134, 163, 156, 137,
250, 99, 220, 192, 173, 43, 77, 64, 18, 153, 91, 180, 167, 235, 23, 79, 209, 250, 225, 38, 141, 66, 69, 120, 251, 27, 250, 41, 6, 176, 87, 127, 66, 143, 51, 216, 167, 134, 1, 40,
245, 247, 227, 150, 74, 142, 78, 52, 167, 209, 23, 188, 103, 217, 181, 186, 4, 131, 74, 163, 60, 8, 39, 56, 210, 31, 153, 87, 72, 109, 4, 230, 252, 242, 63, 86, 232, 217, 139, 198,
61, 22, 250, 227, 9, 160, 241, 161, 138, 24, 184, 184, 142, 214, 25, 242, 156, 165, 1, 94, 171, 251, 192, 186, 118, 38, 255, 52, 158, 6, 214, 170, 180, 135, 92, 102, 153, 164, 231, 35,
238, 181, 75, 90, 50, 113, 179, 154, 53, 223, 138, 229, 183, 155, 246, 112, 233, 140, 70, 244, 40, 172, 209, 126, 178, 48, 151, 32, 5, 172, 41, 47, 110, 237, 159, 105, 60, 103, 173, 76,
132, 222, 63, 231, 29, 227, 185, 39, 239, 39, 227, 188, 176, 27, 47, 23, 114, 86, 93, 198, 124, 6, 107, 194, 236, 241, 64, 226, 180, 18, 134, 42, 154, 242, 229, 105, 184, 190, 64, 231,
35, 92, 74, 111, 129, 117, 65, 195, 159, 65, 241, 145, 206, 208, 12, 149, 164, 213, 251, 154, 104, 63, 118, 237, 67, 15, 97, 44, 151, 87, 43, 129, 233, 88, 217, 26, 78, 117, 37, 183,
164, 95, 51, 103, 108, 115, 179, 35, 36, 14, 27, 87, 49, 145, 47, 196, 132, 252, 226, 161, 13, 214, 66, 73, 255, 110, 40, 249, 147, 28, 139, 47, 77, 144, 173, 93, 125, 100, 225, 30,
199, 183, 187, 51, 156, 83, 21, 69, 147, 1, 67, 136, 141, 107, 235, 8, 112, 145, 213, 245, 247, 205, 247, 6, 137, 46, 109, 201, 155, 58, 194, 216, 239, 82, 120, 241, 19, 204, 188, 14,
114, 114, 151, 127, 183, 90, 142, 193, 210, 21, 115, 119, 63, 106, 226, 233, 156, 227, 185, 158, 23, 10, 17, 138, 34, 62, 191, 198, 2, 202, 213, 128, 183, 62, 61, 2, 53, 19, 172, 165,
252, 240, 183, 70, 179, 238, 117, 234, 83, 245, 81, 7, 60, 139, 43, 73, 224, 127, 45, 72, 203, 215, 227, 211, 251, 123, 217, 192, 177, 53, 124, 78, 29, 227, 22, 147, 150, 240, 97, 69,
130, 202, 193, 65, 155, 66, 93, 122, 209, 72, 166, 47, 8, 185, 101, 106, 100, 139, 20, 163, 189, 139, 43, 78, 224, 250, 239, 161, 40, 136, 93, 44, 147, 210, 1, 196, 54, 232, 207, 217,
112, 255, 9, 176, 51, 58, 92, 17, 212, 14, 148, 96, 74, 111, 33, 253, 160, 246, 96, 92, 184, 216, 247, 254, 49, 54, 235, 204, 17, 255, 239, 158, 255, 57, 185, 183, 199, 207, 30, 254,
185, 202, 117, 57, 184, 214, 157, 130, 51, 57, 234, 116, 143, 14, 246, 154, 202, 135, 109, 118, 184, 206, 129, 52, 219, 145, 87, 103, 12, 81, 254, 178, 110, 171, 139, 130, 167, 237, 240, 105,
234, 206, 120, 178, 4, 200, 166, 95, 142, 17, 186, 42, 61, 236, 32, 116, 6, 237, 186, 28, 62, 103, 173, 77, 166, 181, 96, 164, 63, 174, 141, 36, 189, 40, 191, 187, 137, 26, 7, 16,
92, 117, 41, 135, 9, 63, 117, 202, 245, 202, 62, 248, 170, 85, 153, 72, 173, 225, 223, 104, 190, 137, 110, 249, 50, 92, 91, 115, 189, 108, 124, 248, 171, 29, 212, 160, 145, 254, 76, 141,
160, 243, 167, 134, 28, 32, 53, 215, 115, 15, 21, 44, 169, 87, 33, 173, 233, 101, 130, 14, 22, 114, 37, 143, 254, 56, 50, 96, 41, 41, 190, 57, 28, 3, 47, 80, 3, 170, 28, 211,
169, 132, 184, 165, 76, 208, 63, 79, 179, 51, 34, 203, 190, 12, 138, 55, 54, 205, 242, 13, 111, 65, 189, 16, 225, 140, 158, 82, 151, 86, 21, 81, 254, 29, 2, 137, 233, 14, 205, 46,
41, 189, 220, 231, 178, 180, 148, 115, 210, 45, 111, 225, 177, 70, 219, 224, 193, 82, 117, 221, 39, 253, 214, 21, 52, 90, 142, 19, 162, 85, 241, 239, 205, 31, 115, 88, 46, 63, 167, 251,
170, 252, 195, 140, 61, 58, 84, 156, 54, 94, 182, 246, 0, 229, 207, 254, 175, 126, 23, 25, 31, 54, 157, 150, 198, 133, 136, 51, 136, 248, 14, 136, 117, 227, 127, 77, 118, 134, 74, 86,
224, 127, 94, 86, 164, 176, 172, 170, 174, 68, 255, 152, 237, 73, 114, 121, 52, 152, 64, 137, 244, 200, 124, 36, 208, 217, 220, 65, 154, 121, 1, 37, 233, 89, 213, 57, 46, 189, 52, 123,
46, 190, 20, 195, 162, 192, 28, 78, 215, 200, 195, 178, 50, 136, 70, 6, 177, 252, 52, 236, 62, 169, 188, 199, 15, 248, 51, 163, 51, 42, 54, 2, 148, 13, 226, 87, 10, 109, 4, 255,
164, 205, 100, 108, 150, 178, 161, 223, 55, 31, 200, 213, 5, 190, 243, 141, 146, 57, 186, 143, 174, 214, 127, 243, 252, 186, 85, 6, 158, 128, 245, 150, 51, 90, 240, 72, 157, 77, 214, 129,
220, 135, 94, 101, 170, 181, 196, 91, 225, 200, 36, 125, 14, 70, 232, 138, 66, 200, 142, 229, 145, 238, 149, 95, 157, 204, 114, 217, 76, 236, 219, 88, 132, 48, 157, 24, 105, 173, 85, 9,
106, 235, 129, 22, 50, 101, 137, 91, 181, 163, 18, 183, 50, 144, 174, 58, 206, 5, 139, 159, 157, 108, 13, 44, 99, 112, 126, 150, 1, 0, 106, 255, 203, 236, 63, 199, 136, 80, 185, 23,
159, 197, 214, 5, 138, 137, 113, 253, 50, 92, 111, 55, 169, 101, 22, 251, 164, 65, 199, 187, 174, 152, 119, 165, 184, 214, 199, 146, 25, 14, 47, 212, 81, 96, 9, 108, 181, 87, 114, 189,
211, 15, 230, 111, 18, 117, 102, 234, 228, 120, 9, 72, 25, 79, 214, 100, 116, 112, 54, 6, 47, 151, 18, 188, 137, 153, 153, 198, 71, 252, 95, 101, 207, 51, 51, 243, 140, 27, 129, 122,
64, 140, 206, 93, 107, 75, 253, 56, 255, 228, 148, 88, 191, 106, 29, 91, 143, 26, 91, 136, 150, 81, 235, 60, 0, 162, 219, 178, 134, 205, 199, 63, 159, 45, 37, 195, 179, 26, 237, 181,
193, 82, 68, 217, 37, 253, 214, 62, 116, 88, 139, 36, 167, 96, 252, 246, 226, 9, 91, 119, 19, 106, 226, 196, 251, 226, 197, 175, 57, 108, 19, 248, 42, 59, 144, 252, 19, 206, 207, 223,
166, 90, 97, 28, 78, 45, 145, 217, 164, 241, 169, 48, 155, 238, 41, 149, 77, 234, 88, 49, 38, 141, 106, 77, 207, 45, 7, 84, 169, 175, 131, 191, 153, 89, 137, 133, 232, 22, 65, 86,
39, 152, 118, 252, 133, 201, 22, 121, 214, 238, 244, 25, 179, 4, 93, 13, 242, 69, 252, 45, 10, 162, 102, 73, 78, 176, 28, 242, 240, 134, 9, 34, 224, 247, 208, 163, 51, 245, 115, 52,
140, 210, 6, 247, 57, 210, 169, 199, 115, 248, 63, 137, 37, 17, 37, 51, 182, 13, 130, 59, 49, 102, 33, 248, 252, 246, 100, 77, 140, 133, 178, 233, 68, 54, 192, 246, 22, 224, 233, 186,
202, 38, 177, 215, 209, 205, 127, 197, 167, 202, 80, 26, 165, 142, 157, 143, 119, 16, 238, 92, 243, 41, 143, 160, 206, 141, 115, 122, 205, 164, 229, 62, 178, 180, 115, 103, 50, 70, 232, 143,
52, 200, 238, 229, 183, 238, 242, 95, 194, 182, 7, 240, 70, 181, 204, 111, 177, 49, 171, 123, 49, 173, 14, 121, 53, 197, 142, 28, 51, 103, 165, 108, 162, 218, 22, 128, 76, 190, 187, 41,
206, 8, 227, 200, 185, 26, 23, 6, 127, 111, 110, 135, 47, 96, 117, 207, 156, 173, 94, 208, 150, 41, 149, 42, 184, 135, 196, 29, 237, 183, 110, 212, 110, 92, 92, 48, 240, 121, 82, 220,
213, 29, 204, 177, 134, 152, 65, 166, 251, 225, 251, 168, 29, 29, 94, 230, 61, 3, 51, 70, 160, 95, 1, 162, 199, 14, 210, 44, 6, 35, 122, 141, 165, 80, 57, 91, 37, 55, 148, 59,
112, 32, 75, 83, 112, 170, 42, 152, 202, 168, 140, 224, 21, 214, 37, 73, 236, 73, 126, 233, 141, 39, 139, 87, 61, 154, 245, 98, 114, 122, 181, 30, 213, 144, 128, 58, 152, 81, 7, 74,
146, 71, 88, 188, 133, 74, 205, 41, 22, 156, 203, 198, 165, 200, 247, 96, 221, 46, 71, 195, 159, 25, 159, 230, 226, 85, 122, 201, 104, 186, 233, 23, 77, 74, 148, 39, 241, 71, 247, 130,
212, 5, 127, 113, 22, 44, 204, 198, 137, 163, 179, 180, 51, 17, 84, 191, 34, 124, 214, 240, 16, 247, 190, 249, 188, 90, 32, 61, 44, 16, 196, 130, 253, 240, 130, 81, 179, 154, 54, 234,
42, 210, 108, 30, 6, 168, 54, 115, 147, 74, 51, 18, 157, 179, 172, 168, 152, 86, 227, 248, 186, 25, 18, 124, 50, 227, 73, 189, 133, 240, 113, 89, 176, 156, 228, 40, 201, 66, 94, 21,
251, 111, 210, 102, 37, 176, 77, 90, 70, 139, 28, 163, 134, 219, 11, 34, 240, 214, 219, 149, 55, 178, 70, 14, 142, 196, 26, 195, 5, 234, 151, 214, 44, 162, 28, 214, 20, 42, 38, 10,
148, 34, 178, 105, 27, 114, 6, 154, 197, 182, 104, 118, 146, 216, 161, 201, 104, 73, 248, 237, 44, 232, 241, 147, 226, 41, 195, 184, 150, 208, 19, 140, 243, 145, 114, 90, 239, 214, 192, 133,
2, 48, 207, 52, 128, 58, 143, 159, 208, 165, 84, 117, 204, 181, 231, 53, 194, 181, 75, 90, 111, 70, 232, 203, 66, 200, 190, 186, 239, 236, 149, 112, 157, 175, 122, 232, 74, 194, 167, 109,
178, 48, 151, 60, 38, 173, 50, 21, 60, 239, 148, 22, 40, 79, 138, 70, 212, 218, 16, 130, 45, 149, 132, 22, 234, 108, 160, 173, 147, 26, 23, 108, 75, 123, 110, 198, 124, 126, 107, 247,
239, 173, 6, 205, 168, 44, 228, 77, 185, 242, 217, 105, 169, 157, 97, 207, 11, 30, 113, 43, 165, 114, 81, 220, 160, 3, 221, 163, 153, 152, 12, 182, 228, 215, 212, 169, 61, 59, 73, 197,
79, 96, 59, 36, 129, 45, 114, 179, 230, 15, 236, 34, 11, 8, 34, 149, 188, 37, 23, 103, 57, 119, 145, 35, 47, 43, 62, 86, 61, 139, 8, 152, 159, 157, 162, 213, 24, 193, 66, 72,
184, 73, 98, 141, 147, 90, 189, 109, 71, 193, 203, 5, 39, 60, 225, 34, 157, 187, 128, 55, 186, 81, 63, 100, 143, 21, 0, 188, 175, 91, 151, 89, 3, 162, 220, 213, 162, 142, 201, 56,
129, 95, 96, 130, 159, 70, 236, 199, 193, 82, 91, 217, 40, 253, 214, 21, 116, 88, 181, 19, 150, 105, 253, 215, 195, 9, 81, 55, 21, 51, 166, 223, 173, 133, 128, 175, 9, 108, 30, 163,
42, 125, 188, 221, 39, 217, 163, 218, 221, 61, 61, 28, 27, 4, 145, 181, 227, 241, 155, 44, 149, 238, 22, 137, 60, 210, 82, 50, 2, 134, 94, 95, 192, 74, 4, 100, 173, 169, 184, 143,
178, 68, 134, 155, 153, 73, 117, 105, 106, 200, 126, 177, 135, 214, 124, 69, 147, 148, 239, 95, 144, 82, 98, 125, 251, 8, 228, 4, 42, 178, 101, 83, 105, 190, 19, 195, 136, 192, 52, 52,
193, 228, 154, 172, 29, 158, 71, 17, 252, 240, 35, 247, 12, 245, 163, 181, 3, 147, 52, 212, 49, 30, 9, 10, 159, 14, 134, 105, 6, 102, 59, 154, 227, 251, 122, 102, 184, 208, 178, 175,
84, 72, 219, 228, 23, 237, 188, 162, 194, 40, 156, 148, 175, 226, 53, 240, 185, 131, 127, 32, 185, 234, 146, 170, 6, 90, 141, 102, 148, 48, 146, 185, 146, 218, 96, 89, 188, 152, 193, 64,
225, 129, 98, 44, 59, 92, 232, 139, 127, 200, 154, 145, 134, 249, 242, 112, 150, 182, 69, 179, 29, 181, 237, 104, 137, 18, 186, 97, 13, 150, 33, 39, 8, 223, 158, 76, 62, 80, 173, 121,
161, 235, 4, 177, 27, 162, 187, 60, 206, 8, 179, 200, 157, 26, 23, 100, 105, 123, 127, 198, 7, 126, 66, 202, 198, 173, 48, 207, 157, 35, 236, 53, 188, 216, 227, 5, 181, 188, 15, 200,
45, 67, 91, 35, 189, 114, 125, 248, 189, 25, 248, 178, 153, 216, 65, 152, 204, 218, 219, 168, 61, 37, 43, 212, 104, 15, 21, 44, 169, 87, 21, 145, 211, 15, 217, 12, 41, 117, 102, 183,
242, 120, 18, 100, 61, 104, 134, 86, 0, 11, 35, 42, 7, 166, 28, 156, 170, 138, 178, 218, 28, 214, 44, 84, 199, 113, 4, 233, 153, 2, 129, 46, 115, 175, 242, 98, 50, 65, 171, 2,
199, 228, 152, 82, 167, 115, 29, 90, 253, 26, 71, 185, 138, 106, 205, 27, 55, 219, 204, 239, 147, 138, 144, 25, 213, 46, 34, 130, 186, 70, 196, 216, 218, 20, 117, 221, 39, 253, 214, 42,
84, 88, 142, 127, 139, 94, 145, 239, 210, 9, 0, 115, 45, 106, 226, 203, 146, 227, 168, 158, 43, 10, 2, 180, 34, 81, 128, 201, 107, 218, 174, 218, 164, 103, 109, 3, 79, 20, 155, 188,
242, 169, 189, 85, 236, 206, 111, 151, 66, 141, 127, 30, 61, 224, 113, 104, 227, 85, 27, 120, 185, 131, 172, 147, 174, 68, 221, 203, 166, 22, 114, 106, 39, 217, 97, 247, 252, 198, 113, 114,
163, 222, 246, 25, 175, 115, 71, 58, 254, 71, 230, 102, 40, 176, 77, 83, 65, 176, 104, 242, 150, 134, 11, 62, 224, 247, 135, 246, 24, 245, 71, 6, 138, 241, 6, 195, 12, 217, 188, 224,
113, 249, 64, 139, 8, 28, 37, 58, 141, 13, 173, 127, 49, 34, 91, 192, 207, 205, 1, 108, 150, 216, 247, 208, 98, 60, 237, 255, 21, 228, 209, 157, 142, 36, 179, 211, 191, 226, 25, 228,
145, 220, 70, 9, 150, 194, 193, 181, 106, 46, 212, 51, 129, 59, 214, 165, 209, 130, 98, 89, 157, 156, 198, 72, 178, 180, 96, 90, 12, 70, 232, 138, 66, 200, 142, 229, 145, 238, 149, 94,
194, 182, 26, 215, 44, 200, 219, 82, 252, 18, 137, 42, 30, 150, 75, 62, 8, 217, 142, 70, 35, 124, 137, 90, 128, 229, 55, 147, 44, 248, 155, 57, 192, 43, 190, 157, 181, 103, 54, 37,
112, 75, 118, 141, 113, 96, 109, 180, 224, 170, 67, 212, 150, 84, 185, 6, 137, 224, 226, 100, 181, 130, 65, 222, 35, 92, 99, 50, 162, 11, 23, 238, 212, 69, 220, 178, 146, 213, 82, 138,
207, 231, 255, 169, 9, 123, 61, 208, 67, 15, 49, 44, 244, 87, 114, 189, 211, 15, 230, 111, 18, 117, 102, 234, 228, 120, 9, 72, 14, 81, 214, 79, 47, 98, 54, 6, 39, 187, 30, 163,
129, 187, 156, 165, 45, 195, 29, 103, 236, 55, 28, 141, 230, 48, 246, 122, 127, 205, 206, 80, 38, 96, 253, 58, 209, 181, 133, 7, 174, 94, 127, 90, 252, 52, 4, 136, 134, 86, 221, 56,
14, 190, 146, 237, 175, 179, 195, 5, 212, 67, 82, 195, 152, 54, 236, 233, 206, 85, 116, 239, 39, 227, 188, 72, 54, 114, 139, 127, 174, 123, 142, 209, 146, 73, 127, 67, 9, 65, 220, 243,
251, 226, 197, 143, 55, 119, 17, 182, 106, 77, 144, 151, 48, 217, 203, 195, 136, 90, 25, 104, 78, 13, 172, 186, 227, 186, 230, 50, 145, 237, 111, 176, 83, 143, 40, 51, 8, 167, 94, 40,
239, 74, 90, 77, 153, 176, 172, 196, 228, 126, 135, 156, 155, 57, 85, 127, 34, 194, 79, 177, 134, 219, 23, 81, 189, 255, 251, 53, 139, 127, 5, 28, 253, 111, 252, 6, 15, 178, 111, 114,
127, 129, 49, 192, 170, 140, 9, 34, 231, 247, 204, 139, 73, 151, 115, 41, 252, 250, 27, 236, 103, 169, 139, 224, 15, 248, 29, 167, 60, 42, 54, 61, 180, 13, 130, 59, 49, 102, 33, 248,
227, 200, 4, 12, 177, 220, 246, 171, 48, 47, 252, 195, 38, 222, 226, 143, 212, 24, 176, 208, 186, 255, 14, 241, 168, 149, 86, 61, 137, 254, 230, 173, 51, 34, 237, 43, 163, 58, 143, 128,
138, 218, 124, 119, 152, 159, 197, 62, 193, 181, 75, 53, 19, 92, 252, 215, 119, 241, 157, 255, 128, 224, 134, 2, 208, 182, 96, 239, 25, 239, 209, 101, 254, 107, 146, 97, 52, 175, 0, 38,
31, 219, 142, 28, 3, 103, 135, 0, 168, 226, 18, 177, 76, 162, 187, 41, 206, 8, 227, 200, 185, 26, 23, 17, 105, 123, 108, 198, 37, 126, 92, 208, 239, 173, 63, 139, 178, 2, 228, 58,
184, 130, 134, 105, 166, 175, 84, 255, 49, 27, 97, 19, 142, 119, 65, 207, 131, 92, 204, 163, 183, 152, 92, 154, 160, 215, 235, 168, 6, 25, 94, 202, 87, 16, 110, 96, 167, 23, 28, 175,
220, 86, 231, 38, 75, 22, 102, 150, 128, 120, 53, 95, 53, 81, 138, 100, 112, 19, 76, 16, 1, 154, 30, 152, 150, 157, 140, 250, 43, 163, 2, 122, 204, 98, 56, 233, 184, 13, 247, 104,
117, 150, 205, 94, 46, 56, 235, 49, 214, 144, 162, 45, 209, 99, 6, 13, 242, 6, 88, 136, 184, 81, 233, 89, 0, 162, 227, 215, 167, 205, 247, 17, 171, 46, 86, 130, 149, 70, 219, 245,
202, 41, 86, 249, 8, 242, 180, 23, 127, 76, 138, 103, 129, 28, 247, 238, 242, 73, 102, 88, 17, 102, 166, 234, 250, 133, 179, 151, 102, 105, 92, 168, 8, 112, 150, 197, 42, 217, 203, 223,
164, 90, 61, 104, 78, 111, 194, 170, 253, 240, 130, 81, 179, 154, 54, 234, 42, 210, 97, 50, 21, 134, 117, 95, 252, 94, 6, 86, 144, 169, 161, 137, 129, 102, 243, 248, 188, 43, 75, 120,
1, 238, 117, 180, 144, 231, 22, 89, 220, 213, 193, 38, 213, 66, 94, 21, 251, 111, 210, 102, 37, 176, 77, 91, 65, 176, 51, 242, 141, 134, 11, 43, 224, 247, 215, 246, 29, 190, 115, 18,
154, 209, 56, 255, 28, 241, 129, 229, 38, 187, 44, 163, 117, 42, 92, 35, 149, 1, 156, 105, 26, 99, 51, 227, 204, 246, 63, 73, 178, 133, 178, 196, 53, 72, 173, 245, 44, 160, 241, 161,
138, 24, 156, 211, 138, 225, 123, 212, 166, 165, 125, 94, 133, 226, 252, 186, 9, 39, 213, 98, 135, 77, 157, 160, 157, 216, 33, 5, 136, 149, 238, 84, 219, 128, 71, 46, 108, 96, 240, 203,
54, 169, 190, 229, 139, 238, 149, 87, 194, 182, 76, 215, 55, 200, 219, 101, 132, 48, 184, 24, 5, 173, 85, 28, 53, 197, 159, 105, 62, 106, 133, 70, 212, 255, 63, 224, 53, 154, 185, 0,
229, 8, 158, 173, 144, 121, 47, 40, 75, 73, 110, 199, 111, 28, 50, 240, 252, 202, 58, 227, 157, 14, 134, 42, 154, 242, 230, 5, 144, 137, 113, 248, 50, 92, 12, 55, 151, 82, 82, 254,
182, 29, 221, 177, 137, 152, 82, 132, 251, 217, 244, 233, 61, 42, 94, 207, 51, 96, 21, 70, 141, 87, 3, 162, 211, 79, 130, 115, 10, 117, 118, 176, 187, 117, 23, 75, 57, 104, 215, 117,
55, 31, 11, 75, 41, 171, 51, 166, 139, 180, 147, 250, 13, 214, 66, 72, 236, 73, 30, 230, 184, 39, 139, 46, 80, 154, 202, 98, 42, 122, 238, 110, 213, 144, 130, 88, 137, 95, 21, 15,
224, 92, 67, 222, 175, 13, 192, 61, 41, 189, 139, 234, 243, 205, 144, 96, 167, 3, 98, 255, 146, 28, 194, 188, 201, 83, 40, 172, 17, 240, 175, 42, 66, 75, 157, 127, 180, 124, 142, 195,
210, 9, 115, 119, 63, 106, 226, 203, 251, 226, 168, 143, 39, 119, 17, 166, 106, 77, 188, 151, 16, 217, 203, 228, 213, 124, 47, 30, 52, 48, 144, 190, 255, 186, 144, 44, 188, 219, 14, 184,
60, 239, 82, 37, 62, 253, 94, 95, 192, 74, 4, 100, 173, 169, 184, 138, 140, 98, 230, 159, 138, 57, 117, 73, 34, 227, 22, 128, 172, 200, 92, 71, 170, 207, 249, 38, 200, 66, 5, 9,
251, 111, 228, 19, 55, 176, 77, 83, 77, 237, 55, 163, 135, 154, 9, 78, 224, 247, 239, 147, 29, 245, 71, 6, 133, 209, 50, 188, 52, 169, 139, 233, 15, 248, 64, 137, 34, 58, 84, 17,
143, 125, 178, 87, 79, 109, 71, 249, 207, 209, 11, 72, 156, 143, 247, 183, 71, 23, 216, 231, 112, 160, 188, 158, 214, 41, 163, 174, 171, 242, 19, 200, 138, 144, 89, 3, 169, 214, 203, 133,
106, 37, 222, 49, 140, 40, 143, 242, 191, 163, 109, 118, 175, 190, 197, 66, 238, 181, 35, 103, 30, 70, 232, 139, 52, 200, 180, 229, 174, 238, 242, 87, 209, 145, 26, 199, 29, 243, 219, 88,
177, 107, 168, 127, 18, 239, 87, 28, 31, 250, 186, 103, 112, 103, 137, 104, 178, 226, 102, 182, 56, 154, 144, 36, 234, 39, 231, 180, 142, 108, 112, 15, 127, 111, 90, 135, 124, 96, 117, 202,
156, 173, 58, 211, 132, 16, 224, 55, 143, 133, 220, 5, 190, 137, 18, 249, 53, 94, 8, 0, 243, 121, 82, 211, 213, 29, 161, 177, 150, 152, 65, 182, 164, 231, 248, 237, 43, 14, 43, 212,
104, 15, 21, 36, 138, 1, 33, 173, 234, 107, 217, 18, 76, 22, 122, 149, 157, 90, 73, 100, 38, 73, 190, 63, 15, 31, 47, 16, 7, 183, 16, 220, 161, 148, 148, 198, 50, 249, 70, 103,
196, 80, 34, 238, 190, 28, 189, 106, 118, 186, 216, 5, 38, 122, 195, 25, 213, 228, 150, 19, 146, 77, 29, 90, 242, 26, 4, 136, 153, 9, 254, 56, 3, 198, 237, 208, 136, 205, 247, 123,
171, 46, 98, 130, 198, 70, 219, 224, 193, 82, 117, 221, 39, 253, 214, 42, 67, 40, 141, 103, 243, 89, 247, 239, 205, 79, 68, 111, 39, 68, 225, 203, 142, 252, 185, 157, 56, 119, 84, 182,
42, 113, 157, 201, 0, 218, 220, 132, 142, 111, 55, 96, 59, 21, 194, 164, 200, 240, 136, 28, 170, 231, 114, 149, 114, 245, 85, 49, 49, 189, 55, 94, 237, 37, 47, 11, 172, 162, 172, 187,
250, 71, 134, 192, 183, 31, 114, 125, 9, 219, 93, 247, 252, 243, 107, 57, 182, 207, 161, 25, 180, 0, 113, 10, 227, 78, 198, 31, 38, 128, 87, 115, 114, 139, 15, 225, 150, 137, 11, 78,
238, 212, 195, 249, 44, 136, 70, 6, 177, 198, 52, 236, 62, 169, 188, 199, 15, 248, 51, 163, 51, 42, 54, 2, 148, 13, 226, 59, 13, 102, 62, 212, 227, 200, 53, 112, 233, 220, 246, 235,
93, 47, 223, 228, 12, 232, 242, 157, 146, 38, 176, 153, 157, 225, 25, 211, 135, 216, 69, 26, 188, 142, 225, 219, 45, 16, 212, 69, 168, 47, 238, 142, 181, 189, 111, 84, 170, 164, 130, 66,
221, 175, 36, 80, 107, 56, 179, 211, 104, 225, 142, 186, 173, 196, 160, 82, 247, 207, 111, 245, 61, 241, 167, 88, 132, 124, 157, 60, 105, 237, 82, 25, 110, 249, 188, 107, 44, 103, 173, 91,
174, 229, 60, 182, 25, 190, 185, 89, 206, 8, 139, 173, 188, 26, 23, 6, 82, 117, 75, 135, 117, 63, 94, 206, 245, 202, 54, 205, 145, 2, 135, 11, 161, 241, 214, 116, 173, 137, 64, 197,
11, 83, 8, 111, 162, 14, 93, 190, 188, 28, 199, 160, 200, 132, 4, 157, 254, 193, 168, 170, 14, 125, 61, 203, 76, 43, 23, 96, 180, 2, 45, 136, 199, 80, 210, 49, 23, 40, 37, 234,
132, 120, 4, 100, 26, 40, 157, 92, 21, 39, 15, 21, 39, 155, 8, 156, 159, 157, 150, 161, 60, 244, 69, 84, 254, 107, 58, 209, 235, 39, 139, 82, 80, 154, 205, 98, 111, 122, 238, 2,
213, 144, 182, 88, 132, 95, 29, 91, 190, 92, 84, 222, 137, 127, 151, 36, 46, 189, 212, 203, 149, 181, 247, 8, 142, 46, 86, 247, 172, 7, 199, 254, 221, 14, 36, 240, 59, 250, 195, 44,
116, 67, 180, 127, 142, 86, 253, 142, 234, 16, 71, 78, 44, 125, 241, 209, 169, 226, 150, 151, 40, 63, 19, 160, 2, 112, 214, 198, 55, 203, 213, 147, 145, 56, 52, 30, 48, 103, 173, 217,
233, 186, 169, 25, 166, 155, 42, 183, 60, 244, 122, 37, 55, 224, 73, 84, 156, 74, 67, 108, 206, 208, 184, 203, 147, 98, 220, 203, 135, 31, 64, 79, 125, 153, 79, 148, 170, 254, 115, 36,
191, 207, 199, 69, 164, 4, 27, 21, 209, 72, 252, 48, 25, 131, 69, 81, 77, 143, 28, 242, 241, 134, 30, 34, 196, 233, 228, 146, 7, 142, 71, 108, 133, 209, 6, 188, 103, 169, 139, 224,
15, 248, 29, 167, 60, 42, 54, 61, 180, 13, 130, 87, 14, 109, 16, 207, 255, 219, 100, 79, 158, 164, 161, 210, 52, 79, 209, 231, 35, 160, 239, 139, 202, 40, 198, 149, 156, 149, 30, 197,
254, 199, 82, 94, 154, 226, 242, 155, 60, 62, 213, 47, 147, 57, 202, 168, 168, 135, 45, 94, 143, 182, 242, 99, 249, 170, 115, 103, 41, 70, 207, 143, 85, 252, 177, 231, 135, 238, 242, 95,
194, 182, 122, 216, 25, 200, 219, 46, 158, 48, 162, 24, 49, 173, 14, 121, 53, 197, 178, 20, 38, 104, 183, 108, 221, 229, 108, 130, 11, 176, 141, 42, 189, 6, 160, 135, 240, 108, 6, 51,
96, 123, 117, 133, 47, 21, 117, 211, 204, 201, 28, 139, 138, 16, 151, 42, 140, 213, 255, 71, 183, 144, 114, 245, 54, 26, 108, 51, 241, 115, 117, 220, 136, 67, 193, 178, 188, 131, 67, 154,
211, 215, 231, 173, 22, 14, 102, 243, 93, 111, 18, 88, 133, 94, 21, 175, 212, 77, 216, 39, 26, 116, 102, 150, 128, 120, 29, 59, 107, 121, 183, 64, 32, 31, 8, 32, 23, 145, 8, 157,
162, 157, 130, 161, 43, 214, 37, 73, 236, 73, 126, 233, 141, 3, 139, 88, 74, 154, 245, 98, 114, 122, 181, 30, 213, 144, 128, 45, 150, 95, 29, 76, 128, 26, 88, 137, 171, 106, 139, 93,
32, 140, 227, 239, 173, 187, 195, 50, 162, 30, 124, 255, 187, 33, 238, 217, 219, 76, 92, 204, 42, 199, 214, 53, 60, 88, 191, 127, 167, 28, 149, 141, 210, 24, 99, 113, 19, 75, 241, 174,
250, 229, 176, 143, 110, 119, 3, 138, 45, 126, 186, 230, 42, 217, 203, 223, 164, 90, 61, 104, 78, 111, 194, 170, 253, 240, 130, 81, 179, 154, 54, 234, 42, 210, 125, 29, 46, 166, 92, 108,
252, 110, 58, 22, 181, 162, 156, 136, 185, 75, 227, 199, 188, 0, 114, 101, 31, 199, 22, 137, 151, 250, 78, 109, 173, 152, 197, 38, 143, 98, 67, 120, 251, 111, 210, 102, 37, 176, 77, 91,
65, 176, 51, 242, 141, 134, 11, 43, 224, 247, 215, 246, 60, 245, 71, 100, 167, 209, 50, 161, 27, 234, 151, 181, 15, 128, 44, 207, 15, 16, 37, 50, 150, 6, 225, 96, 42, 33, 4, 234,
197, 249, 11, 68, 169, 133, 178, 196, 53, 72, 173, 245, 44, 160, 241, 161, 138, 24, 156, 211, 138, 225, 123, 212, 166, 165, 125, 86, 178, 128, 245, 170, 119, 5, 241, 64, 147, 8, 214, 170,
220, 182, 33, 6, 201, 206, 231, 35, 238, 181, 75, 90, 111, 70, 232, 203, 66, 200, 190, 229, 139, 238, 149, 87, 194, 182, 76, 215, 55, 200, 219, 101, 132, 48, 162, 11, 7, 189, 75, 13,
51, 197, 176, 11, 62, 119, 137, 76, 139, 222, 26, 145, 53, 176, 155, 60, 218, 113, 168, 181, 136, 103, 8, 14, 53, 10, 110, 198, 124, 126, 107, 247, 239, 173, 17, 227, 134, 18, 134, 42,
154, 242, 230, 5, 144, 137, 113, 248, 50, 92, 12, 55, 133, 118, 93, 188, 208, 31, 204, 147, 206, 134, 82, 152, 250, 231, 215, 171, 48, 45, 118, 205, 68, 11, 97, 121, 133, 8, 43, 131,
205, 14, 225, 111, 28, 117, 45, 143, 163, 112, 65, 72, 61, 42, 149, 62, 32, 31, 27, 29, 41, 145, 8, 152, 212, 157, 226, 161, 13, 214, 66, 72, 236, 73, 30, 230, 184, 39, 139, 46,
111, 186, 219, 5, 40, 100, 177, 63, 233, 187, 128, 50, 139, 95, 50, 23, 143, 66, 124, 170, 231, 81, 241, 93, 33, 145, 202, 189, 172, 185, 144, 100, 137, 28, 96, 232, 159, 26, 135, 220,
232, 34, 41, 237, 40, 253, 214, 21, 116, 88, 238, 127, 183, 94, 142, 195, 210, 9, 115, 119, 63, 106, 226, 203, 251, 226, 168, 143, 39, 119, 12, 162, 114, 89, 168, 213, 46, 174, 174, 243,
168, 61, 17, 19, 46, 111, 193, 184, 198, 154, 130, 78, 180, 255, 114, 238, 100, 146, 97, 77, 32, 162, 99, 85, 204, 70, 70, 100, 146, 149, 184, 138, 140, 98, 230, 159, 138, 57, 117, 73,
34, 227, 22, 147, 150, 240, 107, 79, 170, 207, 249, 38, 200, 66, 5, 9, 164, 106, 233, 108, 41, 145, 111, 109, 64, 224, 19, 243, 128, 217, 38, 21, 224, 250, 239, 129, 12, 140, 117, 46,
169, 209, 50, 188, 52, 169, 139, 233, 15, 248, 64, 167, 44, 42, 54, 95, 180, 13, 178, 59, 43, 102, 44, 201, 230, 234, 7, 77, 239, 133, 178, 175, 86, 72, 216, 245, 62, 160, 226, 157,
138, 24, 204, 215, 140, 205, 55, 239, 141, 165, 89, 86, 239, 128, 146, 170, 51, 90, 234, 102, 190, 59, 238, 175, 206, 221, 69, 94, 184, 181, 129, 72, 206, 141, 94, 68, 60, 76, 232, 148,
64, 201, 180, 226, 145, 193, 182, 115, 138, 146, 111, 233, 21, 211, 167, 82, 161, 0, 191, 39, 112, 237, 19, 120, 53, 197, 186, 28, 62, 103, 173, 76, 161, 229, 63, 182, 55, 190, 187, 53,
193, 27, 139, 154, 150, 108, 23, 49, 92, 80, 90, 135, 30, 121, 112, 202, 224, 214, 16, 250, 175, 41, 185, 62, 186, 138, 220, 105, 186, 144, 29, 153, 45, 81, 75, 19, 163, 82, 117, 253,
136, 69, 248, 145, 201, 134, 92, 135, 228, 196, 220, 177, 17, 37, 43, 212, 104, 15, 21, 44, 169, 87, 21, 145, 211, 15, 217, 12, 41, 117, 63, 143, 131, 80, 26, 75, 48, 81, 203, 62,
19, 59, 86, 84, 34, 147, 30, 175, 221, 138, 237, 254, 85, 218, 44, 101, 236, 55, 40, 250, 235, 0, 189, 106, 50, 205, 250, 7, 52, 58, 189, 11, 213, 179, 147, 75, 132, 114, 7, 12,
254, 1, 4, 175, 180, 95, 212, 59, 7, 162, 200, 215, 136, 205, 247, 123, 171, 46, 98, 130, 198, 70, 219, 224, 186, 34, 98, 201, 25, 204, 197, 42, 67, 74, 141, 25, 183, 91, 160, 215,
210, 13, 0, 118, 46, 55, 237, 203, 159, 190, 168, 158, 19, 40, 15, 135, 106, 112, 204, 243, 116, 206, 190, 132, 134, 104, 23, 96, 31, 27, 205, 174, 242, 155, 133, 81, 146, 154, 14, 183,
54, 216, 80, 29, 119, 132, 55, 104, 252, 110, 50, 18, 150, 162, 227, 187, 142, 98, 198, 159, 175, 57, 110, 121, 48, 193, 118, 156, 163, 240, 107, 57, 176, 207, 198, 38, 144, 66, 94, 121,
251, 111, 218, 110, 61, 191, 87, 123, 61, 176, 15, 163, 179, 189, 1, 77, 240, 216, 204, 178, 24, 176, 71, 106, 142, 240, 9, 193, 22, 232, 146, 196, 4, 157, 9, 188, 0, 43, 37, 61,
156, 11, 172, 63, 7, 32, 4, 228, 253, 182, 52, 105, 180, 161, 246, 230, 114, 20, 232, 255, 29, 213, 242, 141, 253, 57, 160, 147, 191, 246, 101, 202, 251, 199, 89, 34, 165, 237, 245, 150,
51, 90, 240, 72, 157, 77, 214, 129, 220, 135, 94, 118, 184, 190, 226, 66, 234, 129, 35, 106, 51, 70, 252, 140, 55, 238, 141, 177, 129, 193, 145, 73, 194, 200, 26, 208, 14, 244, 209, 104,
147, 107, 165, 4, 62, 186, 75, 34, 8, 228, 129, 126, 10, 110, 213, 113, 159, 239, 24, 130, 14, 176, 150, 93, 189, 27, 135, 174, 190, 102, 112, 44, 93, 1, 75, 141, 112, 38, 82, 255,
203, 221, 67, 205, 189, 35, 157, 17, 152, 242, 214, 5, 138, 137, 113, 253, 50, 92, 111, 55, 244, 82, 82, 184, 164, 109, 199, 160, 175, 199, 95, 138, 251, 217, 190, 233, 102, 32, 47, 212,
77, 15, 17, 88, 244, 34, 125, 146, 138, 80, 210, 54, 54, 9, 45, 174, 228, 84, 9, 91, 37, 113, 209, 52, 36, 120, 40, 87, 42, 135, 8, 156, 188, 157, 150, 227, 31, 225, 66, 103,
236, 73, 28, 230, 235, 39, 139, 82, 80, 154, 205, 98, 111, 122, 253, 11, 209, 158, 147, 50, 188, 95, 21, 120, 248, 33, 72, 160, 158, 82, 225, 63, 28, 162, 208, 246, 167, 134, 237, 44,
173, 15, 118, 159, 209, 61, 194, 186, 221, 38, 34, 172, 25, 253, 205, 6, 115, 120, 190, 123, 160, 89, 131, 141, 233, 25, 87, 103, 49, 87, 166, 239, 140, 133, 193, 133, 16, 119, 52, 173,
106, 115, 214, 139, 116, 242, 203, 195, 136, 90, 25, 104, 19, 111, 165, 134, 253, 240, 189, 50, 136, 154, 111, 143, 77, 250, 114, 49, 43, 134, 102, 121, 224, 126, 7, 97, 213, 191, 156, 154,
132, 87, 246, 192, 184, 42, 117, 117, 50, 227, 74, 177, 134, 141, 93, 68, 131, 254, 198, 65, 189, 121, 0, 21, 255, 66, 247, 19, 22, 176, 69, 91, 92, 183, 51, 215, 149, 219, 45, 26,
246, 143, 192, 184, 19, 242, 86, 100, 140, 208, 6, 188, 16, 169, 203, 197, 14, 187, 29, 167, 114, 42, 9, 2, 143, 14, 226, 127, 24, 114, 13, 231, 185, 176, 4, 111, 137, 208, 156, 172,
49, 73, 201, 252, 51, 236, 226, 143, 255, 24, 134, 163, 138, 205, 25, 143, 130, 129, 80, 89, 157, 244, 230, 141, 60, 13, 233, 102, 131, 46, 214, 152, 161, 135, 70, 118, 172, 150, 224, 126,
194, 181, 115, 103, 50, 70, 232, 143, 52, 200, 238, 229, 183, 238, 242, 95, 247, 175, 112, 199, 81, 244, 209, 46, 161, 1, 146, 11, 20, 237, 1, 127, 10, 223, 178, 106, 111, 103, 130, 0,
144, 218, 60, 224, 19, 238, 158, 58, 243, 19, 160, 154, 239, 114, 35, 4, 97, 10, 108, 198, 37, 126, 92, 208, 239, 173, 63, 231, 137, 18, 246, 80, 193, 147, 145, 14, 255, 163, 21, 153,
24, 9, 4, 100, 230, 109, 77, 250, 164, 64, 210, 162, 184, 142, 88, 170, 254, 198, 252, 186, 107, 49, 71, 255, 117, 13, 26, 86, 240, 23, 18, 181, 225, 14, 198, 8, 20, 10, 76, 142,
185, 67, 5, 124, 28, 125, 208, 117, 2, 36, 78, 33, 118, 189, 0, 130, 182, 180, 177, 245, 74, 249, 38, 66, 199, 54, 97, 212, 180, 32, 247, 44, 97, 173, 252, 76, 5, 126, 246, 60,
204, 179, 189, 82, 177, 104, 16, 115, 168, 31, 103, 216, 170, 9, 225, 28, 9, 156, 244, 243, 149, 146, 210, 126, 220, 33, 115, 226, 142, 88, 222, 224, 184, 47, 105, 199, 26, 218, 195, 75,
48, 122, 148, 97, 252, 64, 241, 222, 148, 77, 88, 55, 73, 55, 213, 168, 136, 190, 129, 134, 44, 52, 49, 174, 61, 95, 138, 235, 41, 173, 188, 202, 179, 56, 97, 105, 52, 54, 177, 129,
242, 177, 189, 27, 138, 229, 34, 149, 73, 247, 113, 68, 14, 249, 85, 109, 252, 119, 32, 82, 183, 149, 226, 211, 160, 75, 247, 255, 150, 9, 106, 73, 19, 155, 64, 133, 138, 136, 19, 103,
147, 203, 195, 25, 191, 97, 103, 3, 186, 74, 245, 23, 23, 250, 52, 105, 107, 141, 48, 198, 190, 150, 37, 19, 149, 211, 133, 178, 11, 139, 68, 31, 185, 166, 63, 199, 29, 225, 208, 233,
48, 255, 74, 221, 19, 107, 42, 95, 164, 103, 172, 34, 81, 114, 16, 157, 164, 176, 62, 76, 186, 171, 240, 198, 51, 23, 239, 222, 53, 197, 209, 172, 208, 50, 130, 141, 147, 209, 12, 140,
250, 199, 80, 8, 235, 207, 144, 131, 119, 0, 225, 55, 172, 50, 234, 133, 181, 141, 91, 73, 207, 166, 225, 124, 184, 171, 70, 44, 15, 35, 204, 205, 84, 218, 176, 152, 171, 229, 182, 85,
156, 211, 82, 176, 76, 207, 215, 82, 249, 107, 196, 56, 56, 237, 32, 56, 40, 227, 186, 64, 48, 80, 188, 28, 179, 225, 63, 165, 73, 167, 164, 28, 178, 37, 150, 134, 174, 106, 51, 21,
70, 81, 126, 159, 3, 45, 93, 162, 225, 174, 22, 207, 167, 94, 188, 26, 153, 227, 130, 72, 151, 206, 79, 245, 125, 26, 122, 62, 188, 126, 21, 201, 168, 68, 210, 189, 143, 248, 103, 187,
252, 145, 220, 148, 5, 0, 70, 237, 52, 17, 24, 99, 235, 9, 12, 212, 225, 86, 192, 119, 56, 104, 101, 143, 169, 116, 22, 96, 60, 78, 180, 94, 51, 44, 8, 17, 49, 180, 15, 220,
131, 167, 132, 191, 55, 165, 51, 70, 160, 78, 51, 242, 187, 18, 130, 79, 67, 149, 251, 123, 9, 54, 181, 105, 241, 239, 186, 2, 135, 114, 45, 101, 164, 58, 0, 139, 156, 65, 238, 11,
39, 158, 137, 200, 140, 148, 221, 62, 170, 58, 114, 243, 140, 68, 241, 201, 242, 81, 127, 248, 20, 233, 247, 4, 60, 92, 187, 53, 245, 119, 143, 241, 148, 54, 114, 119, 11, 85, 253, 237,
138, 228, 182, 186, 108, 42, 37, 131, 11, 59, 201, 237, 55, 250, 167, 152, 221, 74, 54, 27, 81, 59, 177, 156, 219, 146, 160, 56, 135, 239, 118, 238, 52, 211, 41, 16, 42, 253, 99, 84,
211, 80, 25, 115, 205, 173, 146, 197, 129, 73, 216, 205, 235, 46, 72, 66, 9, 156, 9, 145, 189, 211, 87, 114, 143, 219, 196, 26, 176, 83, 80, 116, 229, 100, 198, 12, 39, 135, 113, 115,
103, 137, 60, 173, 189, 172, 52, 14, 233, 201, 248, 168, 6, 142, 100, 23, 162, 250, 23, 233, 54, 213, 209, 232, 32, 159, 50, 178, 28, 56, 62, 60, 135, 43, 250, 33, 21, 90, 13, 238,
187, 237, 38, 86, 174, 186, 167, 169, 86, 58, 234, 237, 55, 186, 203, 162, 192, 22, 178, 208, 200, 209, 102, 141, 152, 161, 97, 28, 133, 217, 226, 195, 33, 88, 253, 126, 160, 28, 148, 138,
179, 132, 45, 0, 198, 193, 242, 122, 184, 176, 62, 114, 109, 122, 206, 155, 49, 245, 147, 156, 134, 154, 162, 125, 150, 180, 91, 214, 48, 242, 225, 86, 189, 31, 131, 54, 56, 142, 48, 61,
55, 239, 144, 113, 54, 80, 170, 120, 134, 248, 60, 148, 4, 146, 182, 94, 187, 108, 165, 140, 145, 97, 35, 108, 108, 124, 109, 149, 3, 125, 48, 202, 151, 219, 56, 234, 188, 14, 188, 31,
137, 241, 211, 109, 190, 169, 65, 250, 53, 76, 15, 21, 179, 82, 101, 184, 132, 65, 190, 145, 143, 129, 97, 188, 248, 136, 193, 168, 25, 62, 92, 140, 52, 109, 24, 124, 235, 26, 62, 212,
225, 85, 134, 52, 56, 118, 96, 165, 169, 43, 35, 89, 103, 64, 150, 120, 0, 61, 20, 16, 30, 238, 45, 129, 131, 173, 224, 230, 79, 205, 70, 29, 249, 115, 31, 202, 187, 16, 162, 109,
109, 205, 175, 71, 42, 106, 254, 116, 203, 171, 130, 40, 141, 21, 12, 11, 255, 50, 103, 180, 154, 9, 239, 3, 55, 187, 246, 215, 188, 173, 209, 0, 212, 21, 81, 132, 200, 28, 128, 201,
192, 18, 66, 210, 109, 219, 180, 50, 71, 110, 235, 108, 245, 64, 143, 254, 149, 41, 98, 72, 38, 85, 253, 169, 185, 135, 130, 184, 40, 33, 47, 189, 7, 120, 136, 230, 112, 233, 160, 224,
212, 96, 5, 30, 36, 16, 164, 171, 254, 246, 159, 48, 139, 131, 9, 191, 93, 251, 116, 54, 39, 149, 80, 76, 150, 104, 58, 119, 184, 204, 183, 203, 224, 7, 219, 244, 150, 41, 70, 73,
116, 255, 64, 244, 188, 247, 124, 111, 146, 251, 160, 42, 188, 24, 97, 123, 193, 82, 201, 40, 108, 153, 54, 10, 102, 233, 31, 162, 161, 218, 45, 55, 213, 242, 244, 168, 39, 170, 59, 4,
185, 162, 23, 188, 54, 233, 142, 237, 13, 165, 40, 130, 118, 12, 41, 7, 167, 57, 231, 113, 79, 79, 63, 230, 186, 201, 96, 121, 170, 186, 173, 237, 68, 78, 178, 199, 53, 197, 252, 172,
208, 26, 130, 179, 185, 194, 23, 251, 129, 135, 112, 20, 238, 204, 145, 155, 36, 47, 139, 66, 145, 50, 150, 172, 179, 181, 89, 113, 178, 129, 223, 84, 250, 170, 93, 119, 109, 66, 225, 186,
46, 238, 224, 177, 182, 245, 128, 114, 243, 179, 113, 229, 42, 235, 226, 43, 154, 7, 148, 52, 50, 234, 14, 124, 33, 162, 142, 19, 1, 44, 140, 100, 202, 224, 39, 230, 75, 185, 144, 71,
239, 6, 158, 150, 167, 97, 52, 23, 108, 80, 127, 147, 45, 2, 49, 222, 238, 198, 77, 246, 166, 0, 251, 11, 136, 213, 194, 64, 139, 206, 110, 197, 55, 110, 84, 10, 241, 20, 69, 210,
166, 28, 229, 184, 135, 210, 70, 227, 243, 149, 163, 140, 116, 13, 53, 237, 52, 24, 24, 110, 235, 9, 2, 212, 225, 13, 192, 8, 56, 104, 96, 157, 157, 123, 73, 62, 103, 106, 213, 110,
52, 42, 0, 8, 51, 173, 46, 172, 140, 185, 228, 250, 23, 242, 28, 124, 211, 69, 9, 221, 139, 63, 190, 102, 84, 148, 168, 94, 5, 57, 207, 60, 239, 145, 173, 84, 177, 104, 26, 105,
168, 39, 103, 197, 170, 92, 244, 24, 12, 170, 250, 176, 188, 156, 195, 6, 211, 42, 96, 249, 183, 56, 216, 224, 190, 13, 117, 207, 16, 218, 188, 16, 117, 127, 129, 23, 169, 28, 129, 238,
228, 20, 70, 122, 11, 85, 214, 237, 138, 190, 218, 164, 46, 18, 49, 187, 48, 103, 142, 201, 41, 233, 188, 198, 162, 60, 52, 63, 74, 47, 164, 195, 253, 170, 168, 10, 168, 199, 51, 247,
83, 218, 93, 68, 6, 151, 49, 87, 201, 102, 39, 71, 204, 133, 172, 197, 168, 85, 135, 221, 190, 22, 64, 101, 19, 243, 125, 244, 138, 211, 19, 76, 180, 203, 164, 63, 191, 102, 88, 43,
193, 90, 198, 23, 16, 250, 47, 100, 103, 147, 28, 211, 139, 185, 37, 11, 142, 218, 242, 184, 15, 164, 44, 63, 162, 160, 6, 199, 18, 241, 158, 223, 29, 250, 18, 160, 118, 111, 16, 37,
132, 52, 186, 32, 12, 120, 24, 248, 186, 240, 31, 84, 143, 187, 142, 169, 92, 17, 233, 196, 113, 202, 232, 172, 224, 105, 186, 179, 207, 212, 16, 206, 138, 133, 121, 25, 240, 222, 236, 195,
1, 3, 204, 51, 130, 80, 213, 138, 179, 212, 45, 99, 198, 193, 252, 125, 222, 179, 75, 53, 49, 66, 229, 154, 68, 250, 156, 230, 141, 197, 181, 14, 255, 187, 68, 178, 63, 255, 229, 119,
161, 4, 167, 125, 110, 232, 93, 43, 15, 198, 161, 67, 11, 80, 214, 126, 134, 223, 3, 190, 11, 189, 193, 28, 199, 52, 233, 150, 171, 69, 55, 4, 51, 111, 81, 153, 39, 125, 50, 241,
238, 217, 7, 236, 135, 43, 182, 18, 168, 203, 254, 122, 146, 140, 109, 245, 8, 127, 91, 53, 163, 108, 18, 252, 167, 120, 251, 179, 143, 253, 76, 187, 254, 229, 230, 159, 50, 62, 83, 140,
52, 0, 24, 108, 235, 26, 46, 212, 225, 105, 218, 41, 15, 108, 76, 145, 189, 123, 35, 71, 24, 93, 136, 123, 118, 47, 65, 61, 55, 173, 46, 135, 142, 152, 188, 169, 14, 193, 25, 106,
191, 114, 21, 239, 145, 35, 146, 107, 84, 174, 168, 97, 5, 94, 225, 60, 239, 243, 162, 50, 177, 104, 16, 79, 165, 61, 26, 186, 182, 9, 225, 28, 9, 156, 244, 236, 188, 182, 212, 27,
151, 33, 71, 159, 140, 78, 222, 246, 192, 12, 114, 228, 7, 235, 195, 79, 76, 85, 235, 63, 240, 22, 149, 138, 204, 49, 88, 55, 6, 106, 199, 230, 179, 128, 130, 170, 46, 109, 49, 244,
11, 83, 200, 213, 41, 233, 215, 248, 212, 77, 20, 42, 81, 49, 178, 195, 207, 242, 164, 42, 165, 153, 8, 150, 119, 233, 33, 25, 8, 173, 110, 84, 240, 40, 67, 90, 186, 209, 189, 140,
173, 99, 244, 203, 150, 18, 80, 25, 124, 239, 11, 175, 176, 199, 67, 121, 176, 193, 164, 38, 191, 14, 88, 2, 186, 65, 214, 63, 59, 189, 108, 126, 76, 168, 108, 191, 177, 133, 29, 11,
233, 255, 141, 186, 6, 142, 115, 24, 162, 249, 22, 198, 13, 225, 165, 233, 32, 171, 72, 135, 10, 22, 3, 46, 172, 1, 230, 66, 14, 97, 50, 197, 224, 176, 9, 87, 170, 170, 165, 234,
49, 77, 222, 229, 113, 230, 193, 170, 247, 62, 152, 135, 147, 246, 34, 209, 162, 158, 80, 89, 238, 208, 239, 138, 34, 36, 214, 74, 169, 80, 204, 166, 179, 160, 45, 93, 198, 166, 222, 122,
184, 143, 93, 73, 109, 35, 215, 180, 70, 242, 156, 187, 141, 205, 181, 85, 203, 142, 123, 184, 48, 242, 195, 81, 177, 62, 131, 125, 49, 174, 7, 99, 22, 198, 142, 94, 61, 74, 188, 88,
220, 223, 31, 147, 48, 180, 188, 35, 237, 46, 250, 184, 151, 105, 34, 23, 87, 124, 75, 189, 6, 96, 124, 247, 252, 203, 20, 205, 175, 46, 178, 75, 242, 248, 252, 87, 158, 151, 125, 230,
4, 77, 1, 16, 189, 77, 17, 218, 164, 123, 190, 191, 143, 226, 96, 187, 254, 150, 226, 141, 50, 62, 83, 229, 53, 0, 9, 96, 150, 9, 60, 156, 253, 69, 216, 111, 59, 13, 101, 157,
160, 43, 34, 63, 28, 119, 180, 117, 47, 37, 82, 87, 34, 244, 47, 172, 209, 170, 191, 233, 81, 226, 7, 106, 194, 109, 9, 249, 187, 16, 171, 121, 114, 149, 252, 77, 42, 89, 194, 57,
213, 132, 198, 88, 135, 114, 45, 122, 185, 16, 88, 191, 155, 75, 210, 25, 33, 158, 129, 243, 188, 182, 203, 15, 140, 93, 115, 226, 151, 56, 241, 201, 192, 37, 91, 239, 106, 193, 230, 47,
71, 46, 160, 44, 142, 92, 151, 201, 213, 62, 90, 47, 41, 74, 194, 250, 153, 228, 171, 161, 46, 49, 48, 184, 114, 60, 140, 193, 37, 199, 147, 236, 211, 102, 52, 6, 79, 34, 158, 157,
207, 150, 137, 4, 154, 229, 61, 238, 71, 195, 87, 16, 117, 159, 69, 98, 193, 125, 39, 106, 175, 149, 158, 183, 160, 106, 223, 154, 190, 34, 96, 79, 19, 241, 119, 165, 172, 235, 124, 79,
215, 228, 195, 41, 144, 114, 7, 22, 229, 110, 169, 51, 23, 250, 72, 115, 42, 181, 43, 173, 177, 168, 117, 84, 247, 203, 218, 181, 4, 160, 38, 20, 250, 192, 38, 182, 112, 247, 161, 223,
45, 147, 42, 128, 118, 52, 62, 49, 182, 125, 167, 69, 79, 120, 17, 230, 186, 186, 18, 86, 170, 186, 240, 205, 68, 30, 178, 222, 44, 188, 189, 170, 225, 6, 134, 141, 202, 146, 34, 213,
170, 144, 114, 58, 149, 211, 221, 156, 112, 63, 216, 106, 130, 80, 208, 138, 179, 132, 45, 0, 198, 193, 242, 122, 184, 176, 62, 71, 8, 102, 213, 140, 86, 210, 189, 225, 240, 233, 162, 98,
236, 138, 111, 212, 22, 214, 218, 119, 177, 62, 199, 42, 49, 142, 48, 58, 45, 196, 161, 16, 11, 80, 170, 126, 134, 216, 3, 251, 11, 189, 173, 28, 199, 0, 233, 132, 167, 97, 8, 111,
102, 93, 46, 173, 42, 11, 80, 208, 144, 164, 63, 241, 184, 52, 151, 23, 137, 139, 200, 30, 137, 142, 113, 252, 53, 80, 86, 33, 247, 124, 67, 248, 130, 101, 250, 147, 156, 199, 98, 189,
242, 154, 166, 182, 21, 45, 82, 205, 52, 109, 24, 124, 235, 26, 62, 212, 225, 85, 134, 52, 56, 104, 124, 236, 242, 114, 28, 67, 50, 108, 213, 122, 118, 37, 53, 51, 118, 173, 15, 210,
142, 175, 147, 230, 55, 205, 13, 73, 221, 89, 21, 211, 139, 28, 177, 78, 81, 193, 178, 66, 35, 87, 243, 9, 200, 173, 152, 41, 169, 104, 102, 15, 137, 18, 88, 163, 234, 1, 144, 14,
7, 209, 239, 254, 178, 148, 211, 0, 172, 41, 114, 227, 199, 24, 228, 185, 185, 80, 83, 248, 21, 188, 200, 79, 68, 82, 158, 25, 245, 121, 141, 241, 156, 79, 93, 108, 11, 78, 210, 218,
170, 228, 222, 253, 41, 43, 5, 131, 60, 88, 150, 236, 34, 219, 131, 233, 168, 71, 52, 50, 52, 49, 188, 168, 207, 133, 166, 17, 135, 203, 30, 157, 83, 129, 33, 39, 124, 249, 76, 109,
150, 72, 90, 110, 204, 149, 191, 215, 145, 113, 199, 158, 237, 9, 22, 73, 19, 203, 64, 169, 138, 211, 87, 58, 180, 155, 164, 3, 191, 88, 81, 3, 204, 90, 226, 105, 16, 177, 119, 70,
83, 171, 51, 222, 246, 182, 1, 15, 196, 203, 246, 167, 6, 172, 39, 59, 169, 227, 35, 227, 59, 170, 178, 186, 46, 143, 60, 139, 118, 111, 29, 50, 209, 59, 166, 115, 52, 114, 64, 205,
224, 234, 9, 6, 232, 175, 241, 175, 53, 61, 222, 230, 33, 197, 252, 156, 208, 54, 147, 161, 200, 209, 33, 219, 129, 139, 80, 58, 150, 204, 193, 156, 22, 60, 207, 110, 129, 78, 203, 224,
179, 167, 125, 113, 157, 129, 223, 63, 184, 132, 41, 114, 38, 62, 210, 205, 100, 236, 232, 166, 180, 249, 244, 121, 214, 164, 65, 177, 22, 176, 187, 95, 154, 10, 155, 27, 107, 174, 50, 27,
45, 166, 174, 118, 11, 80, 160, 100, 134, 224, 3, 230, 11, 230, 177, 28, 199, 59, 139, 145, 168, 123, 111, 55, 108, 8, 41, 150, 13, 13, 65, 200, 253, 238, 0, 193, 166, 4, 155, 15,
130, 225, 131, 69, 150, 151, 97, 205, 46, 24, 110, 7, 243, 101, 79, 195, 175, 107, 210, 196, 203, 226, 101, 231, 254, 149, 231, 157, 57, 16, 119, 137, 68, 11, 9, 102, 134, 53, 117, 208,
245, 78, 226, 121, 38, 104, 96, 154, 157, 103, 53, 62, 110, 46, 142, 62, 60, 11, 27, 47, 15, 238, 13, 155, 171, 156, 144, 234, 21, 162, 55, 64, 221, 102, 126, 255, 139, 63, 252, 125,
53, 151, 243, 94, 5, 57, 207, 60, 239, 145, 173, 84, 177, 104, 26, 105, 168, 39, 88, 220, 186, 125, 197, 14, 39, 170, 137, 225, 178, 172, 231, 8, 143, 21, 97, 137, 151, 49, 206, 232,
243, 85, 91, 215, 25, 188, 226, 73, 105, 114, 246, 24, 129, 126, 170, 232, 195, 9, 30, 108, 4, 63, 214, 183, 152, 181, 130, 188, 49, 97, 1, 158, 6, 107, 171, 227, 3, 233, 157, 236,
182, 60, 5, 63, 36, 45, 142, 222, 178, 170, 226, 10, 153, 135, 44, 177, 83, 245, 33, 25, 124, 158, 110, 109, 150, 43, 39, 109, 203, 209, 157, 169, 160, 82, 216, 226, 235, 46, 65, 66,
9, 255, 9, 139, 138, 202, 115, 76, 177, 156, 251, 6, 188, 82, 96, 61, 209, 108, 230, 55, 41, 134, 54, 91, 70, 144, 15, 252, 177, 214, 29, 25, 149, 255, 154, 169, 58, 247, 121, 26,
137, 194, 56, 184, 45, 183, 143, 217, 29, 176, 45, 168, 40, 12, 9, 37, 138, 123, 143, 100, 24, 68, 63, 250, 251, 210, 18, 95, 155, 208, 129, 245, 111, 45, 170, 211, 12, 214, 252, 175,
223, 13, 154, 162, 152, 246, 33, 253, 228, 189, 115, 12, 235, 136, 222, 149, 118, 30, 251, 47, 130, 80, 213, 138, 179, 212, 45, 99, 198, 193, 252, 122, 184, 183, 62, 73, 27, 35, 207, 155,
100, 255, 159, 162, 136, 154, 137, 107, 239, 177, 91, 210, 41, 255, 191, 85, 161, 23, 192, 61, 102, 238, 1, 124, 116, 209, 202, 66, 16, 44, 203, 109, 131, 184, 24, 230, 27, 226, 194, 40,
185, 7, 182, 177, 148, 122, 107, 111, 102, 0, 46, 163, 42, 11, 85, 208, 144, 244, 63, 209, 184, 10, 153, 37, 243, 203, 254, 75, 239, 183, 72, 249, 46, 17, 74, 51, 177, 109, 77, 250,
164, 27, 190, 131, 143, 253, 76, 187, 254, 229, 166, 151, 61, 45, 98, 255, 86, 110, 27, 82, 161, 23, 18, 156, 146, 122, 219, 25, 42, 29, 123, 187, 157, 74, 61, 79, 18, 125, 173, 117,
47, 34, 55, 28, 15, 238, 62, 223, 132, 187, 172, 193, 14, 184, 76, 73, 232, 114, 31, 232, 154, 60, 235, 126, 93, 182, 247, 114, 35, 58, 206, 99, 215, 229, 194, 22, 147, 94, 32, 107,
169, 7, 123, 184, 171, 1, 145, 71, 33, 172, 246, 236, 188, 182, 212, 0, 140, 5, 115, 215, 151, 58, 129, 201, 192, 57, 122, 200, 44, 235, 247, 36, 76, 122, 169, 22, 139, 4, 145, 142,
224, 59, 123, 113, 11, 69, 213, 218, 251, 235, 222, 180, 58, 29, 0, 227, 114, 72, 150, 231, 9, 234, 188, 238, 202, 79, 34, 51, 17, 58, 190, 195, 242, 250, 188, 71, 142, 153, 62, 143,
73, 247, 93, 58, 124, 160, 110, 98, 207, 127, 35, 101, 143, 137, 237, 215, 152, 75, 247, 253, 150, 55, 106, 127, 8, 154, 118, 190, 182, 211, 83, 58, 180, 193, 164, 26, 191, 1, 127, 43,
193, 110, 201, 106, 16, 177, 71, 9, 61, 146, 28, 187, 241, 138, 49, 52, 243, 223, 251, 246, 31, 166, 115, 24, 152, 249, 22, 231, 105, 170, 173, 199, 28, 167, 19, 143, 8, 56, 42, 90,
202, 11, 166, 118, 24, 67, 17, 250, 251, 230, 22, 85, 179, 169, 140, 239, 52, 11, 222, 253, 62, 160, 189, 189, 208, 62, 194, 172, 202, 148, 48, 251, 162, 160, 115, 57, 189, 205, 222, 168,
1, 63, 138, 102, 189, 16, 224, 188, 178, 213, 125, 93, 198, 166, 222, 122, 184, 143, 93, 73, 109, 122, 239, 197, 110, 250, 179, 182, 180, 205, 158, 126, 231, 166, 123, 195, 42, 176, 196, 80,
188, 107, 155, 1, 102, 137, 61, 33, 7, 240, 174, 92, 11, 45, 190, 68, 138, 225, 0, 191, 77, 230, 164, 25, 199, 119, 155, 180, 167, 97, 34, 23, 108, 124, 127, 192, 45, 2, 93, 222,
238, 237, 38, 198, 203, 37, 178, 36, 136, 247, 254, 29, 137, 200, 104, 245, 29, 77, 1, 13, 177, 15, 113, 206, 130, 91, 230, 168, 134, 130, 92, 181, 249, 219, 214, 141, 105, 62, 113, 244,
79, 9, 35, 70, 161, 4, 39, 195, 225, 115, 194, 52, 15, 108, 39, 234, 224, 117, 35, 59, 13, 44, 167, 64, 43, 61, 52, 42, 40, 173, 55, 216, 211, 142, 177, 167, 45, 211, 51, 25,
178, 40, 32, 217, 145, 38, 131, 45, 96, 173, 204, 115, 114, 63, 171, 3, 239, 147, 173, 7, 177, 104, 102, 105, 168, 32, 103, 128, 170, 82, 145, 67, 39, 162, 247, 245, 190, 146, 203, 62,
149, 58, 66, 243, 199, 47, 129, 181, 210, 81, 127, 169, 109, 239, 230, 44, 68, 99, 235, 48, 235, 105, 144, 240, 196, 14, 30, 56, 58, 63, 210, 175, 179, 191, 182, 191, 109, 42, 45, 130,
18, 79, 142, 226, 41, 236, 211, 153, 202, 91, 97, 40, 29, 34, 161, 195, 238, 246, 168, 6, 187, 203, 9, 177, 83, 253, 33, 53, 124, 158, 126, 109, 150, 85, 57, 121, 204, 149, 226, 200,
255, 103, 251, 250, 157, 46, 67, 106, 119, 155, 77, 148, 244, 136, 11, 102, 180, 231, 252, 26, 206, 114, 94, 46, 164, 100, 230, 40, 109, 140, 52, 74, 83, 140, 48, 196, 188, 222, 1, 44,
233, 212, 239, 247, 18, 148, 83, 109, 253, 253, 56, 212, 45, 183, 174, 217, 29, 230, 45, 135, 40, 12, 41, 51, 166, 0, 154, 81, 40, 121, 16, 222, 252, 207, 38, 86, 170, 186, 240, 205,
68, 30, 178, 225, 53, 218, 213, 172, 208, 10, 131, 183, 180, 255, 127, 221, 138, 178, 80, 37, 175, 213, 149, 187, 32, 80, 205, 81, 246, 71, 224, 167, 139, 167, 37, 8, 198, 176, 129, 125,
197, 170, 58, 86, 17, 103, 209, 155, 51, 210, 156, 189, 151, 254, 138, 109, 203, 173, 7, 235, 54, 207, 205, 110, 179, 52, 131, 27, 13, 142, 48, 33, 15, 184, 143, 16, 61, 117, 131, 97,
140, 216, 3, 165, 11, 145, 188, 27, 224, 40, 233, 132, 148, 79, 35, 24, 79, 74, 120, 145, 45, 0, 84, 222, 238, 254, 67, 226, 204, 52, 236, 16, 137, 213, 131, 22, 158, 169, 18, 237,
15, 26, 126, 60, 157, 126, 108, 252, 134, 74, 241, 165, 205, 199, 114, 189, 197, 205, 249, 171, 50, 45, 119, 255, 83, 52, 24, 100, 245, 21, 29, 147, 220, 82, 237, 45, 47, 29, 70, 144,
175, 114, 65, 54, 19, 124, 178, 117, 29, 37, 53, 11, 118, 230, 28, 147, 169, 128, 224, 230, 28, 205, 71, 73, 237, 78, 36, 202, 173, 90, 169, 91, 84, 158, 168, 123, 5, 94, 232, 60,
239, 165, 162, 41, 177, 104, 102, 76, 164, 32, 91, 169, 135, 9, 200, 62, 117, 132, 200, 197, 183, 190, 247, 49, 134, 35, 120, 209, 151, 25, 252, 232, 243, 6, 122, 249, 25, 188, 231, 11,
83, 108, 170, 23, 235, 117, 188, 130, 148, 79, 83, 120, 22, 51, 241, 170, 189, 132, 218, 129, 46, 13, 48, 187, 48, 60, 138, 247, 41, 233, 145, 248, 212, 66, 52, 50, 23, 20, 164, 163,
207, 246, 225, 48, 135, 226, 61, 137, 60, 201, 109, 45, 7, 246, 70, 48, 150, 107, 56, 110, 143, 181, 128, 211, 160, 88, 247, 223, 150, 9, 22, 73, 19, 203, 64, 169, 138, 211, 82, 90,
170, 155, 163, 4, 188, 14, 70, 8, 200, 16, 196, 110, 40, 141, 75, 89, 102, 154, 108, 250, 179, 133, 1, 25, 215, 248, 141, 168, 11, 166, 59, 111, 168, 227, 70, 205, 25, 252, 162, 186,
28, 251, 23, 147, 118, 52, 41, 93, 166, 57, 230, 115, 31, 102, 32, 231, 252, 201, 22, 73, 170, 186, 173, 237, 68, 78, 178, 199, 53, 197, 252, 172, 208, 26, 130, 161, 147, 209, 16, 251,
157, 137, 75, 47, 157, 208, 252, 175, 119, 3, 200, 110, 140, 80, 215, 190, 179, 150, 71, 91, 172, 197, 206, 94, 222, 211, 33, 112, 17, 66, 177, 205, 73, 241, 156, 191, 134, 201, 138, 82,
198, 164, 93, 211, 59, 235, 229, 91, 163, 38, 155, 27, 116, 137, 0, 36, 116, 162, 140, 106, 16, 45, 170, 113, 140, 224, 3, 132, 11, 185, 177, 27, 187, 6, 158, 150, 167, 97, 52, 23,
108, 80, 127, 147, 45, 2, 49, 222, 238, 198, 30, 225, 181, 83, 226, 30, 248, 240, 131, 69, 238, 151, 65, 230, 116, 16, 122, 44, 177, 109, 16, 218, 164, 127, 210, 196, 184, 211, 80, 170,
254, 149, 224, 169, 110, 16, 114, 236, 110, 109, 44, 65, 150, 95, 32, 183, 225, 102, 194, 20, 49, 0, 97, 149, 174, 102, 65, 77, 19, 113, 142, 65, 3, 125, 79, 81, 0, 238, 13, 167,
175, 132, 147, 217, 31, 230, 58, 79, 221, 117, 51, 218, 134, 18, 138, 79, 119, 181, 207, 13, 22, 89, 252, 60, 157, 145, 199, 54, 170, 81, 32, 105, 187, 39, 88, 140, 155, 13, 230, 34,
55, 165, 222, 213, 177, 201, 231, 8, 212, 95, 114, 211, 151, 34, 246, 201, 241, 53, 87, 223, 27, 219, 233, 58, 76, 114, 160, 102, 137, 105, 130, 210, 198, 15, 114, 122, 9, 51, 223, 211,
172, 146, 158, 164, 23, 18, 34, 189, 114, 96, 148, 204, 114, 173, 142, 196, 164, 77, 54, 38, 50, 34, 142, 168, 207, 172, 148, 36, 153, 135, 44, 177, 83, 245, 33, 25, 124, 158, 110, 109,
150, 112, 57, 119, 183, 149, 191, 197, 160, 80, 247, 216, 150, 34, 93, 73, 19, 243, 125, 244, 138, 136, 83, 69, 147, 193, 195, 95, 191, 82, 87, 56, 230, 73, 210, 36, 45, 177, 117, 19,
102, 191, 55, 206, 179, 162, 39, 80, 200, 218, 248, 246, 6, 134, 115, 5, 140, 224, 70, 223, 45, 250, 143, 224, 7, 252, 24, 130, 10, 22, 54, 37, 149, 59, 141, 40, 19, 103, 53, 222,
186, 250, 36, 68, 167, 171, 253, 212, 51, 49, 170, 236, 14, 188, 252, 175, 221, 42, 134, 179, 144, 209, 16, 239, 166, 139, 86, 41, 148, 222, 236, 195, 1, 3, 204, 51, 130, 80, 213, 138,
179, 212, 45, 99, 198, 190, 246, 67, 197, 186, 58, 70, 7, 66, 192, 138, 46, 219, 140, 231, 253, 247, 181, 122, 193, 215, 87, 226, 11, 211, 246, 37, 147, 7, 160, 58, 52, 177, 0, 2,
35, 241, 150, 67, 11, 80, 214, 126, 134, 223, 3, 190, 11, 189, 193, 28, 199, 52, 233, 137, 167, 97, 43, 41, 117, 22, 75, 183, 3, 0, 96, 245, 238, 234, 68, 238, 181, 46, 182, 29,
242, 196, 251, 100, 158, 183, 108, 199, 4, 17, 74, 51, 177, 109, 77, 250, 164, 27, 190, 131, 143, 253, 76, 187, 254, 229, 230, 159, 50, 62, 83, 209, 107, 45, 9, 112, 235, 3, 1, 212,
205, 69, 154, 37, 39, 104, 91, 175, 157, 103, 63, 69, 49, 64, 173, 62, 48, 0, 53, 50, 118, 230, 46, 147, 134, 149, 131, 198, 76, 205, 48, 73, 221, 114, 21, 237, 145, 4, 178, 91,
84, 174, 168, 97, 5, 94, 225, 60, 239, 243, 128, 15, 138, 98, 100, 91, 157, 31, 67, 138, 170, 81, 242, 35, 19, 145, 139, 227, 150, 172, 143, 32, 209, 10, 96, 215, 151, 58, 129, 201,
192, 57, 66, 253, 109, 219, 222, 50, 71, 90, 235, 63, 245, 64, 161, 138, 138, 18, 82, 112, 31, 55, 255, 173, 153, 180, 171, 188, 46, 9, 53, 188, 63, 96, 190, 148, 114, 233, 188, 159,
175, 78, 47, 102, 55, 111, 144, 139, 241, 129, 230, 55, 234, 226, 44, 189, 83, 193, 113, 68, 8, 228, 50, 67, 212, 79, 90, 25, 204, 137, 129, 203, 136, 106, 213, 212, 139, 75, 76, 66,
31, 223, 118, 133, 161, 211, 76, 58, 141, 239, 172, 69, 191, 109, 95, 30, 251, 76, 232, 44, 40, 172, 60, 9, 75, 142, 48, 217, 188, 220, 29, 11, 156, 255, 246, 186, 15, 139, 121, 100,
190, 249, 23, 199, 54, 215, 180, 201, 14, 171, 79, 166, 118, 12, 92, 7, 167, 42, 231, 83, 79, 79, 65, 237, 249, 176, 0, 111, 168, 208, 157, 175, 86, 43, 178, 222, 49, 197, 238, 172,
144, 22, 177, 134, 147, 225, 127, 209, 165, 178, 82, 29, 157, 192, 229, 199, 63, 7, 215, 115, 190, 37, 208, 191, 151, 160, 45, 70, 198, 162, 222, 107, 225, 179, 41, 73, 6, 122, 197, 200,
76, 202, 232, 153, 171, 192, 149, 115, 231, 158, 2, 199, 76, 235, 163, 107, 154, 53, 192, 2, 13, 174, 42, 20, 15, 240, 174, 109, 11, 80, 157, 100, 134, 197, 3, 138, 11, 230, 164, 28,
199, 37, 156, 134, 167, 105, 19, 50, 42, 104, 41, 205, 113, 118, 124, 247, 241, 237, 52, 212, 204, 83, 151, 26, 164, 198, 254, 121, 180, 211, 28, 238, 117, 124, 119, 29, 188, 20, 77, 186,
183, 68, 190, 223, 173, 226, 96, 187, 254, 150, 226, 141, 50, 62, 113, 239, 52, 17, 24, 99, 235, 9, 12, 212, 225, 86, 226, 114, 22, 10, 100, 191, 145, 113, 5, 111, 111, 122, 175, 117,
16, 29, 9, 92, 118, 230, 48, 131, 209, 129, 187, 225, 55, 230, 70, 73, 221, 97, 40, 211, 145, 4, 183, 45, 84, 206, 175, 91, 114, 63, 171, 3, 239, 147, 173, 7, 177, 104, 102, 105,
168, 32, 88, 215, 135, 13, 149, 54, 53, 173, 209, 236, 140, 146, 212, 28, 212, 58, 34, 243, 168, 56, 208, 189, 205, 81, 91, 166, 44, 235, 245, 44, 68, 99, 150, 49, 169, 119, 157, 210,
196, 21, 90, 112, 23, 85, 253, 237, 138, 228, 218, 189, 46, 18, 28, 187, 48, 79, 142, 229, 41, 250, 145, 152, 168, 68, 23, 51, 81, 96, 178, 223, 254, 133, 250, 46, 149, 153, 53, 228,
107, 205, 87, 23, 116, 158, 124, 107, 150, 93, 69, 115, 166, 173, 186, 200, 138, 73, 247, 232, 182, 34, 115, 25, 113, 155, 14, 245, 177, 244, 77, 105, 141, 216, 210, 27, 191, 102, 81, 43,
193, 12, 198, 12, 16, 135, 64, 115, 102, 181, 15, 250, 156, 192, 42, 41, 195, 196, 248, 183, 53, 247, 123, 5, 134, 217, 48, 190, 105, 250, 141, 233, 17, 187, 26, 162, 15, 12, 79, 83,
167, 0, 230, 36, 14, 60, 30, 197, 224, 196, 6, 17, 170, 220, 133, 218, 49, 56, 222, 242, 113, 202, 177, 170, 247, 6, 222, 178, 184, 209, 103, 239, 250, 178, 112, 20, 240, 222, 226, 195,
1, 88, 204, 76, 130, 78, 204, 175, 135, 168, 71, 126, 198, 133, 241, 110, 248, 177, 115, 85, 109, 120, 246, 140, 107, 210, 189, 225, 182, 233, 136, 107, 231, 141, 68, 203, 10, 201, 224, 86,
159, 52, 131, 26, 52, 236, 48, 56, 116, 235, 128, 29, 50, 44, 170, 126, 138, 216, 108, 138, 77, 146, 140, 62, 236, 108, 188, 146, 155, 123, 124, 43, 102, 64, 46, 165, 112, 0, 79, 222,
192, 254, 27, 148, 169, 61, 188, 16, 137, 213, 131, 109, 238, 160, 64, 230, 116, 124, 126, 62, 177, 109, 16, 228, 168, 75, 166, 161, 150, 253, 114, 189, 185, 193, 246, 167, 57, 125, 92, 140,
76, 109, 26, 98, 180, 23, 29, 208, 221, 13, 196, 51, 21, 118, 70, 142, 129, 114, 65, 104, 105, 72, 129, 62, 1, 126, 30, 87, 15, 149, 8, 173, 206, 143, 236, 162, 12, 248, 2, 117,
209, 115, 31, 216, 171, 38, 179, 70, 125, 186, 247, 115, 23, 126, 240, 3, 205, 165, 162, 41, 177, 104, 45, 115, 168, 58, 103, 180, 170, 9, 244, 28, 9, 130, 227, 210, 179, 172, 201, 32,
140, 57, 34, 229, 199, 30, 240, 232, 211, 26, 125, 210, 40, 219, 188, 79, 86, 78, 169, 19, 242, 25, 134, 210, 234, 41, 82, 52, 61, 70, 193, 228, 164, 130, 182, 150, 58, 61, 48, 244,
61, 92, 143, 197, 112, 230, 189, 154, 147, 92, 47, 36, 25, 111, 173, 155, 179, 186, 225, 49, 139, 131, 11, 164, 73, 251, 113, 24, 124, 246, 70, 52, 201, 75, 3, 23, 176, 133, 134, 184,
160, 88, 247, 223, 150, 9, 22, 73, 19, 203, 64, 169, 138, 211, 87, 65, 157, 192, 160, 4, 173, 88, 80, 30, 160, 102, 214, 18, 43, 152, 125, 8, 106, 139, 31, 250, 181, 133, 1, 41,
200, 235, 130, 143, 54, 170, 109, 43, 146, 188, 70, 253, 19, 220, 181, 230, 10, 129, 51, 212, 21, 60, 41, 95, 221, 56, 172, 67, 14, 88, 58, 237, 253, 241, 39, 74, 237, 133, 245, 251,
92, 21, 224, 192, 115, 217, 208, 235, 192, 110, 182, 161, 200, 209, 16, 251, 157, 187, 82, 4, 133, 203, 203, 175, 61, 3, 207, 70, 145, 22, 146, 133, 169, 150, 91, 101, 146, 194, 237, 100,
253, 142, 38, 43, 109, 106, 209, 197, 49, 245, 159, 130, 141, 128, 244, 10, 233, 201, 88, 180, 76, 201, 161, 107, 251, 4, 192, 27, 30, 137, 1, 43, 15, 166, 174, 118, 11, 80, 160, 100,
134, 216, 0, 185, 4, 129, 162, 54, 249, 55, 231, 136, 165, 69, 114, 12, 87, 87, 110, 147, 23, 2, 65, 247, 237, 179, 15, 201, 205, 0, 167, 75, 143, 213, 254, 119, 154, 206, 21, 255,
35, 106, 84, 19, 190, 7, 16, 229, 221, 127, 166, 182, 150, 219, 97, 174, 243, 193, 226, 179, 24, 122, 117, 210, 108, 48, 18, 108, 171, 87, 1, 182, 225, 123, 211, 8, 27, 46, 121, 232,
130, 70, 25, 62, 103, 46, 162, 122, 118, 26, 86, 8, 118, 173, 82, 196, 142, 180, 191, 234, 31, 238, 18, 117, 178, 69, 62, 247, 240, 95, 163, 112, 50, 150, 235, 113, 5, 72, 252, 9,
226, 179, 186, 18, 154, 20, 60, 126, 152, 43, 88, 170, 186, 11, 231, 14, 117, 168, 237, 231, 140, 148, 224, 15, 167, 8, 34, 218, 199, 50, 227, 198, 211, 13, 117, 171, 27, 219, 180, 61,
76, 116, 169, 108, 189, 92, 161, 237, 147, 57, 114, 122, 59, 85, 247, 211, 140, 235, 218, 160, 12, 96, 46, 187, 48, 103, 142, 201, 41, 233, 188, 155, 212, 56, 20, 56, 81, 34, 188, 159,
190, 242, 250, 9, 165, 135, 48, 243, 73, 129, 75, 58, 16, 152, 102, 76, 150, 105, 77, 110, 203, 214, 224, 190, 135, 82, 244, 252, 180, 31, 86, 77, 54, 243, 125, 139, 138, 241, 94, 59,
163, 255, 195, 40, 153, 82, 78, 99, 195, 73, 210, 31, 7, 141, 54, 14, 103, 178, 51, 211, 140, 214, 12, 54, 201, 246, 128, 164, 6, 160, 87, 12, 228, 194, 65, 252, 24, 232, 158, 231,
17, 158, 17, 146, 14, 111, 54, 37, 149, 59, 230, 59, 45, 33, 31, 245, 221, 204, 48, 116, 170, 186, 146, 205, 68, 46, 178, 251, 53, 218, 208, 172, 208, 105, 134, 161, 173, 222, 32, 210,
187, 159, 115, 65, 133, 245, 231, 219, 22, 3, 253, 98, 130, 50, 212, 168, 206, 190, 97, 114, 200, 158, 195, 66, 194, 166, 104, 80, 6, 122, 215, 207, 104, 255, 176, 167, 253, 248, 253, 90,
214, 158, 76, 245, 48, 211, 246, 110, 249, 38, 183, 124, 24, 177, 86, 22, 114, 222, 150, 81, 11, 74, 134, 126, 220, 235, 60, 233, 4, 226, 141, 62, 179, 7, 131, 176, 139, 97, 43, 115,
108, 87, 90, 133, 3, 26, 119, 217, 138, 174, 67, 198, 204, 52, 153, 16, 137, 198, 131, 79, 238, 160, 111, 230, 116, 89, 18, 38, 143, 15, 74, 233, 164, 98, 230, 129, 177, 222, 122, 174,
255, 199, 230, 159, 112, 62, 74, 132, 52, 23, 109, 110, 245, 23, 113, 204, 144, 109, 237, 19, 19, 104, 91, 177, 157, 87, 73, 79, 103, 73, 158, 122, 118, 0, 53, 61, 118, 244, 82, 163,
166, 180, 144, 198, 55, 248, 35, 69, 237, 49, 37, 238, 135, 60, 173, 36, 125, 145, 235, 76, 5, 124, 213, 9, 142, 155, 157, 13, 185, 20, 26, 74, 160, 9, 88, 132, 151, 1, 210, 32,
39, 157, 214, 203, 145, 189, 151, 1, 211, 5, 115, 232, 151, 7, 221, 233, 231, 12, 93, 216, 44, 202, 222, 76, 71, 75, 246, 96, 133, 25, 142, 250, 206, 18, 5, 48, 38, 85, 221, 205,
140, 181, 147, 171, 104, 48, 82, 187, 48, 95, 138, 148, 41, 233, 215, 248, 212, 77, 20, 42, 81, 49, 130, 168, 207, 242, 164, 54, 153, 135, 48, 157, 83, 209, 33, 68, 124, 249, 66, 106,
242, 123, 4, 101, 166, 204, 226, 140, 173, 106, 244, 154, 232, 1, 81, 117, 124, 216, 72, 240, 138, 202, 81, 58, 128, 255, 192, 65, 191, 109, 87, 30, 209, 12, 226, 13, 41, 152, 71, 9,
86, 141, 15, 227, 177, 169, 29, 12, 246, 255, 141, 241, 6, 172, 99, 49, 153, 234, 5, 207, 29, 224, 130, 206, 14, 171, 79, 166, 118, 12, 92, 7, 167, 42, 231, 83, 79, 79, 16, 157,
196, 231, 62, 119, 145, 208, 157, 239, 87, 11, 233, 253, 11, 217, 225, 151, 235, 6, 180, 172, 159, 149, 36, 218, 134, 152, 90, 31, 150, 143, 144, 199, 49, 25, 139, 73, 169, 80, 204, 166,
179, 160, 45, 93, 198, 166, 222, 122, 184, 143, 93, 73, 109, 122, 239, 197, 110, 250, 179, 160, 253, 223, 178, 87, 243, 205, 93, 237, 58, 239, 225, 88, 141, 0, 167, 101, 111, 180, 7, 56,
19, 248, 158, 112, 47, 80, 157, 100, 134, 197, 3, 138, 11, 230, 164, 28, 199, 37, 156, 134, 167, 97, 34, 23, 108, 124, 126, 167, 22, 63, 48, 222, 227, 237, 52, 236, 181, 6, 131, 20,
137, 201, 211, 109, 244, 211, 92, 197, 115, 94, 119, 29, 243, 11, 75, 216, 164, 123, 190, 191, 143, 226, 96, 187, 254, 150, 226, 141, 50, 62, 113, 239, 52, 17, 24, 99, 235, 44, 37, 136,
144, 69, 216, 38, 56, 17, 38, 157, 165, 114, 6, 90, 56, 46, 172, 97, 118, 16, 75, 17, 61, 177, 40, 220, 209, 248, 147, 242, 76, 230, 70, 73, 221, 97, 40, 211, 145, 4, 183, 45,
84, 206, 168, 71, 5, 57, 224, 60, 239, 147, 140, 79, 166, 98, 61, 70, 137, 63, 123, 143, 170, 73, 226, 28, 125, 145, 206, 183, 157, 182, 203, 100, 140, 85, 66, 214, 168, 68, 194, 223,
195, 16, 39, 233, 22, 219, 201, 16, 71, 108, 235, 53, 245, 119, 143, 241, 148, 54, 114, 119, 11, 85, 253, 237, 138, 228, 188, 186, 108, 40, 9, 189, 50, 76, 148, 199, 116, 173, 179, 155,
172, 85, 62, 22, 85, 47, 174, 139, 227, 133, 190, 46, 142, 239, 11, 139, 82, 253, 33, 53, 124, 158, 126, 109, 150, 85, 57, 121, 204, 149, 158, 197, 160, 120, 247, 232, 150, 34, 106, 100,
9, 155, 84, 134, 140, 249, 87, 122, 189, 196, 164, 37, 199, 102, 80, 124, 201, 18, 247, 56, 104, 172, 112, 11, 75, 238, 51, 245, 176, 185, 111, 54, 213, 139, 237, 132, 47, 165, 39, 23,
162, 250, 23, 233, 54, 213, 209, 201, 14, 147, 42, 135, 118, 12, 62, 37, 167, 15, 231, 113, 85, 33, 62, 237, 249, 181, 61, 77, 155, 133, 134, 173, 102, 58, 193, 225, 49, 218, 194, 173,
208, 51, 133, 141, 183, 194, 34, 249, 251, 144, 80, 15, 240, 250, 202, 195, 49, 95, 216, 106, 130, 80, 208, 138, 179, 132, 45, 0, 198, 193, 242, 122, 184, 176, 62, 71, 40, 106, 230, 184,
74, 225, 159, 133, 141, 222, 138, 94, 243, 206, 76, 211, 11, 176, 224, 79, 161, 61, 155, 36, 30, 238, 47, 43, 15, 196, 161, 16, 11, 80, 170, 126, 134, 216, 37, 232, 58, 174, 142, 54,
224, 37, 182, 175, 177, 69, 51, 43, 51, 64, 126, 159, 35, 43, 76, 240, 210, 219, 63, 233, 181, 37, 135, 57, 157, 139, 254, 30, 178, 183, 98, 230, 36, 102, 80, 117, 177, 109, 102, 250,
164, 65, 190, 154, 143, 253, 97, 187, 254, 205, 230, 238, 107, 122, 75, 219, 119, 56, 35, 59, 143, 26, 62, 212, 225, 85, 134, 52, 56, 104, 124, 236, 242, 114, 5, 105, 10, 108, 213, 122,
118, 37, 53, 51, 118, 173, 15, 210, 142, 167, 188, 223, 23, 248, 2, 117, 249, 109, 24, 249, 188, 16, 135, 70, 127, 201, 240, 123, 125, 94, 192, 116, 212, 173, 147, 34, 201, 20, 27, 90,
185, 30, 91, 155, 187, 122, 240, 43, 106, 170, 225, 221, 128, 148, 243, 3, 130, 61, 33, 137, 199, 30, 220, 232, 211, 26, 125, 246, 109, 193, 241, 11, 70, 78, 246, 51, 169, 98, 128, 254,
149, 15, 98, 110, 50, 68, 194, 214, 189, 132, 218, 129, 46, 13, 48, 187, 48, 60, 138, 229, 23, 199, 211, 251, 211, 92, 47, 103, 55, 26, 149, 180, 220, 186, 134, 48, 231, 239, 117, 174,
76, 223, 126, 77, 124, 136, 93, 106, 193, 76, 94, 120, 175, 137, 183, 139, 130, 90, 246, 200, 183, 44, 70, 73, 19, 203, 64, 244, 177, 136, 15, 98, 173, 234, 255, 3, 191, 1, 80, 43,
227, 108, 201, 57, 16, 135, 96, 116, 71, 190, 104, 173, 190, 170, 17, 41, 253, 247, 251, 132, 39, 170, 100, 40, 172, 250, 28, 254, 49, 252, 181, 244, 28, 189, 29, 182, 49, 107, 11, 94,
134, 58, 152, 89, 81, 100, 39, 234, 187, 243, 34, 17, 148, 169, 130, 251, 66, 55, 233, 192, 61, 160, 232, 185, 144, 26, 157, 176, 147, 255, 23, 143, 166, 135, 75, 55, 182, 204, 226, 180,
112, 38, 208, 106, 145, 78, 254, 172, 178, 136, 97, 66, 153, 175, 245, 100, 253, 211, 33, 84, 20, 122, 222, 200, 100, 238, 156, 176, 244, 205, 243, 107, 238, 201, 5, 180, 9, 176, 231, 115,
163, 36, 148, 11, 12, 188, 13, 124, 32, 196, 142, 75, 48, 44, 176, 94, 151, 248, 31, 190, 29, 190, 178, 26, 164, 19, 232, 179, 167, 97, 52, 23, 108, 116, 126, 187, 107, 96, 110, 170,
238, 254, 62, 240, 166, 4, 165, 50, 253, 240, 130, 79, 158, 211, 78, 234, 115, 31, 78, 52, 167, 108, 102, 225, 130, 65, 229, 184, 135, 242, 113, 191, 226, 245, 226, 238, 50, 62, 92, 198,
46, 24, 56, 45, 240, 95, 2, 139, 245, 76, 226, 56, 38, 104, 99, 149, 255, 102, 35, 60, 103, 33, 213, 117, 51, 11, 82, 81, 15, 173, 46, 192, 191, 156, 163, 195, 55, 230, 58, 73,
221, 82, 32, 232, 145, 95, 169, 112, 97, 148, 178, 96, 23, 96, 208, 99, 138, 243, 186, 89, 147, 98, 108, 121, 138, 36, 88, 158, 234, 84, 220, 33, 53, 138, 212, 194, 188, 146, 204, 50,
140, 21, 66, 218, 144, 56, 227, 224, 219, 13, 40, 205, 14, 193, 227, 57, 96, 114, 148, 24, 182, 126, 161, 201, 200, 44, 90, 100, 39, 106, 213, 235, 137, 181, 169, 155, 38, 119, 53, 130,
112, 103, 141, 254, 124, 230, 157, 205, 149, 60, 29, 39, 17, 47, 181, 161, 178, 165, 161, 10, 153, 135, 44, 236, 76, 250, 113, 68, 62, 170, 49, 52, 151, 100, 59, 100, 184, 138, 157, 180,
152, 114, 244, 204, 157, 22, 70, 105, 39, 217, 119, 179, 188, 247, 116, 59, 163, 255, 195, 40, 153, 82, 67, 99, 229, 82, 169, 55, 40, 141, 94, 112, 103, 138, 104, 215, 243, 159, 16, 67,
194, 218, 158, 144, 43, 134, 121, 22, 190, 214, 23, 186, 54, 213, 189, 201, 14, 184, 42, 130, 18, 22, 40, 40, 172, 27, 250, 125, 81, 68, 12, 245, 229, 197, 54, 124, 145, 220, 129, 173,
66, 14, 224, 135, 50, 188, 229, 159, 198, 45, 131, 162, 206, 194, 6, 254, 162, 196, 112, 3, 148, 222, 236, 195, 1, 3, 204, 51, 130, 80, 213, 152, 212, 160, 114, 1, 207, 220, 223, 72,
242, 173, 58, 106, 17, 49, 215, 148, 102, 216, 236, 153, 246, 222, 246, 94, 243, 158, 7, 204, 26, 207, 254, 102, 251, 100, 192, 61, 30, 238, 1, 8, 31, 198, 202, 85, 12, 71, 214, 65,
144, 197, 100, 180, 48, 226, 157, 14, 234, 39, 131, 156, 139, 73, 3, 31, 119, 116, 117, 183, 42, 43, 66, 209, 210, 169, 32, 250, 205, 37, 226, 57, 162, 196, 194, 100, 149, 142, 101, 197,
115, 91, 127, 0, 128, 124, 114, 196, 139, 123, 166, 189, 136, 197, 95, 161, 254, 199, 166, 138, 103, 45, 99, 209, 117, 13, 58, 68, 239, 88, 42, 147, 225, 105, 195, 22, 20, 36, 94, 170,
157, 87, 73, 79, 103, 116, 208, 67, 11, 8, 20, 1, 28, 149, 86, 173, 206, 182, 128, 244, 71, 248, 28, 109, 193, 54, 6, 138, 235, 60, 247, 46, 107, 206, 252, 113, 114, 74, 189, 24,
239, 138, 194, 7, 204, 21, 51, 100, 255, 65, 4, 216, 170, 9, 225, 67, 21, 158, 219, 227, 140, 148, 252, 18, 168, 84, 120, 255, 168, 24, 222, 198, 210, 13, 105, 170, 106, 202, 201, 26,
104, 85, 140, 58, 142, 25, 145, 237, 213, 54, 124, 118, 48, 63, 236, 230, 253, 128, 194, 173, 39, 60, 0, 189, 114, 34, 203, 203, 124, 233, 157, 224, 212, 111, 62, 5, 85, 111, 172, 168,
207, 242, 164, 54, 153, 144, 8, 183, 102, 204, 126, 95, 7, 246, 116, 52, 201, 40, 26, 90, 186, 137, 166, 139, 170, 120, 136, 155, 137, 75, 104, 70, 119, 216, 72, 143, 177, 199, 73, 61,
138, 254, 231, 36, 172, 85, 96, 3, 187, 18, 190, 13, 42, 250, 64, 89, 102, 174, 55, 191, 148, 131, 20, 25, 198, 223, 133, 172, 78, 170, 114, 59, 250, 249, 33, 235, 54, 215, 180, 201,
14, 249, 29, 173, 49, 107, 3, 94, 134, 33, 159, 94, 78, 102, 65, 250, 202, 198, 33, 7, 155, 216, 144, 196, 51, 53, 234, 209, 42, 182, 225, 137, 235, 53, 152, 216, 146, 149, 27, 251,
228, 158, 115, 1, 150, 243, 247, 139, 49, 88, 200, 114, 129, 18, 208, 163, 134, 175, 89, 93, 145, 166, 229, 62, 207, 183, 101, 110, 17, 106, 200, 183, 74, 250, 159, 162, 141, 245, 161, 107,
215, 170, 65, 230, 42, 211, 208, 44, 170, 0, 196, 125, 60, 128, 47, 15, 117, 248, 186, 102, 33, 44, 149, 24, 144, 223, 100, 227, 19, 184, 160, 67, 236, 37, 150, 183, 167, 123, 115, 5,
76, 108, 41, 134, 125, 126, 98, 247, 245, 169, 22, 205, 175, 46, 150, 75, 129, 228, 200, 124, 168, 151, 72, 230, 116, 77, 120, 2, 128, 126, 21, 206, 130, 27, 186, 199, 189, 132, 87, 136,
255, 210, 231, 189, 110, 123, 105, 221, 106, 53, 27, 80, 161, 37, 8, 195, 225, 77, 194, 52, 15, 10, 109, 151, 242, 65, 5, 101, 105, 44, 133, 65, 119, 30, 27, 83, 6, 177, 19, 168,
212, 142, 177, 212, 76, 230, 70, 73, 221, 97, 99, 243, 136, 95, 156, 110, 55, 174, 240, 120, 48, 125, 213, 51, 203, 238, 133, 44, 156, 66, 39, 86, 255, 32, 67, 171, 170, 115, 206, 4,
40, 162, 245, 171, 135, 172, 227, 38, 151, 58, 66, 214, 184, 18, 229, 232, 210, 86, 98, 252, 106, 235, 245, 62, 100, 109, 160, 7, 131, 126, 168, 201, 210, 68, 70, 119, 11, 85, 253, 234,
250, 191, 194, 186, 41, 40, 28, 164, 61, 109, 206, 207, 112, 230, 180, 236, 147, 118, 47, 24, 25, 63, 177, 195, 253, 134, 137, 20, 142, 153, 118, 144, 46, 209, 85, 17, 62, 150, 87, 111,
220, 113, 69, 90, 183, 149, 158, 197, 160, 120, 219, 220, 175, 26, 20, 105, 7, 216, 110, 245, 172, 235, 93, 51, 129, 221, 227, 68, 139, 102, 1, 59, 193, 110, 210, 56, 104, 251, 51, 75,
71, 142, 106, 160, 189, 214, 2, 52, 247, 233, 135, 243, 44, 247, 63, 20, 145, 245, 33, 214, 54, 213, 209, 201, 14, 159, 18, 162, 113, 22, 75, 91, 167, 0, 154, 64, 52, 80, 49, 237,
189, 178, 18, 86, 174, 186, 141, 205, 115, 30, 178, 225, 53, 218, 209, 151, 192, 50, 154, 163, 185, 209, 12, 141, 185, 177, 73, 59, 176, 211, 238, 171, 7, 0, 142, 103, 146, 78, 194, 250,
179, 164, 89, 93, 188, 158, 222, 67, 225, 161, 99, 91, 102, 66, 209, 147, 107, 201, 236, 224, 144, 154, 135, 107, 236, 143, 7, 248, 59, 176, 245, 102, 154, 62, 192, 36, 30, 183, 8, 3,
2, 166, 138, 108, 11, 102, 167, 30, 221, 199, 16, 255, 75, 178, 129, 35, 221, 32, 159, 200, 190, 73, 35, 24, 86, 83, 75, 157, 42, 54, 80, 208, 241, 172, 12, 234, 175, 46, 134, 29,
130, 208, 216, 22, 239, 139, 18, 234, 19, 80, 86, 54, 241, 109, 102, 179, 164, 74, 236, 148, 136, 197, 90, 136, 232, 234, 161, 132, 111, 45, 119, 240, 104, 3, 56, 123, 240, 21, 22, 184,
242, 13, 239, 23, 22, 29, 44, 177, 172, 95, 50, 77, 19, 108, 213, 122, 118, 37, 53, 42, 0, 244, 8, 223, 132, 143, 147, 225, 25, 231, 2, 117, 160, 108, 37, 230, 183, 46, 165, 82,
42, 158, 211, 86, 5, 107, 229, 107, 148, 173, 185, 33, 200, 119, 58, 120, 178, 58, 103, 180, 170, 9, 253, 35, 35, 132, 225, 212, 135, 172, 201, 10, 143, 35, 97, 217, 151, 25, 252, 232,
254, 80, 83, 238, 14, 188, 200, 87, 68, 42, 148, 57, 151, 108, 143, 226, 138, 56, 79, 74, 11, 85, 194, 205, 138, 135, 182, 169, 25, 60, 47, 170, 48, 88, 163, 202, 14, 250, 182, 159,
163, 91, 54, 33, 36, 49, 160, 157, 207, 146, 176, 85, 153, 138, 104, 214, 37, 153, 57, 84, 31, 254, 50, 70, 133, 33, 85, 2, 206, 175, 231, 165, 130, 74, 249, 253, 231, 50, 83, 89,
43, 222, 84, 169, 178, 231, 20, 58, 209, 237, 253, 95, 139, 127, 71, 121, 186, 8, 230, 36, 112, 255, 86, 78, 53, 173, 118, 249, 129, 158, 53, 23, 221, 212, 226, 183, 12, 134, 32, 109,
170, 249, 8, 218, 9, 179, 175, 225, 113, 135, 31, 176, 60, 104, 43, 29, 221, 62, 162, 119, 75, 111, 5, 222, 252, 229, 19, 84, 236, 174, 183, 243, 110, 63, 171, 193, 18, 238, 220, 191,
195, 17, 141, 152, 183, 193, 31, 213, 142, 149, 5, 7, 146, 225, 225, 167, 112, 2, 207, 49, 141, 51, 148, 137, 171, 149, 120, 64, 164, 156, 226, 90, 252, 142, 71, 123, 12, 78, 213, 197,
82, 222, 191, 167, 160, 204, 158, 84, 212, 147, 112, 182, 41, 243, 221, 122, 249, 50, 191, 4, 50, 144, 87, 28, 32, 253, 136, 124, 3, 102, 129, 26, 140, 188, 16, 190, 28, 155, 198, 21,
192, 113, 162, 205, 238, 123, 11, 55, 76, 111, 84, 198, 16, 45, 97, 205, 199, 229, 24, 238, 146, 20, 229, 45, 252, 130, 194, 111, 233, 157, 11, 250, 119, 6, 91, 50, 129, 79, 97, 254,
172, 29, 241, 179, 135, 253, 83, 128, 223, 239, 249, 169, 62, 5, 55, 251, 60, 52, 47, 122, 128, 1, 33, 206, 205, 118, 196, 6, 70, 22, 85, 149, 252, 99, 16, 111, 16, 116, 138, 124,
44, 17, 55, 83, 9, 137, 2, 185, 177, 231, 154, 223, 40, 239, 3, 105, 205, 107, 48, 217, 153, 32, 181, 45, 92, 184, 225, 27, 49, 101, 171, 31, 224, 239, 161, 38, 209, 104, 100, 94,
252, 20, 7, 141, 234, 97, 246, 26, 110, 187, 243, 212, 158, 205, 242, 2, 174, 61, 124, 249, 156, 26, 222, 167, 242, 49, 83, 250, 37, 226, 253, 11, 81, 44, 152, 0, 129, 26, 246, 239,
226, 20, 90, 121, 43, 80, 167, 222, 179, 150, 179, 128, 45, 0, 43, 154, 61, 59, 163, 245, 13, 240, 158, 197, 140, 106, 13, 57, 36, 6, 177, 169, 216, 183, 181, 76, 140, 242, 10, 158,
70, 139, 114, 69, 43, 170, 78, 42, 156, 95, 2, 120, 191, 157, 174, 175, 152, 24, 219, 225, 237, 28, 11, 104, 31, 241, 78, 151, 138, 208, 97, 70, 134, 207, 196, 66, 159, 83, 83, 56,
186, 103, 211, 24, 102, 160, 78, 118, 75, 238, 114, 249, 171, 165, 118, 66, 236, 230, 212, 154, 85, 130, 70, 55, 188, 166, 55, 233, 108, 239, 189, 167, 51, 184, 28, 140, 50, 104, 8, 28,
209, 126, 177, 67, 71, 94, 57, 194, 228, 219, 1, 106, 143, 128, 130, 251, 82, 60, 214, 131, 33, 245, 201, 188, 148, 36, 196, 152, 183, 192, 16, 213, 161, 149, 120, 7, 144, 232, 225, 167,
39, 95, 218, 64, 163, 49, 225, 168, 142, 222, 45, 106, 175, 193, 218, 77, 219, 165, 99, 95, 13, 107, 171, 189, 73, 222, 136, 177, 173, 221, 138, 12, 236, 145, 76, 194, 8, 223, 219, 45,
172, 56, 182, 122, 39, 236, 18, 5, 8, 211, 203, 98, 45, 91, 212, 26, 221, 235, 15, 145, 75, 178, 198, 58, 188, 116, 167, 169, 173, 67, 15, 55, 86, 86, 116, 189, 30, 54, 97, 205,
255, 216, 69, 238, 146, 80, 147, 45, 172, 130, 194, 30, 154, 130, 70, 131, 54, 94, 127, 118, 177, 77, 67, 255, 172, 94, 236, 133, 151, 228, 110, 167, 230, 210, 200, 175, 62, 124, 110, 242,
81, 44, 109, 88, 137, 54, 125, 172, 144, 119, 210, 4, 40, 63, 83, 235, 188, 33, 63, 63, 116, 121, 178, 124, 20, 126, 32, 81, 7, 175, 61, 164, 170, 186, 143, 225, 49, 196, 3, 31,
218, 114, 24, 211, 153, 14, 151, 94, 50, 158, 222, 127, 34, 71, 171, 31, 207, 169, 194, 38, 209, 86, 21, 106, 243, 75, 98, 214, 150, 122, 235, 34, 28, 194, 225, 220, 142, 187, 210, 96,
167, 57, 38, 137, 166, 6, 245, 232, 160, 1, 115, 235, 11, 234, 189, 36, 81, 72, 173, 63, 173, 75, 138, 221, 221, 19, 82, 79, 49, 53, 193, 255, 152, 133, 159, 187, 53, 109, 20, 128,
50, 49, 142, 220, 13, 240, 145, 219, 202, 94, 22, 23, 49, 51, 154, 167, 242, 146, 183, 18, 140, 229, 13, 183, 112, 139, 64, 69, 55, 164, 85, 90, 157, 111, 2, 85, 172, 142, 165, 189,
252, 24, 194, 223, 149, 0, 83, 89, 3, 222, 120, 169, 178, 232, 73, 101, 145, 252, 241, 95, 146, 114, 27, 36, 242, 12, 253, 58, 112, 135, 119, 106, 113, 157, 24, 222, 149, 151, 50, 34,
198, 255, 207, 132, 44, 146, 45, 55, 128, 213, 55, 199, 5, 220, 129, 218, 52, 141, 42, 170, 40, 41, 35, 58, 178, 125, 191, 125, 38, 115, 59, 193, 186, 180, 3, 105, 144, 157, 139, 254,
85, 23, 175, 208, 117, 234, 227, 151, 245, 19, 157, 171, 153, 222, 56, 136, 173, 134, 86, 7, 146, 141, 225, 167, 31, 58, 218, 54, 151, 37, 234, 137, 166, 222, 126, 1, 145, 146, 133, 35,
229, 132, 97, 127, 111, 99, 181, 174, 98, 195, 171, 165, 149, 254, 180, 65, 156, 207, 5, 182, 8, 181, 222, 45, 166, 27, 139, 3, 60, 238, 75, 123, 8, 217, 151, 98, 107, 107, 165, 125,
141, 180, 101, 232, 72, 145, 130, 95, 216, 108, 189, 204, 173, 30, 107, 55, 105, 0, 92, 219, 0, 12, 49, 176, 211, 237, 30, 228, 146, 15, 225, 45, 136, 130, 243, 77, 238, 128, 19, 196,
8, 113, 13, 11, 139, 113, 113, 232, 177, 122, 190, 133, 148, 238, 68, 128, 200, 155, 235, 166, 22, 46, 119, 238, 64, 45, 56, 89, 177, 54, 54, 140, 226, 10, 247, 55, 45, 119, 92, 150,
160, 60, 65, 93, 25, 73, 165, 122, 118, 17, 40, 16, 124, 232, 60, 221, 131, 181, 144, 248, 70, 221, 3, 89, 229, 116, 60, 211, 169, 48, 244, 45, 49, 184, 241, 27, 49, 117, 171, 31,
204, 239, 194, 19, 207, 117, 25, 118, 251, 42, 107, 173, 234, 126, 233, 29, 61, 129, 238, 243, 182, 158, 238, 4, 134, 42, 99, 249, 164, 14, 209, 218, 209, 39, 33, 208, 51, 191, 195, 45,
110, 112, 131, 34, 176, 102, 163, 241, 220, 43, 124, 79, 49, 126, 219, 255, 172, 189, 136, 187, 5, 32, 18, 231, 12, 121, 176, 145, 34, 167, 183, 248, 215, 79, 28, 58, 29, 34, 145, 175,
220, 138, 157, 47, 231, 220, 29, 166, 51, 251, 114, 69, 51, 151, 47, 94, 247, 42, 29, 112, 177, 181, 133, 189, 140, 96, 203, 204, 178, 8, 94, 89, 36, 209, 84, 147, 135, 205, 20, 92,
173, 157, 255, 21, 166, 118, 93, 116, 216, 21, 217, 8, 112, 178, 105, 78, 55, 232, 106, 208, 172, 160, 2, 75, 156, 240, 204, 242, 28, 134, 118, 6, 152, 225, 8, 199, 25, 233, 129, 214,
19, 185, 31, 147, 60, 47, 34, 58, 157, 117, 186, 41, 57, 125, 3, 152, 205, 242, 38, 105, 153, 185, 175, 255, 86, 47, 247, 193, 46, 186, 244, 151, 210, 108, 187, 177, 149, 212, 99, 223,
242, 134, 86, 28, 154, 141, 193, 148, 10, 13, 137, 125, 151, 56, 247, 137, 157, 171, 95, 119, 184, 191, 221, 93, 251, 149, 100, 107, 28, 94, 175, 151, 105, 223, 154, 165, 142, 215, 179, 78,
227, 139, 116, 237, 8, 208, 164, 45, 146, 18, 139, 28, 39, 142, 3, 57, 10, 186, 177, 97, 107, 108, 145, 125, 146, 222, 57, 147, 26, 131, 156, 94, 202, 15, 136, 139, 173, 70, 20, 119,
114, 80, 32, 176, 38, 59, 84, 162, 242, 232, 64, 228, 204, 76, 147, 45, 156, 130, 228, 111, 142, 157, 67, 230, 106, 126, 107, 11, 139, 113, 84, 228, 177, 70, 164, 168, 207, 130, 121, 161,
188, 210, 166, 178, 111, 99, 106, 219, 108, 21, 46, 125, 173, 37, 15, 191, 215, 126, 212, 48, 25, 8, 96, 158, 160, 98, 16, 104, 105, 82, 189, 95, 36, 126, 78, 47, 41, 156, 33, 172,
213, 162, 190, 225, 43, 198, 3, 89, 221, 112, 97, 211, 169, 91, 151, 45, 68, 184, 225, 102, 47, 102, 227, 46, 138, 169, 161, 49, 209, 16, 4, 106, 155, 33, 114, 188, 189, 126, 246, 8,
34, 139, 233, 241, 142, 201, 151, 2, 157, 42, 118, 249, 166, 2, 222, 167, 250, 21, 88, 198, 104, 239, 212, 4, 104, 83, 179, 101, 242, 127, 162, 218, 206, 19, 1, 79, 49, 73, 193, 255,
159, 133, 218, 187, 53, 1, 20, 128, 6, 98, 200, 220, 13, 248, 160, 194, 143, 106, 28, 57, 49, 7, 177, 167, 233, 245, 147, 11, 178, 228, 29, 176, 70, 202, 67, 66, 33, 158, 93, 105,
144, 81, 68, 85, 177, 222, 190, 144, 141, 120, 199, 133, 179, 60, 113, 20, 13, 248, 120, 173, 178, 244, 119, 123, 209, 225, 237, 29, 213, 98, 93, 15, 192, 112, 197, 107, 43, 187, 81, 122,
82, 149, 14, 172, 167, 151, 39, 60, 233, 250, 236, 177, 6, 246, 114, 23, 156, 215, 55, 195, 5, 193, 214, 167, 31, 252, 42, 181, 14, 46, 47, 25, 174, 30, 132, 103, 29, 34, 55, 196,
242, 212, 24, 113, 144, 145, 139, 255, 76, 47, 195, 193, 117, 223, 244, 151, 206, 6, 163, 151, 173, 202, 63, 213, 141, 132, 5, 61, 146, 205, 200, 188, 112, 10, 212, 85, 141, 25, 151, 174,
174, 161, 115, 66, 200, 188, 198, 97, 195, 177, 65, 103, 30, 49, 252, 187, 113, 233, 175, 225, 129, 235, 166, 79, 240, 186, 4, 204, 38, 224, 238, 81, 252, 50, 198, 40, 54, 181, 32, 8,
47, 252, 206, 98, 107, 110, 165, 125, 221, 180, 6, 232, 72, 159, 130, 34, 188, 14, 136, 164, 170, 91, 54, 36, 96, 109, 115, 160, 14, 31, 125, 195, 205, 233, 24, 241, 146, 51, 147, 56,
187, 213, 198, 111, 133, 150, 70, 194, 118, 64, 77, 12, 129, 114, 119, 232, 213, 96, 190, 161, 202, 219, 2, 187, 204, 205, 235, 135, 10, 26, 108, 213, 92, 118, 28, 126, 242, 33, 28, 169,
157, 125, 224, 26, 9, 10, 119, 158, 224, 68, 27, 63, 58, 80, 133, 58, 44, 15, 53, 1, 5, 153, 92, 170, 173, 167, 191, 213, 18, 253, 3, 89, 201, 70, 105, 233, 149, 34, 151, 94,
52, 207, 254, 123, 13, 63, 189, 40, 150, 182, 195, 38, 209, 104, 57, 106, 143, 75, 112, 214, 142, 66, 210, 95, 12, 165, 213, 192, 239, 154, 144, 42, 146, 42, 68, 219, 140, 57, 222, 189,
185, 11, 66, 237, 51, 199, 233, 45, 92, 115, 179, 30, 161, 69, 244, 208, 204, 48, 82, 119, 6, 75, 219, 255, 167, 133, 199, 187, 110, 29, 20, 128, 48, 68, 145, 220, 13, 240, 133, 249,
212, 59, 25, 100, 51, 18, 167, 132, 233, 187, 136, 49, 176, 209, 50, 187, 98, 244, 45, 34, 43, 250, 97, 42, 147, 43, 34, 121, 144, 165, 150, 177, 138, 107, 228, 250, 138, 45, 118, 104,
15, 223, 77, 245, 156, 148, 97, 36, 136, 199, 222, 60, 198, 83, 115, 57, 204, 84, 217, 38, 112, 191, 50, 5, 112, 145, 114, 211, 146, 134, 30, 13, 246, 147, 199, 242, 85, 254, 123, 21,
143, 213, 69, 227, 58, 240, 183, 184, 54, 251, 45, 145, 62, 104, 10, 35, 139, 38, 191, 81, 72, 92, 19, 230, 198, 219, 101, 113, 144, 166, 145, 255, 81, 22, 174, 193, 46, 214, 244, 151,
230, 100, 143, 152, 183, 192, 16, 213, 161, 149, 120, 39, 181, 194, 221, 168, 48, 14, 245, 97, 174, 22, 243, 173, 215, 164, 86, 1, 189, 130, 227, 73, 187, 143, 102, 93, 16, 39, 204, 165,
80, 250, 170, 183, 168, 216, 147, 78, 245, 143, 94, 215, 21, 204, 199, 121, 161, 61, 176, 1, 61, 234, 93, 103, 13, 194, 184, 114, 19, 91, 183, 109, 215, 202, 20, 229, 29, 173, 165, 43,
178, 21, 136, 200, 167, 111, 60, 55, 84, 109, 116, 189, 0, 58, 99, 221, 207, 202, 38, 211, 180, 82, 183, 42, 147, 246, 219, 67, 190, 142, 109, 225, 34, 120, 94, 17, 169, 69, 107, 242,
172, 122, 207, 133, 207, 231, 68, 128, 237, 238, 233, 166, 22, 46, 79, 213, 124, 26, 35, 125, 138, 93, 30, 144, 232, 123, 252, 41, 26, 108, 32, 166, 152, 105, 26, 103, 40, 45, 139, 104,
38, 62, 14, 39, 20, 183, 21, 155, 162, 248, 225, 242, 72, 208, 14, 121, 234, 83, 98, 240, 178, 26, 252, 84, 108, 150, 205, 71, 32, 59, 237, 24, 196, 171, 161, 18, 186, 119, 57, 118,
249, 74, 92, 170, 181, 65, 226, 26, 124, 143, 141, 222, 247, 143, 214, 56, 142, 4, 68, 253, 178, 35, 236, 202, 242, 43, 80, 239, 21, 216, 188, 42, 107, 92, 169, 21, 143, 71, 253, 254,
157, 4, 1, 68, 44, 80, 249, 228, 163, 159, 218, 180, 107, 52, 93, 164, 117, 95, 177, 156, 17, 222, 189, 254, 141, 123, 97, 58, 72, 62, 141, 135, 178, 180, 147, 6, 187, 235, 7, 164,
42, 251, 116, 59, 29, 172, 78, 42, 239, 91, 2, 85, 172, 142, 165, 189, 252, 24, 194, 223, 149, 44, 104, 73, 112, 206, 82, 131, 178, 251, 15, 96, 177, 252, 244, 42, 136, 97, 7, 127,
222, 65, 200, 60, 116, 185, 60, 23, 50, 225, 24, 251, 149, 151, 50, 34, 231, 215, 227, 242, 12, 141, 45, 55, 128, 213, 55, 199, 5, 220, 129, 218, 52, 141, 56, 157, 115, 47, 84, 45,
177, 125, 191, 119, 76, 66, 57, 199, 160, 200, 33, 86, 187, 156, 177, 207, 84, 72, 220, 209, 54, 201, 236, 235, 208, 27, 167, 152, 157, 206, 109, 213, 162, 149, 86, 7, 146, 141, 225, 167,
31, 58, 218, 54, 151, 37, 243, 242, 169, 142, 116, 122, 145, 194, 255, 61, 189, 212, 124, 114, 12, 107, 177, 178, 68, 222, 183, 129, 241, 220, 181, 12, 203, 206, 30, 230, 8, 181, 160, 125,
130, 17, 152, 5, 57, 158, 75, 8, 116, 252, 177, 98, 107, 107, 165, 125, 141, 180, 101, 232, 72, 145, 130, 95, 216, 33, 144, 174, 233, 76, 43, 106, 125, 108, 99, 134, 33, 39, 76, 170,
205, 196, 67, 229, 182, 53, 191, 22, 173, 214, 249, 111, 152, 128, 67, 199, 106, 95, 13, 115, 139, 74, 94, 226, 188, 70, 228, 199, 167, 214, 77, 188, 199, 148, 218, 184, 62, 46, 83, 251,
96, 63, 18, 125, 174, 14, 1, 159, 138, 78, 247, 53, 45, 42, 33, 229, 243, 94, 25, 88, 40, 46, 142, 103, 0, 56, 50, 15, 7, 235, 23, 140, 169, 231, 187, 195, 52, 194, 3, 89,
229, 116, 60, 211, 169, 48, 244, 45, 49, 184, 241, 27, 49, 117, 171, 31, 204, 132, 146, 8, 179, 117, 108, 126, 135, 30, 124, 163, 237, 13, 234, 26, 16, 157, 129, 212, 239, 166, 149, 1,
134, 61, 101, 249, 172, 45, 241, 239, 228, 84, 58, 201, 39, 202, 182, 11, 53, 47, 129, 101, 241, 123, 181, 142, 211, 9, 101, 116, 76, 74, 242, 223, 166, 226, 132, 171, 45, 1, 29, 171,
40, 127, 191, 200, 5, 175, 175, 233, 163, 59, 57, 51, 14, 52, 161, 135, 242, 187, 167, 59, 188, 192, 51, 228, 82, 227, 109, 3, 43, 163, 78, 42, 193, 95, 13, 85, 172, 177, 133, 189,
156, 24, 254, 223, 138, 44, 83, 89, 112, 216, 87, 158, 246, 210, 108, 93, 160, 252, 173, 22, 198, 92, 115, 42, 242, 20, 190, 58, 110, 143, 48, 106, 68, 149, 24, 214, 166, 149, 9, 78,
245, 234, 134, 181, 85, 140, 35, 21, 135, 213, 0, 236, 46, 192, 181, 218, 39, 176, 12, 215, 40, 11, 79, 5, 149, 39, 236, 73, 20, 32, 54, 214, 217, 205, 58, 17, 177, 146, 139, 214,
97, 48, 240, 193, 112, 227, 231, 179, 246, 105, 189, 139, 171, 245, 4, 214, 141, 150, 120, 3, 144, 246, 151, 170, 125, 40, 223, 54, 165, 50, 243, 179, 149, 150, 120, 67, 189, 178, 243, 73,
205, 176, 107, 105, 45, 77, 245, 189, 50, 178, 170, 165, 142, 215, 179, 78, 227, 139, 116, 237, 8, 242, 242, 113, 159, 62, 187, 97, 42, 178, 75, 8, 0, 186, 173, 98, 107, 80, 137, 125,
161, 180, 20, 133, 47, 173, 130, 95, 194, 15, 136, 204, 173, 98, 125, 55, 78, 127, 95, 189, 42, 39, 78, 205, 199, 245, 57, 144, 173, 52, 130, 14, 166, 219, 131, 119, 142, 141, 16, 251,
49, 76, 124, 107, 244, 10, 113, 227, 175, 126, 166, 179, 138, 229, 93, 251, 254, 226, 233, 188, 10, 43, 47, 214, 64, 8, 109, 45, 138, 33, 8, 144, 205, 123, 249, 3, 26, 6, 32, 166,
186, 98, 50, 75, 26, 106, 163, 73, 119, 24, 1, 34, 11, 173, 20, 135, 215, 180, 164, 254, 43, 239, 30, 28, 219, 52, 103, 250, 156, 63, 158, 121, 111, 148, 168, 27, 34, 73, 171, 31,
148, 169, 189, 38, 209, 83, 21, 106, 163, 75, 92, 180, 176, 81, 204, 21, 34, 198, 224, 202, 170, 198, 252, 38, 161, 57, 32, 251, 135, 59, 213, 226, 227, 72, 88, 201, 39, 184, 237, 45,
110, 112, 179, 96, 239, 109, 239, 211, 232, 36, 1, 79, 49, 73, 193, 255, 159, 133, 218, 187, 53, 1, 20, 128, 38, 57, 139, 211, 23, 220, 220, 194, 214, 107, 52, 51, 77, 22, 205, 184,
230, 242, 232, 46, 188, 144, 40, 234, 99, 225, 90, 3, 28, 171, 78, 42, 240, 91, 15, 85, 172, 165, 165, 189, 166, 24, 219, 223, 240, 29, 23, 89, 19, 220, 84, 173, 178, 140, 19, 61,
136, 238, 205, 60, 138, 0, 115, 52, 198, 121, 166, 60, 116, 188, 60, 23, 104, 225, 105, 198, 246, 169, 61, 34, 151, 248, 226, 242, 12, 172, 45, 55, 168, 213, 7, 199, 5, 225, 129, 218,
31, 141, 73, 170, 40, 104, 41, 19, 182, 121, 226, 67, 38, 123, 38, 154, 250, 229, 59, 71, 145, 176, 179, 243, 68, 44, 244, 250, 18, 220, 227, 151, 236, 115, 141, 181, 173, 228, 31, 245,
142, 148, 93, 28, 230, 194, 240, 136, 118, 81, 250, 85, 163, 10, 243, 163, 171, 149, 120, 64, 179, 155, 229, 61, 184, 150, 105, 45, 19, 102, 213, 182, 82, 222, 158, 167, 189, 228, 246, 8,
240, 186, 1, 180, 27, 183, 213, 101, 128, 50, 133, 4, 111, 144, 86, 117, 47, 252, 206, 98, 107, 110, 165, 125, 221, 180, 6, 232, 72, 159, 130, 95, 223, 108, 159, 204, 173, 67, 55, 119,
102, 80, 106, 205, 53, 54, 66, 176, 203, 183, 69, 225, 201, 63, 184, 11, 143, 221, 246, 111, 152, 173, 118, 223, 60, 90, 81, 50, 246, 16, 98, 200, 138, 29, 222, 167, 155, 221, 123, 171,
243, 235, 223, 178, 111, 15, 71, 241, 72, 23, 41, 93, 129, 1, 23, 175, 244, 118, 133, 17, 29, 31, 92, 149, 252, 33, 9, 96, 44, 81, 189, 101, 12, 19, 54, 1, 41, 142, 83, 128,
144, 181, 226, 167, 70, 252, 3, 89, 205, 116, 16, 211, 169, 63, 244, 45, 92, 184, 225, 27, 49, 101, 171, 31, 224, 239, 189, 40, 185, 21, 60, 19, 179, 30, 120, 154, 187, 121, 232, 31,
12, 143, 216, 182, 170, 145, 230, 96, 177, 35, 109, 217, 168, 71, 213, 189, 238, 39, 66, 251, 51, 249, 175, 20, 65, 112, 140, 21, 178, 126, 179, 241, 209, 78, 115, 47, 16, 105, 197, 233,
129, 190, 182, 141, 41, 10, 13, 244, 110, 74, 160, 199, 49, 214, 170, 207, 173, 61, 38, 57, 48, 59, 174, 135, 196, 144, 178, 8, 178, 222, 44, 158, 93, 237, 116, 16, 19, 169, 73, 114,
241, 81, 37, 99, 186, 128, 135, 189, 172, 24, 228, 223, 138, 41, 83, 89, 19, 218, 9, 169, 178, 140, 101, 61, 183, 214, 197, 59, 152, 113, 27, 8, 186, 86, 217, 24, 112, 188, 69, 106,
109, 225, 105, 172, 244, 129, 50, 72, 246, 147, 217, 242, 12, 241, 59, 55, 179, 213, 32, 199, 46, 214, 174, 239, 119, 144, 20, 220, 14, 16, 43, 61, 147, 30, 163, 39, 53, 82, 61, 200,
205, 251, 55, 8, 141, 176, 131, 230, 46, 40, 174, 193, 21, 206, 189, 184, 234, 54, 159, 152, 157, 233, 32, 201, 161, 149, 120, 7, 144, 232, 225, 167, 39, 95, 251, 54, 151, 71, 200, 137,
142, 149, 39, 125, 136, 166, 208, 61, 206, 200, 66, 102, 28, 60, 247, 187, 98, 170, 236, 165, 239, 203, 172, 98, 243, 171, 120, 184, 48, 180, 227, 51, 160, 50, 198, 7, 40, 236, 62, 8,
53, 206, 141, 108, 3, 47, 220, 0, 162, 188, 61, 146, 59, 145, 187, 53, 223, 55, 166, 204, 176, 75, 45, 108, 110, 124, 113, 182, 35, 125, 109, 193, 213, 210, 54, 196, 170, 1, 187, 52,
172, 130, 137, 111, 187, 200, 124, 230, 60, 126, 112, 11, 139, 70, 107, 232, 172, 122, 207, 133, 207, 231, 68, 168, 237, 238, 233, 166, 22, 46, 79, 213, 64, 63, 109, 125, 137, 54, 1, 176,
227, 117, 193, 114, 26, 41, 33, 164, 250, 114, 34, 91, 40, 45, 145, 104, 38, 24, 17, 19, 39, 234, 18, 178, 134, 135, 128, 219, 55, 209, 63, 111, 164, 111, 97, 209, 185, 17, 147, 89,
100, 180, 227, 31, 50, 87, 198, 24, 196, 141, 143, 88, 151, 86, 100, 122, 131, 70, 1, 156, 148, 96, 240, 43, 6, 176, 213, 236, 182, 184, 157, 41, 128, 56, 87, 248, 206, 22, 205, 233,
227, 22, 64, 174, 60, 220, 195, 57, 117, 127, 161, 56, 144, 24, 134, 140, 234, 55, 1, 75, 49, 87, 219, 209, 175, 154, 191, 141, 5, 48, 50, 160, 42, 48, 143, 233, 13, 240, 160, 194,
212, 106, 7, 57, 49, 18, 177, 167, 185, 245, 183, 76, 184, 242, 117, 144, 114, 246, 73, 69, 50, 134, 106, 52, 204, 74, 77, 110, 173, 137, 161, 146, 143, 24, 194, 219, 149, 2, 19, 25,
54, 222, 120, 242, 178, 251, 105, 58, 178, 228, 237, 58, 181, 125, 4, 117, 206, 16, 197, 24, 112, 135, 105, 106, 65, 225, 24, 172, 149, 149, 50, 72, 200, 238, 255, 245, 72, 181, 65, 55,
177, 162, 59, 161, 61, 236, 138, 213, 29, 189, 3, 180, 48, 16, 20, 58, 174, 37, 191, 125, 27, 125, 91, 194, 224, 246, 18, 73, 236, 216, 131, 207, 105, 47, 253, 193, 52, 186, 222, 171,
205, 110, 182, 140, 144, 197, 17, 238, 165, 177, 105, 27, 146, 141, 225, 167, 31, 58, 218, 54, 151, 37, 234, 137, 166, 222, 126, 1, 200, 147, 237, 65, 193, 132, 93, 107, 28, 74, 238, 155,
53, 170, 236, 173, 168, 250, 166, 67, 243, 179, 113, 237, 77, 232, 214, 55, 162, 50, 131, 127, 57, 158, 42, 8, 106, 185, 168, 82, 14, 106, 173, 111, 144, 248, 58, 146, 40, 179, 172, 95,
187, 58, 136, 135, 133, 65, 35, 21, 78, 124, 45, 147, 28, 59, 97, 201, 151, 196, 67, 213, 182, 52, 191, 52, 153, 134, 251, 108, 233, 179, 124, 230, 39, 89, 114, 2, 160, 74, 97, 252,
171, 69, 218, 169, 155, 194, 86, 163, 232, 244, 253, 175, 62, 47, 64, 240, 111, 11, 56, 37, 139, 63, 6, 176, 142, 105, 217, 11, 55, 21, 85, 153, 243, 92, 5, 84, 25, 45, 221, 123,
16, 14, 3, 17, 22, 157, 21, 170, 136, 231, 191, 225, 52, 194, 3, 89, 233, 52, 40, 237, 135, 27, 138, 45, 110, 152, 174, 126, 44, 59, 175, 47, 157, 132, 133, 8, 180, 107, 57, 87,
135, 30, 107, 131, 234, 98, 213, 0, 61, 129, 238, 221, 182, 190, 202, 40, 134, 42, 120, 249, 179, 56, 231, 198, 216, 0, 96, 208, 51, 191, 195, 45, 98, 40, 150, 21, 149, 67, 163, 241,
220, 43, 124, 55, 20, 72, 254, 228, 175, 159, 199, 249, 6, 60, 93, 164, 41, 80, 141, 156, 17, 176, 130, 193, 179, 105, 50, 3, 48, 50, 141, 141, 202, 175, 147, 85, 142, 193, 40, 155,
106, 238, 92, 16, 19, 252, 73, 124, 246, 117, 66, 24, 204, 163, 155, 150, 155, 69, 219, 204, 233, 75, 108, 21, 36, 249, 122, 138, 169, 205, 28, 97, 140, 154, 249, 63, 176, 110, 93, 116,
229, 69, 197, 8, 106, 152, 105, 82, 55, 224, 41, 208, 145, 160, 2, 3, 156, 218, 221, 137, 12, 148, 59, 55, 160, 213, 0, 199, 46, 170, 129, 218, 39, 176, 20, 170, 115, 41, 8, 29,
178, 26, 165, 81, 17, 114, 76, 131, 185, 231, 126, 71, 236, 167, 241, 213, 86, 11, 220, 193, 21, 201, 244, 178, 210, 100, 182, 176, 183, 200, 100, 213, 162, 176, 117, 7, 138, 209, 225, 185,
41, 56, 223, 54, 151, 50, 200, 137, 144, 222, 116, 1, 166, 188, 254, 61, 193, 200, 96, 106, 103, 109, 179, 151, 105, 214, 160, 186, 253, 195, 150, 120, 151, 174, 4, 237, 43, 176, 249, 81,
179, 48, 155, 4, 55, 237, 19, 56, 63, 162, 131, 92, 116, 110, 157, 113, 137, 216, 57, 189, 26, 132, 130, 25, 234, 17, 154, 175, 177, 77, 42, 21, 84, 83, 122, 153, 42, 11, 49, 242,
150, 216, 38, 197, 146, 20, 173, 22, 188, 226, 219, 96, 187, 156, 28, 194, 2, 126, 125, 47, 139, 123, 107, 232, 137, 122, 163, 133, 207, 242, 68, 128, 254, 238, 249, 166, 12, 57, 76, 251,
107, 14, 97, 115, 171, 92, 14, 163, 243, 119, 128, 47, 60, 29, 90, 234, 136, 106, 31, 124, 24, 113, 133, 58, 2, 61, 12, 11, 5, 165, 38, 177, 206, 227, 177, 252, 11, 194, 58, 86,
186, 112, 102, 216, 135, 25, 170, 70, 76, 154, 210, 122, 47, 102, 179, 30, 232, 169, 161, 10, 213, 83, 21, 91, 163, 67, 102, 131, 230, 114, 213, 38, 38, 139, 195, 183, 170, 201, 150, 4,
170, 2, 68, 249, 143, 57, 209, 218, 185, 26, 80, 208, 51, 255, 181, 45, 104, 119, 224, 25, 182, 124, 136, 232, 232, 79, 102, 117, 59, 75, 210, 202, 133, 226, 201, 250, 38, 57, 54, 161,
34, 101, 178, 206, 47, 247, 140, 194, 148, 79, 28, 18, 7, 4, 165, 132, 198, 150, 130, 53, 157, 251, 1, 191, 110, 211, 33, 68, 55, 133, 78, 72, 240, 70, 62, 100, 198, 190, 161, 151,
135, 2, 136, 212, 175, 10, 15, 85, 31, 232, 125, 244, 246, 248, 124, 96, 142, 199, 194, 18, 150, 66, 112, 117, 226, 16, 229, 24, 112, 160, 105, 106, 73, 225, 52, 172, 149, 133, 50, 72,
146, 238, 248, 245, 72, 142, 65, 55, 138, 249, 62, 190, 48, 194, 142, 189, 9, 155, 74, 157, 115, 104, 35, 59, 130, 34, 186, 67, 59, 92, 35, 156, 250, 192, 1, 106, 138, 176, 176, 255,
87, 76, 178, 134, 45, 219, 201, 244, 198, 42, 143, 138, 172, 228, 31, 218, 142, 191, 5, 9, 133, 212, 236, 195, 52, 58, 245, 54, 151, 79, 234, 137, 146, 222, 45, 1, 145, 155, 254, 61,
222, 173, 72, 100, 103, 77, 193, 187, 109, 211, 174, 174, 247, 215, 162, 78, 220, 207, 116, 211, 7, 243, 250, 108, 167, 17, 222, 20, 116, 185, 83, 126, 60, 252, 206, 80, 107, 110, 176, 26,
169, 235, 59, 145, 40, 156, 198, 93, 220, 50, 188, 186, 173, 123, 53, 55, 102, 0, 42, 196, 61, 96, 110, 253, 226, 169, 47, 229, 201, 17, 145, 52, 252, 130, 242, 111, 133, 157, 20, 222,
10, 113, 97, 11, 178, 13, 18, 242, 191, 25, 251, 133, 148, 130, 68, 128, 252, 155, 230, 166, 22, 39, 64, 213, 52, 62, 110, 70, 189, 1, 33, 158, 151, 118, 141, 16, 25, 29, 85, 150,
132, 60, 20, 97, 7, 72, 129, 61, 39, 63, 27, 1, 5, 244, 51, 166, 161, 186, 166, 216, 52, 239, 76, 27, 190, 77, 103, 213, 237, 0, 163, 106, 113, 178, 253, 27, 20, 102, 171, 108,
224, 239, 150, 38, 200, 125, 45, 112, 177, 58, 67, 128, 154, 89, 227, 95, 23, 173, 213, 194, 150, 170, 157, 32, 174, 42, 83, 249, 164, 51, 209, 218, 250, 39, 66, 208, 51, 251, 180, 57,
114, 72, 163, 63, 156, 70, 244, 202, 196, 23, 111, 79, 56, 111, 231, 250, 177, 153, 176, 180, 102, 30, 12, 252, 10, 88, 150, 246, 13, 239, 150, 194, 149, 107, 101, 2, 23, 18, 190, 134,
236, 187, 151, 43, 140, 242, 124, 158, 99, 254, 45, 4, 3, 246, 82, 118, 203, 93, 70, 82, 185, 190, 158, 189, 255, 69, 228, 218, 154, 18, 81, 89, 42, 238, 9, 162, 130, 213, 117, 124,
164, 237, 239, 95, 152, 113, 27, 8, 186, 86, 217, 24, 112, 188, 69, 106, 124, 151, 26, 191, 146, 139, 48, 2, 198, 237, 212, 144, 16, 246, 63, 106, 155, 166, 69, 222, 7, 212, 172, 181,
52, 226, 48, 172, 19, 111, 55, 1, 169, 125, 159, 114, 78, 116, 19, 230, 198, 219, 101, 113, 144, 166, 145, 255, 81, 47, 178, 193, 46, 214, 244, 151, 230, 100, 141, 136, 147, 235, 99, 251,
161, 191, 73, 7, 174, 194, 197, 164, 39, 95, 252, 54, 244, 60, 239, 137, 134, 157, 45, 31, 203, 162, 208, 123, 222, 164, 107, 107, 13, 74, 245, 189, 104, 178, 179, 165, 142, 250, 179, 78,
203, 139, 88, 237, 8, 180, 243, 44, 152, 27, 153, 35, 42, 160, 75, 41, 55, 249, 141, 19, 107, 119, 211, 29, 169, 180, 32, 232, 26, 190, 130, 60, 231, 37, 134, 181, 182, 75, 33, 106,
42, 87, 111, 189, 30, 54, 97, 205, 255, 216, 69, 238, 146, 80, 147, 45, 172, 130, 254, 111, 142, 148, 118, 225, 47, 92, 83, 12, 129, 112, 107, 229, 172, 94, 207, 197, 200, 245, 68, 165,
237, 136, 192, 166, 13, 61, 79, 141, 124, 29, 27, 32, 175, 91, 1, 176, 212, 111, 249, 114, 45, 119, 90, 158, 188, 33, 73, 63, 48, 116, 174, 61, 33, 10, 3, 28, 7, 238, 80, 188,
210, 227, 254, 165, 43, 223, 19, 89, 206, 112, 52, 247, 169, 29, 145, 45, 85, 160, 238, 87, 34, 91, 171, 62, 227, 171, 146, 13, 209, 86, 21, 106, 243, 75, 98, 214, 233, 112, 210, 95,
17, 198, 247, 182, 182, 172, 139, 32, 142, 57, 98, 209, 203, 30, 228, 226, 198, 1, 93, 201, 23, 251, 181, 44, 50, 83, 170, 19, 245, 69, 135, 241, 240, 87, 103, 69, 49, 53, 255, 255,
160, 133, 168, 166, 14, 30, 23, 168, 50, 49, 142, 220, 13, 240, 160, 194, 212, 106, 7, 57, 49, 18, 177, 167, 185, 245, 183, 76, 140, 242, 2, 190, 114, 254, 80, 91, 48, 163, 66, 52,
243, 91, 2, 81, 172, 177, 140, 142, 167, 64, 192, 217, 240, 20, 85, 24, 119, 206, 115, 136, 247, 222, 67, 96, 159, 231, 222, 34, 187, 6, 27, 8, 206, 16, 197, 24, 112, 135, 105, 106,
65, 225, 24, 172, 149, 149, 50, 72, 236, 240, 217, 164, 85, 162, 32, 104, 159, 188, 37, 186, 48, 214, 141, 198, 60, 241, 42, 151, 40, 46, 20, 58, 188, 9, 191, 66, 47, 114, 44, 230,
233, 209, 3, 85, 144, 172, 139, 255, 105, 47, 175, 193, 117, 202, 244, 151, 208, 17, 157, 152, 189, 224, 29, 201, 173, 134, 86, 7, 146, 141, 225, 167, 31, 58, 218, 54, 169, 29, 156, 137,
182, 154, 121, 121, 199, 177, 209, 69, 228, 175, 67, 111, 29, 73, 194, 165, 107, 168, 159, 130, 148, 202, 179, 67, 213, 187, 88, 200, 18, 226, 214, 47, 138, 30, 134, 27, 57, 176, 93, 103,
28, 237, 189, 114, 10, 118, 137, 92, 141, 180, 33, 146, 85, 225, 199, 29, 216, 108, 186, 204, 230, 77, 44, 59, 81, 115, 97, 162, 53, 24, 78, 240, 224, 239, 37, 211, 139, 35, 225, 44,
160, 138, 231, 88, 233, 179, 67, 230, 8, 113, 13, 11, 139, 113, 78, 191, 178, 21, 173, 190, 205, 205, 119, 128, 199, 241, 242, 164, 52, 4, 92, 206, 97, 63, 16, 85, 139, 54, 15, 158,
226, 85, 140, 48, 25, 51, 64, 158, 251, 106, 25, 56, 14, 55, 156, 61, 16, 14, 3, 17, 22, 157, 21, 170, 136, 231, 191, 225, 52, 194, 28, 116, 233, 100, 28, 142, 186, 48, 169, 74,
49, 170, 203, 27, 44, 86, 247, 46, 203, 238, 134, 53, 185, 79, 57, 95, 135, 67, 107, 180, 154, 93, 208, 38, 63, 187, 253, 213, 245, 199, 239, 32, 134, 42, 99, 249, 164, 14, 209, 218,
209, 39, 33, 208, 51, 191, 201, 4, 86, 44, 238, 7, 156, 67, 150, 141, 211, 20, 99, 115, 38, 53, 191, 243, 166, 230, 171, 191, 110, 1, 40, 174, 117, 102, 147, 229, 41, 200, 156, 194,
156, 79, 28, 32, 23, 28, 165, 132, 207, 147, 146, 38, 188, 223, 48, 239, 114, 139, 33, 69, 43, 163, 78, 42, 193, 95, 13, 85, 172, 177, 133, 189, 159, 116, 214, 232, 187, 51, 66, 89,
3, 154, 106, 235, 178, 232, 116, 65, 174, 205, 214, 57, 189, 117, 71, 57, 242, 87, 166, 22, 116, 185, 69, 112, 61, 233, 109, 243, 253, 142, 11, 13, 235, 230, 242, 139, 17, 148, 59, 63,
136, 213, 0, 207, 14, 201, 173, 218, 39, 176, 20, 170, 40, 44, 85, 58, 210, 125, 166, 81, 72, 115, 38, 255, 206, 196, 126, 77, 154, 218, 174, 223, 86, 11, 220, 193, 20, 190, 230, 180,
225, 59, 186, 154, 149, 205, 57, 238, 242, 161, 114, 90, 236, 210, 207, 173, 54, 35, 247, 64, 167, 6, 202, 243, 157, 163, 112, 0, 177, 155, 222, 58, 249, 146, 96, 41, 50, 62, 245, 146,
82, 246, 242, 135, 252, 196, 179, 78, 227, 139, 116, 237, 8, 208, 164, 45, 146, 18, 137, 97, 42, 158, 23, 121, 47, 162, 131, 94, 107, 105, 182, 89, 145, 248, 108, 189, 59, 224, 150, 0,
230, 55, 184, 204, 175, 17, 45, 16, 127, 124, 117, 160, 18, 34, 79, 205, 244, 164, 52, 215, 134, 17, 147, 8, 156, 249, 224, 105, 181, 137, 124, 230, 106, 126, 107, 11, 139, 123, 107, 232,
137, 122, 163, 133, 207, 242, 27, 174, 243, 145, 231, 164, 50, 56, 84, 234, 46, 52, 40, 45, 173, 5, 54, 142, 194, 68, 243, 117, 60, 55, 39, 133, 137, 96, 31, 88, 48, 45, 129, 61,
106, 36, 15, 16, 124, 148, 44, 128, 182, 131, 144, 254, 26, 243, 38, 111, 209, 97, 28, 211, 142, 27, 133, 74, 49, 154, 204, 98, 124, 107, 195, 57, 138, 177, 204, 20, 199, 105, 49, 119,
143, 33, 65, 216, 189, 92, 150, 29, 113, 139, 193, 205, 150, 174, 139, 32, 157, 42, 68, 249, 143, 57, 209, 218, 185, 26, 80, 208, 51, 191, 224, 11, 98, 44, 136, 101, 242, 118, 246, 214,
204, 59, 77, 47, 38, 112, 220, 165, 159, 161, 194, 187, 106, 25, 20, 245, 6, 74, 147, 213, 6, 222, 203, 194, 143, 106, 28, 57, 49, 7, 177, 167, 233, 245, 147, 76, 140, 144, 29, 138,
110, 244, 67, 62, 21, 171, 53, 86, 144, 126, 32, 90, 147, 166, 179, 190, 169, 116, 135, 203, 149, 18, 67, 89, 110, 221, 107, 244, 247, 207, 84, 61, 142, 239, 243, 68, 134, 3, 122, 8,
164, 80, 166, 47, 116, 159, 94, 23, 70, 139, 107, 198, 168, 185, 11, 53, 240, 238, 248, 134, 28, 164, 110, 5, 136, 162, 60, 229, 12, 183, 129, 218, 31, 141, 73, 170, 40, 104, 35, 58,
130, 125, 154, 81, 47, 92, 0, 193, 196, 192, 19, 74, 144, 176, 247, 222, 110, 60, 255, 250, 54, 193, 171, 141, 200, 37, 141, 213, 183, 192, 97, 138, 141, 189, 67, 28, 182, 219, 241, 138,
119, 10, 142, 94, 163, 10, 221, 137, 159, 182, 86, 125, 179, 141, 213, 124, 225, 132, 120, 41, 116, 97, 181, 155, 82, 178, 225, 165, 246, 196, 166, 94, 212, 153, 116, 204, 77, 234, 192, 107,
189, 27, 134, 97, 57, 144, 75, 8, 47, 252, 206, 98, 107, 110, 165, 125, 221, 188, 100, 183, 71, 188, 128, 94, 220, 27, 230, 168, 233, 75, 50, 23, 99, 0, 113, 189, 46, 62, 49, 249,
226, 234, 47, 244, 182, 63, 159, 24, 147, 134, 192, 100, 188, 157, 107, 220, 20, 64, 77, 50, 246, 79, 113, 178, 167, 69, 223, 138, 154, 134, 110, 252, 211, 147, 243, 171, 56, 39, 113, 234,
119, 63, 11, 114, 139, 11, 113, 147, 192, 94, 134, 114, 45, 10, 120, 158, 190, 33, 16, 63, 7, 83, 174, 61, 15, 14, 17, 47, 7, 233, 83, 140, 171, 188, 153, 233, 24, 195, 22, 73,
211, 55, 58, 216, 169, 38, 128, 45, 77, 178, 192, 126, 115, 97, 175, 62, 244, 233, 193, 8, 207, 69, 27, 89, 252, 48, 96, 159, 234, 84, 208, 31, 23, 142, 237, 220, 142, 174, 229, 10,
173, 31, 103, 192, 168, 71, 215, 206, 250, 45, 37, 246, 51, 254, 243, 45, 112, 32, 161, 98, 176, 77, 156, 241, 138, 43, 103, 79, 49, 67, 219, 255, 167, 133, 199, 187, 110, 29, 75, 174,
61, 59, 143, 222, 41, 239, 180, 196, 168, 120, 15, 20, 71, 61, 152, 223, 209, 130, 133, 76, 184, 135, 49, 157, 71, 139, 92, 91, 42, 154, 79, 122, 147, 105, 29, 101, 172, 165, 189, 175,
243, 116, 251, 214, 186, 45, 73, 85, 19, 218, 72, 169, 130, 140, 111, 100, 136, 203, 164, 95, 152, 113, 27, 8, 186, 86, 217, 24, 112, 188, 69, 106, 109, 225, 52, 245, 173, 139, 48, 17,
145, 230, 219, 143, 63, 136, 35, 18, 179, 194, 72, 199, 109, 219, 142, 167, 10, 171, 26, 128, 62, 23, 7, 40, 202, 38, 191, 74, 72, 123, 46, 193, 228, 234, 53, 73, 166, 208, 151, 255,
113, 76, 195, 227, 33, 214, 244, 226, 230, 31, 189, 185, 156, 254, 123, 213, 161, 149, 120, 7, 144, 232, 225, 167, 39, 95, 251, 54, 151, 71, 253, 157, 142, 161, 79, 122, 175, 147, 133, 75,
184, 200, 99, 123, 30, 101, 211, 205, 98, 182, 141, 160, 142, 197, 163, 78, 199, 171, 13, 230, 75, 223, 204, 51, 166, 17, 222, 2, 104, 154, 75, 40, 44, 209, 159, 117, 111, 107, 211, 77,
213, 188, 34, 151, 47, 189, 153, 95, 192, 123, 250, 175, 141, 64, 15, 55, 102, 127, 111, 189, 30, 54, 97, 205, 255, 216, 69, 238, 146, 80, 153, 87, 166, 229, 222, 69, 187, 155, 104, 220,
63, 94, 83, 53, 156, 78, 84, 191, 130, 31, 229, 169, 199, 131, 110, 142, 187, 136, 192, 175, 52, 127, 76, 210, 54, 11, 28, 97, 137, 54, 1, 176, 212, 111, 249, 114, 45, 119, 90, 158,
188, 33, 73, 63, 48, 116, 174, 61, 33, 36, 19, 60, 7, 149, 48, 170, 174, 163, 154, 200, 47, 196, 3, 105, 190, 114, 27, 249, 151, 14, 151, 45, 77, 184, 238, 27, 34, 71, 171, 31,
207, 169, 194, 38, 209, 86, 21, 106, 243, 75, 112, 222, 176, 122, 243, 95, 50, 164, 247, 245, 171, 183, 254, 125, 168, 2, 100, 249, 143, 69, 209, 218, 233, 26, 124, 208, 51, 251, 181, 45,
50, 40, 170, 21, 242, 75, 150, 246, 224, 79, 122, 72, 59, 118, 193, 242, 152, 161, 159, 251, 14, 30, 20, 165, 50, 57, 182, 245, 41, 236, 207, 226, 134, 91, 98, 105, 76, 57, 157, 137,
231, 146, 183, 76, 140, 229, 40, 158, 112, 139, 120, 69, 28, 132, 78, 42, 239, 91, 2, 85, 172, 142, 162, 174, 143, 67, 253, 220, 230, 33, 20, 84, 3, 193, 105, 169, 183, 232, 22, 36,
188, 237, 163, 95, 137, 89, 71, 121, 196, 8, 211, 25, 110, 185, 60, 102, 125, 225, 24, 222, 149, 151, 50, 34, 231, 240, 244, 137, 12, 141, 45, 55, 128, 213, 55, 199, 5, 220, 129, 218,
52, 141, 42, 170, 40, 41, 35, 58, 178, 122, 157, 115, 38, 103, 91, 149, 209, 229, 18, 77, 236, 172, 139, 242, 105, 11, 175, 129, 114, 182, 175, 185, 224, 19, 157, 152, 183, 215, 31, 213,
162, 149, 86, 7, 146, 141, 225, 167, 31, 58, 218, 54, 151, 37, 243, 172, 134, 161, 123, 66, 185, 186, 221, 103, 189, 173, 85, 107, 29, 73, 194, 157, 100, 233, 155, 162, 247, 203, 244, 112,
246, 215, 6, 211, 7, 246, 165, 90, 172, 48, 160, 20, 60, 174, 32, 8, 116, 252, 177, 98, 107, 107, 165, 125, 141, 180, 101, 232, 72, 145, 130, 95, 216, 108, 189, 204, 177, 125, 115, 31,
92, 93, 99, 128, 118, 39, 66, 210, 214, 234, 68, 238, 139, 18, 229, 57, 165, 217, 219, 111, 233, 179, 67, 230, 8, 113, 13, 11, 139, 113, 113, 232, 177, 21, 166, 137, 137, 208, 65, 128,
200, 155, 235, 166, 22, 47, 64, 213, 111, 63, 33, 93, 139, 36, 42, 189, 204, 106, 253, 55, 61, 33, 127, 234, 130, 101, 38, 63, 40, 42, 142, 89, 41, 124, 32, 17, 34, 188, 84, 170,
214, 161, 154, 242, 54, 192, 14, 127, 219, 86, 0, 233, 190, 35, 151, 87, 49, 180, 225, 96, 111, 101, 198, 99, 224, 136, 161, 7, 138, 77, 49, 122, 174, 27, 92, 223, 142, 76, 226, 93,
15, 128, 143, 222, 148, 167, 139, 15, 180, 36, 68, 228, 150, 46, 134, 227, 209, 39, 101, 214, 8, 184, 227, 78, 98, 40, 187, 21, 174, 123, 178, 130, 212, 17, 126, 79, 56, 116, 246, 242,
173, 229, 136, 191, 5, 32, 18, 231, 12, 48, 179, 220, 13, 249, 175, 194, 160, 106, 97, 57, 51, 7, 165, 137, 242, 136, 188, 41, 235, 220, 19, 149, 78, 192, 116, 29, 3, 164, 82, 117,
193, 36, 22, 85, 198, 162, 145, 190, 163, 28, 198, 214, 143, 51, 11, 123, 112, 216, 13, 239, 246, 136, 65, 124, 173, 237, 226, 95, 152, 127, 27, 8, 225, 86, 166, 24, 112, 185, 69, 106,
71, 233, 28, 245, 182, 191, 43, 72, 245, 147, 251, 183, 12, 172, 63, 106, 168, 247, 7, 227, 7, 215, 181, 218, 19, 134, 73, 136, 115, 46, 22, 89, 215, 26, 153, 113, 78, 46, 19, 230,
196, 219, 54, 113, 144, 218, 145, 255, 86, 47, 247, 193, 46, 202, 203, 141, 208, 18, 129, 177, 183, 215, 35, 138, 157, 164, 87, 0, 187, 254, 247, 222, 119, 7, 142, 54, 167, 14, 222, 138,
145, 159, 95, 93, 138, 163, 228, 98, 193, 164, 118, 107, 111, 61, 235, 159, 112, 243, 235, 172, 173, 199, 131, 78, 227, 139, 116, 237, 8, 208, 164, 45, 146, 18, 137, 97, 42, 178, 20, 126,
10, 162, 147, 117, 117, 80, 212, 89, 161, 207, 5, 232, 38, 142, 187, 26, 187, 15, 231, 203, 244, 30, 18, 50, 81, 127, 47, 159, 30, 11, 111, 205, 253, 203, 55, 244, 170, 30, 251, 52,
159, 134, 210, 31, 142, 205, 67, 255, 106, 103, 117, 51, 188, 115, 107, 232, 137, 122, 163, 133, 207, 242, 68, 128, 254, 238, 249, 166, 22, 39, 101, 238, 52, 110, 21, 32, 137, 11, 29, 176,
148, 117, 247, 22, 55, 104, 87, 149, 172, 60, 48, 33, 12, 77, 189, 98, 43, 46, 31, 42, 112, 155, 33, 169, 164, 188, 188, 165, 13, 166, 5, 30, 209, 108, 98, 216, 234, 48, 134, 108,
71, 178, 210, 91, 41, 73, 183, 46, 226, 166, 155, 13, 209, 83, 21, 106, 163, 75, 1, 214, 233, 126, 210, 95, 22, 198, 213, 182, 239, 181, 147, 8, 174, 41, 103, 249, 205, 51, 241, 167,
253, 57, 114, 246, 41, 191, 232, 11, 49, 92, 179, 109, 242, 118, 166, 213, 213, 69, 124, 72, 76, 55, 193, 236, 159, 234, 222, 185, 53, 1, 17, 128, 40, 69, 144, 253, 38, 200, 160, 194,
143, 106, 28, 57, 49, 7, 177, 167, 233, 245, 147, 76, 140, 152, 5, 190, 70, 244, 41, 53, 28, 170, 109, 120, 150, 106, 33, 18, 173, 166, 163, 139, 130, 0, 229, 157, 173, 26, 96, 85,
44, 251, 94, 169, 145, 201, 20, 106, 164, 231, 194, 58, 201, 118, 31, 41, 189, 22, 226, 15, 110, 145, 52, 112, 53, 157, 52, 191, 149, 190, 118, 2, 221, 242, 250, 243, 79, 247, 126, 119,
136, 250, 50, 216, 49, 234, 213, 254, 42, 249, 33, 188, 62, 55, 6, 62, 213, 60, 237, 102, 47, 123, 19, 230, 242, 212, 24, 113, 144, 145, 139, 255, 76, 47, 195, 193, 107, 214, 240, 153,
230, 62, 150, 152, 149, 144, 101, 133, 141, 186, 98, 13, 182, 194, 226, 167, 47, 32, 245, 117, 169, 72, 224, 250, 143, 142, 45, 1, 145, 155, 254, 61, 239, 160, 105, 107, 13, 94, 213, 189,
82, 222, 169, 174, 160, 204, 176, 99, 144, 141, 4, 177, 38, 243, 213, 89, 156, 50, 133, 127, 103, 129, 75, 58, 47, 222, 181, 117, 111, 80, 172, 77, 169, 194, 12, 147, 17, 156, 130, 25,
219, 108, 159, 174, 173, 73, 35, 6, 102, 93, 111, 140, 33, 0, 53, 162, 243, 229, 24, 212, 169, 20, 229, 73, 131, 195, 242, 111, 233, 156, 67, 230, 10, 113, 94, 11, 139, 13, 113, 232,
182, 122, 163, 168, 135, 134, 102, 170, 192, 155, 249, 171, 50, 123, 83, 141, 49, 46, 11, 71, 139, 55, 40, 171, 227, 5, 133, 17, 55, 40, 81, 185, 179, 94, 18, 124, 14, 116, 150, 97,
113, 43, 61, 29, 5, 173, 12, 172, 144, 255, 183, 234, 14, 163, 48, 31, 238, 77, 103, 247, 166, 29, 162, 117, 82, 146, 223, 125, 51, 106, 244, 99, 214, 132, 143, 82, 185, 94, 35, 107,
175, 27, 112, 214, 142, 66, 210, 95, 12, 165, 224, 182, 182, 181, 157, 32, 174, 6, 95, 252, 164, 32, 229, 218, 225, 39, 80, 214, 104, 207, 222, 25, 74, 119, 183, 30, 241, 126, 150, 201,
239, 9, 118, 84, 6, 75, 219, 255, 167, 133, 199, 187, 110, 29, 20, 128, 48, 68, 145, 220, 13, 239, 175, 194, 140, 106, 7, 100, 23, 102, 152, 188, 221, 144, 147, 15, 157, 216, 119, 181,
42, 192, 81, 4, 43, 250, 97, 42, 138, 113, 3, 84, 198, 172, 156, 151, 152, 124, 244, 192, 187, 28, 118, 111, 31, 203, 116, 169, 149, 204, 101, 93, 209, 207, 192, 38, 198, 83, 115, 46,
164, 78, 168, 42, 102, 134, 97, 105, 85, 173, 46, 198, 244, 129, 50, 72, 246, 147, 217, 242, 12, 241, 59, 55, 179, 213, 32, 199, 46, 214, 129, 218, 119, 176, 42, 157, 115, 56, 55, 45,
172, 125, 128, 66, 17, 94, 56, 149, 236, 176, 50, 90, 236, 208, 241, 207, 81, 11, 170, 193, 1, 228, 222, 176, 194, 40, 153, 145, 159, 229, 12, 133, 178, 160, 5, 60, 237, 217, 225, 223,
39, 88, 218, 119, 167, 49, 144, 146, 132, 159, 82, 1, 203, 206, 254, 110, 227, 144, 107, 107, 13, 74, 245, 189, 104, 178, 179, 165, 142, 250, 179, 78, 203, 139, 88, 237, 8, 223, 249, 81,
160, 48, 130, 4, 55, 129, 19, 56, 36, 162, 142, 92, 116, 107, 157, 113, 169, 207, 32, 232, 27, 165, 141, 6, 243, 13, 185, 181, 238, 24, 112, 61, 70, 64, 104, 132, 107, 8, 48, 203,
202, 171, 94, 212, 176, 15, 228, 20, 166, 193, 194, 126, 186, 130, 70, 135, 54, 65, 106, 48, 139, 13, 23, 216, 172, 122, 225, 133, 144, 212, 82, 188, 226, 236, 233, 166, 22, 46, 79, 213,
64, 63, 109, 125, 137, 54, 1, 176, 212, 87, 216, 4, 29, 3, 124, 239, 188, 33, 73, 63, 48, 116, 174, 61, 33, 10, 1, 17, 22, 137, 53, 170, 178, 231, 154, 225, 43, 239, 5, 88,
225, 89, 63, 134, 186, 58, 240, 83, 92, 187, 203, 123, 47, 108, 214, 31, 212, 171, 129, 17, 213, 20, 98, 23, 173, 33, 4, 188, 150, 122, 235, 34, 33, 139, 254, 194, 235, 151, 215, 10,
172, 38, 100, 194, 135, 48, 242, 254, 198, 12, 67, 170, 25, 210, 239, 58, 105, 79, 129, 19, 167, 74, 139, 203, 193, 51, 5, 119, 59, 74, 247, 238, 152, 186, 131, 249, 53, 109, 17, 128,
49, 49, 137, 253, 22, 241, 203, 194, 212, 106, 7, 57, 49, 18, 177, 167, 185, 245, 183, 76, 140, 229, 40, 158, 112, 139, 120, 69, 50, 142, 82, 107, 215, 106, 59, 21, 189, 136, 187, 177,
167, 0, 129, 133, 137, 0, 83, 93, 3, 158, 115, 136, 247, 243, 15, 61, 145, 212, 197, 62, 134, 97, 3, 9, 241, 82, 253, 9, 62, 185, 72, 23, 113, 225, 13, 214, 129, 167, 11, 17,
196, 245, 209, 249, 52, 150, 66, 50, 177, 166, 56, 218, 9, 245, 180, 197, 118, 135, 3, 161, 115, 116, 35, 92, 178, 122, 157, 82, 27, 125, 22, 222, 179, 226, 122, 90, 166, 156, 171, 168,
82, 74, 172, 209, 107, 225, 202, 143, 205, 62, 131, 140, 147, 214, 48, 213, 187, 134, 86, 88, 133, 141, 149, 167, 42, 8, 210, 54, 244, 14, 234, 138, 142, 131, 92, 91, 202, 133, 254, 61,
178, 160, 121, 107, 13, 60, 213, 189, 98, 178, 140, 165, 145, 250, 138, 14, 147, 150, 68, 198, 8, 180, 199, 45, 138, 18, 139, 97, 57, 158, 75, 8, 116, 252, 177, 98, 102, 51, 238, 11,
197, 172, 117, 139, 79, 224, 169, 76, 182, 99, 243, 207, 183, 76, 38, 24, 87, 119, 33, 162, 45, 3, 125, 252, 215, 218, 55, 193, 175, 72, 130, 4, 184, 201, 133, 27, 183, 146, 15, 221,
51, 99, 73, 115, 163, 6, 97, 194, 139, 25, 210, 201, 173, 251, 86, 188, 248, 240, 167, 142, 62, 3, 125, 232, 83, 114, 44, 126, 157, 31, 8, 184, 157, 70, 205, 9, 25, 3, 125, 153,
191, 114, 54, 60, 107, 73, 214, 75, 8, 3, 59, 13, 44, 179, 82, 141, 156, 150, 167, 227, 40, 246, 66, 31, 250, 72, 101, 208, 171, 38, 133, 93, 93, 147, 237, 93, 54, 109, 192, 57,
237, 190, 160, 36, 145, 23, 7, 8, 170, 5, 26, 217, 140, 94, 243, 33, 39, 190, 254, 229, 240, 144, 237, 7, 221, 26, 45, 193, 184, 69, 194, 224, 199, 12, 35, 247, 60, 237, 203, 83,
107, 111, 144, 14, 189, 74, 146, 225, 225, 76, 123, 108, 73, 64, 197, 251, 165, 228, 146, 170, 29, 58, 10, 166, 9, 72, 192, 225, 30, 239, 150, 226, 151, 117, 32, 57, 45, 13, 159, 129,
250, 154, 160, 31, 150, 237, 22, 147, 98, 241, 112, 62, 112, 138, 96, 84, 236, 80, 0, 115, 198, 208, 149, 139, 249, 124, 128, 199, 179, 41, 83, 104, 50, 209, 76, 150, 146, 238, 101, 92,
206, 227, 228, 37, 170, 64, 65, 121, 253, 122, 219, 6, 50, 169, 69, 116, 100, 160, 41, 172, 190, 196, 18, 30, 209, 235, 243, 150, 76, 134, 34, 100, 243, 216, 73, 183, 56, 245, 166, 216,
106, 135, 75, 150, 23, 112, 15, 0, 163, 61, 156, 97, 76, 114, 34, 156, 209, 187, 98, 118, 237, 131, 130, 233, 93, 27, 212, 226, 113, 183, 215, 232, 211, 45, 222, 211, 209, 247, 96, 245,
158, 129, 73, 33, 230, 234, 195, 162, 125, 81, 138, 102, 156, 59, 205, 250, 131, 190, 124, 127, 187, 178, 255, 62, 189, 133, 35, 77, 18, 100, 198, 137, 55, 242, 158, 133, 157, 249, 180, 113,
232, 155, 64, 204, 52, 243, 213, 84, 189, 32, 133, 120, 20, 175, 86, 10, 49, 195, 200, 124, 44, 114, 157, 124, 209, 244, 23, 165, 43, 155, 176, 95, 251, 11, 162, 179, 237, 122, 125, 54,
82, 90, 75, 130, 51, 34, 55, 210, 233, 197, 71, 210, 180, 94, 191, 55, 141, 245, 248, 116, 155, 157, 114, 221, 1, 122, 119, 12, 183, 113, 107, 220, 175, 94, 212, 165, 155, 193, 68, 227,
220, 145, 222, 237, 13, 62, 77, 244, 66, 9, 45, 102, 129, 28, 32, 142, 232, 84, 205, 9, 14, 12, 125, 181, 173, 116, 24, 67, 106, 93, 175, 86, 22, 42, 75, 55, 9, 135, 50, 136,
168, 249, 134, 255, 75, 242, 69, 94, 200, 44, 37, 236, 235, 59, 133, 44, 118, 191, 214, 113, 61, 109, 240, 17, 214, 146, 179, 22, 205, 116, 101, 125, 138, 9, 30, 136, 153, 23, 224, 93,
48, 161, 255, 171, 176, 190, 242, 35, 136, 43, 114, 223, 179, 3, 205, 192, 160, 7, 35, 238, 45, 167, 231, 11, 51, 77, 184, 37, 138, 102, 146, 205, 199, 23, 113, 72, 39, 107, 209, 208,
250, 186, 135, 248, 20, 63, 46, 129, 29, 61, 182, 235, 10, 202, 135, 255, 179, 39, 32, 58, 39, 39, 184, 175, 230, 146, 136, 19, 148, 240, 117, 233, 82, 216, 32, 71, 20, 138, 66, 121,
203, 94, 62, 65, 178, 139, 251, 154, 248, 24, 128, 155, 230, 50, 77, 95, 10, 239, 97, 182, 148, 206, 101, 102, 206, 198, 228, 58, 171, 64, 65, 34, 252, 78, 252, 40, 7, 248, 53, 8,
68, 174, 43, 236, 240, 136, 115, 21, 203, 235, 225, 154, 25, 160, 66, 104, 135, 163, 65, 247, 106, 202, 157, 187, 117, 133, 76, 165, 16, 23, 39, 42, 129, 36, 158, 98, 8, 71, 69, 194,
192, 242, 31, 82, 232, 175, 149, 251, 52, 54, 216, 229, 40, 232, 206, 162, 242, 21, 186, 175, 135, 232, 55, 253, 142, 134, 122, 28, 139, 234, 220, 175, 39, 57, 211, 101, 244, 26, 205, 249,
166, 216, 95, 27, 182, 178, 135, 125, 234, 129, 35, 46, 43, 70, 188, 136, 84, 214, 232, 187, 168, 229, 245, 95, 230, 132, 64, 210, 40, 214, 213, 75, 224, 32, 132, 1, 17, 159, 13, 121,
54, 218, 148, 82, 49, 76, 213, 99, 164, 228, 58, 187, 6, 176, 163, 27, 237, 116, 151, 209, 174, 105, 18, 100, 61, 106, 33, 194, 12, 57, 55, 207, 215, 175, 45, 139, 157, 76, 152, 31,
175, 196, 244, 27, 146, 190, 110, 194, 119, 79, 93, 48, 156, 116, 124, 207, 139, 93, 210, 153, 204, 152, 103, 255, 248, 239, 197, 134, 44, 29, 61, 140, 46, 17, 44, 126, 241, 31, 8, 140,
157, 75, 205, 9, 17, 3, 125, 237, 173, 116, 54, 61, 14, 77, 172, 67, 16, 58, 48, 55, 9, 179, 38, 158, 215, 173, 228, 200, 53, 166, 66, 92, 253, 118, 56, 204, 154, 25, 133, 43,
46, 138, 232, 126, 60, 120, 241, 105, 146, 184, 166, 56, 137, 105, 101, 72, 170, 37, 5, 148, 176, 95, 237, 41, 60, 138, 255, 188, 182, 157, 143, 35, 183, 39, 120, 198, 191, 21, 216, 225,
255, 90, 126, 175, 21, 205, 199, 52, 97, 77, 233, 59, 176, 110, 245, 245, 149, 29, 6, 85, 13, 73, 204, 240, 250, 185, 193, 139, 53, 58, 75, 139, 50, 127, 203, 244, 10, 248, 139, 223,
150, 61, 98, 23, 13, 34, 184, 153, 198, 171, 169, 55, 175, 227, 45, 181, 98, 150, 32, 29, 46, 158, 108, 121, 236, 118, 35, 118, 141, 191, 183, 159, 132, 122, 128, 151, 142, 73, 101, 107,
18, 198, 93, 158, 179, 211, 101, 63, 147, 198, 251, 32, 207, 120, 112, 22, 211, 111, 160, 9, 41, 253, 94, 110, 100, 181, 104, 214, 149, 192, 118, 74, 225, 244, 207, 239, 22, 141, 94, 18,
252, 184, 28, 225, 21, 170, 213, 235, 52, 136, 61, 134, 38, 27, 15, 19, 163, 29, 156, 97, 48, 114, 34, 158, 185, 201, 6, 9, 136, 154, 246, 251, 108, 26, 238, 214, 16, 183, 215, 171,
224, 9, 164, 183, 178, 201, 96, 236, 141, 216, 64, 4, 143, 234, 201, 139, 114, 60, 241, 105, 128, 8, 252, 143, 177, 218, 96, 127, 174, 178, 255, 110, 193, 176, 90, 42, 103, 107, 183, 149,
103, 218, 232, 140, 160, 158, 139, 95, 202, 181, 123, 184, 39, 244, 198, 110, 187, 26, 190, 24, 58, 148, 42, 22, 40, 177, 170, 93, 119, 104, 139, 120, 131, 250, 37, 168, 39, 252, 140, 93,
218, 48, 132, 164, 184, 101, 13, 61, 75, 97, 47, 145, 18, 3, 93, 172, 235, 244, 64, 145, 173, 82, 255, 63, 165, 197, 128, 116, 237, 168, 104, 250, 23, 113, 76, 16, 136, 16, 108, 216,
208, 96, 227, 197, 134, 198, 2, 135, 191, 198, 166, 180, 16, 7, 106, 218, 51, 32, 40, 78, 188, 25, 111, 178, 213, 117, 128, 38, 70, 20, 71, 238, 243, 105, 34, 96, 11, 118, 162, 102,
113, 61, 14, 39, 35, 231, 82, 191, 147, 130, 156, 169, 54, 242, 61, 116, 199, 74, 32, 252, 233, 81, 253, 87, 103, 155, 236, 66, 29, 104, 245, 34, 224, 141, 184, 49, 137, 102, 45, 121,
136, 61, 116, 223, 170, 87, 198, 6, 28, 129, 250, 239, 160, 180, 193, 36, 182, 22, 83, 215, 191, 1, 195, 216, 164, 87, 75, 219, 47, 177, 205, 25, 81, 119, 141, 101, 190, 29, 170, 211,
221, 79, 123, 74, 22, 111, 230, 223, 251, 185, 152, 133, 15, 51, 33, 244, 14, 61, 128, 241, 21, 244, 178, 198, 139, 58, 22, 21, 43, 27, 196, 219, 199, 187, 178, 46, 167, 227, 117, 133,
42, 211, 76, 76, 116, 151, 70, 35, 228, 120, 47, 88, 191, 169, 135, 215, 159, 2, 240, 246, 136, 73, 110, 94, 52, 220, 67, 150, 150, 238, 11, 123, 209, 249, 247, 6, 213, 77, 3, 14,
196, 108, 198, 19, 10, 155, 116, 13, 51, 174, 22, 198, 138, 157, 39, 14, 213, 223, 205, 239, 13, 178, 127, 5, 173, 195, 30, 253, 20, 232, 144, 234, 6, 168, 14, 148, 45, 14, 50, 60,
128, 37, 228, 33, 9, 93, 31, 198, 252, 200, 34, 75, 237, 176, 148, 215, 60, 11, 160, 199, 2, 248, 176, 141, 209, 52, 162, 166, 137, 197, 58, 201, 253, 151, 64, 52, 138, 206, 143, 169,
16, 46, 232, 105, 178, 74, 157, 134, 131, 190, 108, 124, 141, 153, 225, 78, 254, 181, 118, 72, 21, 127, 245, 211, 97, 209, 160, 236, 189, 193, 243, 80, 252, 178, 64, 194, 63, 214, 194, 74,
184, 58, 139, 42, 102, 172, 60, 26, 3, 206, 141, 72, 11, 87, 170, 125, 146, 216, 16, 225, 81, 224, 166, 10, 223, 22, 184, 198, 148, 77, 118, 111, 73, 9, 118, 194, 21, 60, 110, 193,
151, 221, 37, 150, 154, 8, 226, 4, 184, 201, 232, 119, 232, 174, 76, 196, 55, 81, 123, 53, 144, 6, 66, 251, 189, 102, 196, 196, 153, 218, 126, 162, 253, 151, 212, 166, 19, 33, 107, 208,
111, 20, 1, 126, 177, 61, 49, 194, 195, 87, 218, 26, 60, 112, 95, 151, 131, 74, 55, 65, 20, 118, 175, 35, 55, 35, 10, 62, 48, 158, 6, 168, 168, 252, 148, 200, 76, 214, 33, 89,
164, 104, 103, 249, 184, 27, 147, 126, 64, 156, 182, 83, 38, 118, 246, 56, 230, 177, 218, 22, 204, 107, 61, 83, 177, 21, 5, 153, 235, 87, 150, 5, 112, 154, 143, 229, 177, 139, 204, 12,
177, 84, 94, 197, 145, 69, 248, 217, 195, 23, 126, 243, 43, 188, 204, 31, 84, 105, 144, 25, 131, 122, 147, 232, 233, 56, 6, 108, 43, 54, 193, 239, 160, 146, 168, 132, 108, 108, 20, 252,
119, 101, 182, 246, 49, 218, 156, 239, 141, 70, 39, 97, 76, 62, 154, 154, 232, 180, 178, 11, 186, 236, 42, 157, 42, 192, 115, 2, 11, 252, 66, 87, 203, 76, 94, 86, 176, 190, 174, 189,
249, 82, 213, 194, 172, 34, 98, 127, 44, 220, 122, 177, 252, 206, 75, 76, 209, 214, 247, 91, 185, 77, 78, 27, 229, 18, 161, 59, 104, 138, 116, 101, 102, 168, 14, 255, 134, 168, 115, 2,
242, 201, 194, 141, 81, 172, 119, 15, 152, 209, 94, 231, 37, 225, 189, 213, 39, 190, 0, 150, 5, 46, 15, 41, 212, 63, 236, 105, 51, 66, 35, 156, 209, 187, 98, 118, 237, 131, 130, 233,
93, 27, 212, 226, 113, 183, 215, 232, 211, 45, 159, 153, 177, 213, 30, 234, 129, 162, 6, 10, 181, 208, 246, 222, 117, 89, 255, 69, 239, 59, 247, 250, 169, 190, 96, 116, 144, 146, 129, 122,
226, 204, 73, 125, 58, 105, 230, 148, 54, 208, 152, 165, 188, 255, 137, 2, 202, 155, 70, 171, 72, 172, 214, 82, 187, 31, 190, 122, 23, 151, 29, 41, 34, 176, 193, 23, 34, 121, 138, 114,
182, 197, 122, 184, 16, 184, 198, 42, 160, 8, 151, 209, 144, 93, 39, 24, 107, 84, 75, 151, 17, 36, 73, 195, 205, 210, 47, 147, 201, 72, 157, 74, 159, 156, 229, 68, 137, 129, 17, 224,
118, 68, 9, 6, 167, 14, 96, 204, 142, 91, 249, 192, 189, 245, 114, 227, 239, 192, 252, 140, 10, 13, 126, 234, 73, 3, 45, 77, 143, 36, 51, 139, 237, 68, 135, 21, 50, 35, 97, 186,
156, 73, 71, 103, 54, 116, 176, 126, 38, 15, 50, 55, 14, 236, 7, 136, 170, 248, 165, 187, 20, 214, 32, 107, 220, 118, 37, 255, 157, 12, 131, 44, 42, 200, 224, 113, 32, 32, 211, 58,
199, 177, 205, 56, 213, 93, 30, 110, 136, 39, 120, 143, 154, 78, 230, 5, 114, 171, 224, 189, 176, 133, 243, 35, 221, 92, 45, 134, 148, 58, 129, 223, 249, 38, 73, 181, 102, 163, 200, 55,
97, 99, 156, 97, 252, 105, 142, 253, 151, 62, 81, 84, 41, 84, 240, 168, 185, 152, 154, 135, 12, 20, 37, 188, 10, 123, 138, 234, 124, 170, 167, 224, 143, 67, 48, 41, 74, 63, 196, 216,
236, 187, 153, 55, 141, 152, 23, 182, 99, 239, 86, 70, 29, 158, 113, 45, 156, 85, 49, 82, 176, 183, 166, 200, 249, 116, 128, 225, 186, 18, 18, 31, 47, 152, 76, 150, 134, 206, 101, 102,
206, 198, 228, 58, 143, 70, 112, 46, 220, 111, 165, 6, 16, 143, 80, 12, 85, 172, 114, 236, 140, 181, 33, 74, 142, 203, 205, 178, 42, 139, 85, 49, 251, 223, 71, 187, 25, 225, 188, 224,
35, 138, 75, 213, 5, 29, 80, 10, 189, 33, 156, 74, 7, 114, 34, 246, 207, 179, 31, 82, 165, 216, 130, 207, 83, 33, 254, 209, 62, 160, 204, 177, 230, 29, 173, 165, 204, 149, 54, 239,
161, 180, 3, 69, 136, 226, 233, 220, 31, 48, 200, 69, 141, 5, 199, 132, 136, 141, 124, 94, 182, 147, 224, 105, 232, 140, 72, 46, 111, 68, 183, 139, 55, 161, 232, 187, 168, 229, 245, 95,
230, 134, 86, 176, 79, 238, 255, 107, 184, 37, 196, 59, 20, 186, 51, 25, 29, 208, 193, 117, 35, 46, 174, 101, 172, 180, 13, 145, 6, 144, 163, 21, 236, 13, 184, 164, 146, 80, 107, 58,
75, 123, 122, 162, 20, 23, 55, 236, 232, 203, 58, 234, 132, 76, 149, 23, 141, 194, 216, 104, 174, 160, 117, 226, 113, 72, 107, 14, 172, 112, 86, 200, 171, 70, 199, 187, 174, 220, 113, 244,
211, 234, 190, 245, 15, 7, 67, 216, 104, 9, 44, 112, 173, 32, 34, 172, 235, 127, 205, 21, 63, 6, 65, 164, 185, 112, 68, 92, 20, 105, 143, 53, 50, 125, 11, 0, 7, 244, 30, 140,
151, 166, 228, 200, 53, 221, 69, 69, 228, 44, 6, 204, 234, 91, 131, 82, 107, 186, 202, 93, 5, 65, 177, 110, 247, 149, 175, 5, 189, 21, 101, 122, 155, 59, 86, 134, 186, 94, 209, 42,
43, 171, 209, 195, 178, 179, 230, 60, 169, 9, 87, 245, 182, 56, 222, 237, 191, 7, 96, 240, 45, 188, 181, 4, 64, 107, 128, 2, 150, 70, 167, 245, 149, 29, 6, 68, 8, 116, 220, 169,
161, 134, 176, 159, 58, 10, 55, 253, 6, 121, 138, 225, 0, 236, 130, 223, 140, 61, 47, 97, 26, 33, 184, 219, 209, 165, 171, 70, 244, 224, 3, 243, 92, 150, 91, 91, 17, 132, 84, 121,
245, 125, 70, 67, 175, 133, 150, 191, 249, 88, 128, 192, 138, 27, 21, 107, 114, 198, 14, 150, 134, 197, 74, 102, 202, 212, 228, 69, 171, 15, 122, 22, 204, 78, 165, 108, 46, 252, 118, 126,
127, 176, 118, 172, 129, 152, 10, 56, 195, 244, 243, 239, 10, 148, 93, 41, 163, 254, 71, 225, 102, 192, 215, 254, 52, 153, 12, 138, 45, 57, 5, 7, 149, 37, 165, 72, 11, 125, 54, 218,
196, 230, 18, 68, 232, 185, 188, 250, 64, 44, 212, 141, 39, 221, 180, 178, 232, 29, 186, 164, 198, 225, 2, 229, 129, 195, 117, 91, 156, 201, 242, 160, 40, 5, 232, 69, 169, 56, 193, 175,
178, 130, 103, 73, 173, 162, 195, 110, 186, 136, 95, 42, 13, 62, 198, 145, 42, 203, 143, 155, 130, 206, 169, 110, 142, 144, 0, 237, 24, 183, 226, 113, 224, 57, 128, 4, 14, 232, 61, 34,
13, 196, 201, 65, 55, 121, 148, 106, 134, 250, 2, 168, 74, 144, 195, 33, 211, 7, 166, 179, 145, 101, 117, 55, 98, 91, 116, 152, 18, 0, 74, 211, 200, 174, 45, 203, 146, 9, 178, 47,
162, 254, 193, 120, 240, 185, 86, 206, 40, 78, 97, 62, 135, 80, 117, 179, 139, 107, 254, 168, 172, 239, 126, 181, 220, 234, 222, 145, 38, 7, 103, 245, 117, 26, 29, 59, 140, 53, 47, 184,
202, 122, 219, 45, 73, 61, 34, 147, 172, 114, 22, 55, 37, 115, 147, 63, 46, 46, 50, 38, 47, 236, 50, 175, 170, 161, 184, 221, 4, 221, 21, 85, 201, 73, 36, 236, 137, 57, 133, 75,
46, 182, 232, 97, 62, 75, 192, 49, 202, 137, 196, 25, 147, 70, 63, 119, 138, 48, 124, 141, 140, 23, 147, 31, 63, 194, 255, 171, 181, 190, 242, 45, 183, 89, 37, 128, 147, 26, 135, 216,
164, 45, 35, 181, 52, 191, 199, 31, 64, 123, 144, 102, 137, 121, 182, 246, 215, 46, 98, 122, 8, 105, 197, 228, 162, 156, 133, 188, 14, 48, 10, 254, 53, 69, 188, 244, 11, 171, 173, 233,
212, 105, 27, 31, 81, 13, 196, 188, 217, 143, 164, 25, 236, 222, 54, 174, 49, 201, 91, 13, 21, 132, 84, 106, 224, 36, 70, 67, 175, 175, 183, 136, 178, 114, 208, 216, 140, 18, 110, 94,
54, 196, 80, 150, 173, 206, 101, 60, 162, 246, 192, 58, 170, 24, 81, 40, 252, 112, 194, 107, 42, 139, 116, 109, 100, 145, 3, 227, 129, 159, 48, 8, 253, 236, 194, 239, 8, 157, 45, 107,
166, 240, 18, 214, 62, 233, 214, 225, 11, 129, 48, 182, 17, 102, 15, 32, 163, 29, 130, 114, 10, 38, 77, 213, 217, 226, 25, 72, 236, 166, 145, 244, 83, 16, 242, 194, 45, 183, 215, 240,
245, 44, 134, 165, 170, 209, 50, 198, 162, 153, 121, 87, 181, 200, 143, 153, 110, 28, 253, 101, 239, 43, 209, 162, 131, 139, 124, 125, 205, 155, 228, 90, 232, 162, 64, 87, 47, 59, 225, 159,
72, 219, 171, 226, 160, 221, 169, 113, 194, 138, 2, 211, 21, 222, 255, 55, 248, 21, 134, 11, 26, 151, 32, 45, 42, 239, 176, 23, 111, 101, 212, 121, 173, 181, 37, 147, 71, 144, 199, 30,
236, 19, 151, 168, 145, 123, 117, 18, 50, 95, 116, 196, 42, 57, 55, 200, 138, 197, 35, 150, 199, 17, 149, 16, 250, 217, 220, 119, 183, 153, 77, 223, 52, 69, 76, 19, 169, 9, 82, 199,
139, 26, 243, 166, 138, 152, 5, 165, 248, 200, 245, 167, 37, 0, 48, 247, 80, 97, 32, 109, 165, 24, 54, 169, 200, 111, 254, 1, 19, 3, 71, 182, 173, 69, 62, 60, 6, 73, 145, 58,
124, 0, 61, 22, 10, 143, 22, 223, 215, 139, 162, 200, 26, 221, 69, 121, 229, 82, 21, 255, 158, 91, 163, 123, 42, 173, 218, 68, 54, 75, 240, 57, 146, 186, 196, 56, 141, 96, 2, 81,
168, 64, 94, 157, 235, 87, 252, 38, 52, 159, 232, 180, 150, 179, 254, 123, 171, 4, 123, 232, 207, 37, 225, 246, 217, 39, 64, 175, 50, 185, 181, 63, 64, 42, 144, 101, 139, 26, 245, 201,
209, 59, 0, 78, 73, 113, 164, 202, 161, 156, 176, 159, 51, 10, 23, 131, 50, 115, 143, 150, 38, 233, 167, 128, 212, 121, 2, 34, 54, 24, 147, 143, 253, 133, 171, 31, 136, 224, 18, 166,
50, 218, 80, 19, 15, 189, 124, 67, 236, 80, 2, 115, 198, 212, 183, 183, 132, 84, 193, 133, 139, 40, 107, 121, 34, 157, 119, 252, 129, 213, 116, 113, 202, 223, 230, 24, 173, 64, 65, 121,
248, 98, 197, 6, 104, 152, 50, 108, 127, 173, 104, 222, 148, 216, 10, 30, 146, 238, 224, 169, 57, 141, 102, 59, 191, 209, 65, 186, 28, 212, 138, 216, 53, 241, 75, 210, 15, 48, 10, 41,
129, 123, 225, 86, 71, 95, 61, 135, 250, 205, 21, 72, 176, 139, 235, 197, 83, 75, 213, 132, 125, 232, 206, 148, 253, 14, 159, 153, 177, 241, 96, 223, 142, 194, 4, 62, 238, 218, 203, 168,
34, 38, 195, 53, 235, 24, 149, 242, 166, 190, 70, 127, 166, 166, 134, 127, 178, 212, 90, 108, 109, 88, 246, 148, 118, 211, 147, 188, 157, 233, 173, 82, 213, 211, 94, 176, 47, 176, 162, 105,
134, 42, 135, 119, 12, 148, 42, 123, 36, 207, 148, 82, 19, 47, 213, 101, 209, 197, 122, 251, 4, 129, 204, 58, 223, 43, 191, 138, 168, 123, 21, 115, 83, 122, 115, 151, 17, 27, 67, 208,
243, 203, 6, 216, 159, 50, 191, 74, 156, 129, 229, 123, 177, 202, 74, 224, 118, 110, 9, 8, 130, 72, 117, 220, 212, 121, 212, 156, 180, 251, 117, 139, 227, 204, 226, 236, 12, 39, 107, 244,
60, 48, 1, 45, 174, 7, 6, 140, 199, 110, 209, 46, 36, 5, 122, 150, 166, 98, 39, 126, 53, 114, 175, 61, 12, 11, 29, 45, 107, 178, 92, 167, 180, 153, 228, 255, 27, 221, 69, 71,
220, 52, 99, 211, 180, 32, 151, 95, 64, 175, 227, 113, 46, 65, 220, 109, 150, 132, 166, 56, 136, 108, 22, 78, 168, 24, 107, 214, 154, 79, 234, 37, 18, 130, 193, 195, 138, 190, 207, 35,
166, 92, 64, 134, 184, 1, 135, 223, 249, 38, 73, 181, 102, 163, 200, 55, 97, 99, 156, 97, 252, 105, 142, 253, 151, 62, 81, 84, 25, 49, 238, 253, 224, 182, 167, 167, 51, 96, 84, 188,
33, 90, 157, 192, 44, 198, 131, 242, 175, 60, 27, 52, 39, 39, 223, 175, 187, 167, 171, 19, 147, 240, 54, 171, 85, 220, 112, 59, 20, 138, 79, 117, 239, 77, 64, 105, 172, 180, 150, 145,
140, 127, 251, 221, 137, 17, 107, 124, 52, 252, 125, 133, 133, 198, 101, 96, 138, 249, 211, 73, 155, 101, 122, 37, 230, 96, 160, 9, 110, 167, 116, 125, 71, 190, 54, 209, 165, 192, 0, 18,
150, 139, 207, 241, 44, 138, 102, 61, 243, 163, 51, 203, 25, 215, 142, 246, 12, 184, 59, 133, 60, 102, 50, 8, 143, 36, 225, 70, 15, 125, 95, 206, 227, 219, 50, 74, 170, 138, 188, 172,
46, 30, 218, 228, 39, 203, 234, 173, 228, 57, 158, 175, 135, 232, 55, 245, 157, 138, 3, 95, 234, 250, 147, 180, 117, 38, 141, 96, 171, 6, 245, 255, 131, 190, 127, 127, 209, 196, 223, 64,
160, 186, 75, 109, 110, 100, 238, 147, 92, 192, 156, 161, 131, 226, 148, 95, 246, 134, 121, 205, 7, 226, 221, 75, 136, 43, 129, 29, 10, 178, 84, 14, 114, 211, 189, 103, 20, 78, 213, 99,
164, 251, 122, 187, 4, 224, 164, 41, 188, 36, 151, 164, 240, 80, 45, 58, 76, 123, 47, 162, 12, 57, 112, 207, 213, 216, 62, 143, 191, 53, 155, 23, 141, 194, 248, 95, 166, 150, 104, 246,
31, 17, 64, 40, 178, 83, 22, 220, 163, 118, 215, 196, 175, 198, 2, 131, 185, 212, 222, 175, 5, 43, 52, 221, 96, 27, 48, 99, 146, 31, 8, 140, 157, 75, 243, 39, 85, 23, 100, 136,
129, 39, 1, 99, 55, 97, 160, 106, 34, 47, 75, 0, 124, 135, 30, 132, 181, 143, 158, 211, 77, 164, 49, 88, 216, 121, 11, 241, 147, 18, 157, 45, 46, 182, 251, 87, 19, 64, 233, 49,
230, 157, 222, 6, 204, 98, 17, 112, 132, 7, 2, 197, 167, 97, 156, 30, 54, 161, 236, 178, 178, 173, 157, 49, 145, 88, 82, 225, 184, 63, 238, 232, 233, 59, 86, 213, 12, 196, 221, 14,
115, 88, 144, 14, 128, 74, 146, 142, 235, 57, 108, 84, 77, 52, 197, 235, 165, 149, 150, 139, 106, 58, 28, 253, 6, 62, 136, 209, 19, 199, 220, 255, 175, 90, 44, 127, 16, 32, 184, 128,
164, 171, 154, 25, 166, 203, 49, 181, 99, 222, 112, 57, 1, 133, 92, 121, 238, 40, 49, 115, 185, 176, 183, 155, 187, 80, 193, 237, 230, 46, 114, 66, 23, 218, 12, 239, 167, 250, 67, 102,
202, 233, 162, 67, 199, 71, 65, 99, 184, 19, 195, 15, 112, 241, 61, 87, 81, 236, 18, 253, 170, 192, 0, 74, 208, 232, 207, 241, 50, 141, 102, 12, 243, 254, 28, 225, 53, 215, 151, 239,
52, 179, 0, 150, 42, 46, 15, 63, 147, 31, 156, 97, 48, 114, 34, 234, 185, 231, 8, 106, 136, 173, 149, 206, 119, 51, 219, 226, 16, 254, 178, 171, 214, 15, 222, 165, 186, 225, 63, 247,
161, 220, 102, 4, 179, 206, 232, 129, 46, 88, 193, 77, 163, 59, 205, 178, 130, 134, 58, 73, 182, 198, 255, 86, 206, 176, 64, 125, 43, 114, 235, 204, 97, 195, 147, 133, 178, 158, 244, 94,
150, 134, 68, 210, 55, 240, 214, 123, 228, 43, 136, 45, 61, 161, 30, 26, 18, 205, 193, 117, 125, 114, 212, 74, 181, 225, 15, 170, 39, 224, 145, 10, 251, 55, 151, 209, 183, 24, 6, 61,
75, 116, 90, 172, 46, 62, 96, 225, 200, 174, 36, 206, 183, 29, 157, 59, 161, 255, 193, 92, 233, 189, 21, 246, 48, 109, 119, 60, 136, 16, 98, 200, 180, 31, 225, 169, 188, 213, 5, 166,
252, 200, 197, 144, 109, 47, 71, 140, 79, 54, 32, 59, 133, 24, 8, 185, 220, 70, 192, 33, 25, 30, 83, 141, 255, 42, 41, 108, 29, 125, 209, 84, 12, 58, 53, 3, 0, 152, 75, 217,
202, 171, 152, 221, 53, 206, 4, 72, 200, 73, 36, 242, 233, 57, 178, 75, 46, 182, 232, 97, 60, 67, 225, 29, 202, 189, 178, 22, 169, 22, 38, 108, 179, 60, 94, 133, 180, 127, 237, 40,
22, 177, 255, 210, 246, 172, 254, 44, 213, 13, 118, 217, 137, 57, 253, 201, 239, 1, 35, 236, 12, 167, 239, 26, 111, 127, 190, 102, 139, 25, 146, 225, 142, 48, 97, 120, 85, 117, 252, 216,
145, 187, 188, 161, 58, 111, 46, 138, 51, 110, 128, 220, 38, 202, 135, 248, 179, 58, 13, 41, 79, 5, 146, 167, 179, 171, 166, 31, 146, 155, 3, 229, 104, 207, 119, 35, 18, 189, 83, 93,
240, 44, 58, 98, 164, 159, 150, 144, 186, 82, 216, 247, 188, 50, 21, 102, 2, 193, 97, 244, 242, 200, 102, 83, 214, 221, 226, 57, 170, 85, 76, 10, 227, 115, 252, 6, 103, 174, 116, 70,
127, 128, 16, 224, 178, 136, 49, 52, 244, 244, 221, 154, 71, 177, 67, 24, 243, 210, 73, 223, 37, 232, 170, 197, 39, 145, 62, 175, 23, 19, 61, 25, 159, 123, 175, 120, 58, 34, 16, 231,
210, 183, 55, 72, 238, 152, 149, 237, 115, 16, 205, 255, 9, 216, 206, 175, 253, 38, 218, 167, 203, 242, 29, 246, 153, 131, 114, 89, 141, 209, 199, 199, 125, 51, 193, 80, 143, 11, 206, 161,
129, 141, 127, 73, 172, 129, 223, 95, 223, 128, 35, 77, 5, 95, 210, 159, 72, 247, 147, 226, 161, 158, 242, 97, 149, 137, 123, 193, 46, 178, 227, 79, 140, 21, 196, 55, 44, 156, 29, 22,
29, 197, 148, 113, 55, 76, 141, 0, 173, 246, 122, 182, 56, 167, 198, 67, 230, 22, 128, 207, 171, 123, 52, 12, 82, 86, 115, 150, 1, 39, 79, 233, 255, 253, 37, 145, 199, 16, 157, 4,
154, 138, 248, 97, 179, 177, 115, 158, 60, 104, 119, 40, 179, 10, 94, 230, 213, 95, 244, 187, 187, 219, 80, 157, 232, 197, 214, 140, 7, 15, 126, 138, 73, 55, 31, 32, 161, 12, 44, 204,
203, 75, 128, 21, 28, 6, 65, 159, 154, 65, 71, 65, 109, 43, 140, 100, 4, 121, 35, 12, 2, 155, 17, 157, 178, 168, 177, 247, 41, 205, 28, 68, 248, 121, 36, 236, 157, 30, 245, 85,
54, 173, 239, 68, 17, 103, 254, 41, 242, 190, 172, 85, 141, 87, 53, 87, 138, 27, 92, 155, 151, 95, 221, 93, 52, 159, 136, 201, 147, 173, 214, 9, 210, 54, 82, 133, 168, 45, 194, 230,
197, 11, 36, 175, 12, 192, 200, 83, 107, 111, 144, 14, 189, 26, 134, 237, 149, 59, 98, 55, 73, 74, 166, 172, 157, 166, 155, 150, 52, 23, 39, 181, 11, 113, 182, 221, 30, 216, 166, 192,
214, 99, 17, 34, 39, 56, 134, 135, 209, 149, 167, 78, 139, 194, 54, 182, 113, 234, 75, 22, 35, 141, 79, 106, 246, 80, 71, 71, 198, 160, 152, 137, 132, 119, 128, 227, 165, 50, 21, 116,
35, 211, 120, 169, 245, 197, 102, 95, 156, 196, 160, 3, 149, 24, 122, 25, 251, 119, 246, 15, 42, 155, 61, 72, 68, 174, 20, 214, 147, 171, 125, 17, 208, 139, 243, 239, 49, 171, 88, 16,
133, 242, 43, 184, 37, 240, 136, 219, 119, 226, 74, 210, 20, 24, 85, 13, 140, 30, 231, 97, 76, 114, 34, 206, 185, 206, 20, 9, 244, 163, 174, 203, 96, 0, 175, 219, 114, 249, 206, 157,
211, 14, 204, 184, 177, 229, 35, 136, 129, 160, 121, 93, 181, 234, 195, 148, 13, 38, 241, 105, 247, 8, 214, 157, 137, 156, 123, 3, 175, 147, 204, 122, 178, 160, 69, 108, 109, 57, 235, 132,
42, 208, 148, 155, 143, 197, 239, 109, 202, 211, 126, 195, 40, 192, 217, 112, 189, 30, 190, 24, 39, 181, 13, 10, 50, 200, 148, 82, 19, 47, 213, 114, 164, 246, 51, 184, 79, 167, 145, 35,
209, 47, 151, 198, 189, 16, 39, 43, 98, 15, 90, 144, 35, 96, 104, 218, 194, 228, 49, 206, 199, 29, 224, 11, 158, 214, 230, 76, 171, 201, 65, 158, 40, 29, 97, 62, 131, 80, 117, 223,
128, 84, 212, 168, 199, 248, 70, 227, 219, 211, 226, 155, 43, 16, 60, 232, 79, 56, 59, 59, 170, 34, 41, 131, 255, 114, 196, 19, 85, 114, 122, 155, 251, 73, 3, 66, 110, 125, 209, 99,
7, 32, 33, 93, 61, 168, 92, 140, 168, 132, 229, 166, 12, 199, 62, 102, 197, 118, 40, 253, 143, 12, 133, 36, 66, 200, 234, 7, 30, 72, 241, 13, 214, 236, 152, 22, 205, 116, 101, 125,
138, 9, 30, 136, 153, 72, 244, 67, 40, 155, 206, 195, 128, 181, 149, 0, 183, 95, 35, 253, 185, 69, 240, 239, 250, 38, 65, 181, 10, 255, 197, 55, 60, 124, 171, 5, 144, 102, 146, 137,
220, 61, 123, 108, 9, 54, 197, 241, 250, 185, 176, 248, 20, 10, 75, 188, 10, 90, 161, 150, 8, 252, 157, 255, 179, 39, 32, 58, 39, 39, 184, 175, 179, 187, 153, 19, 170, 192, 49, 171,
112, 240, 112, 59, 20, 138, 79, 121, 147, 94, 71, 71, 206, 214, 152, 191, 132, 70, 128, 216, 233, 18, 110, 73, 10, 195, 76, 134, 165, 201, 16, 66, 162, 253, 194, 25, 203, 68, 1, 120,
236, 87, 161, 109, 47, 139, 73, 87, 100, 142, 19, 209, 165, 192, 0, 18, 150, 200, 243, 239, 22, 170, 66, 55, 153, 252, 73, 214, 49, 212, 146, 224, 23, 176, 55, 210, 112, 60, 40, 8,
176, 126, 167, 127, 15, 68, 35, 246, 207, 179, 31, 82, 232, 175, 149, 251, 52, 54, 216, 229, 40, 232, 206, 179, 230, 30, 194, 211, 136, 208, 22, 215, 184, 192, 84, 87, 179, 226, 198, 212,
106, 0, 211, 105, 138, 74, 202, 161, 136, 189, 123, 124, 159, 189, 237, 62, 232, 144, 98, 125, 111, 90, 189, 150, 103, 161, 232, 187, 168, 229, 245, 95, 230, 132, 64, 210, 40, 214, 213, 75,
134, 36, 130, 123, 37, 150, 30, 61, 116, 216, 148, 82, 49, 76, 213, 99, 164, 251, 122, 182, 4, 252, 145, 8, 219, 104, 188, 209, 174, 105, 18, 100, 61, 106, 33, 194, 12, 62, 83, 204,
212, 175, 45, 139, 173, 23, 135, 31, 175, 235, 133, 95, 135, 178, 114, 156, 31, 17, 10, 12, 246, 84, 98, 254, 189, 78, 216, 166, 203, 143, 103, 255, 253, 210, 254, 134, 38, 38, 118, 223,
67, 53, 53, 112, 145, 34, 20, 171, 149, 72, 241, 19, 57, 31, 122, 229, 251, 124, 68, 119, 14, 77, 180, 105, 15, 43, 55, 45, 43, 186, 39, 187, 180, 166, 228, 200, 53, 221, 69, 102,
204, 116, 36, 236, 137, 47, 135, 43, 66, 181, 227, 98, 60, 103, 211, 110, 235, 149, 197, 22, 186, 64, 53, 104, 137, 74, 122, 155, 181, 23, 224, 41, 118, 189, 255, 171, 139, 146, 242, 15,
221, 45, 45, 220, 202, 56, 250, 205, 230, 6, 73, 212, 109, 206, 175, 6, 80, 125, 224, 59, 172, 110, 141, 142, 194, 77, 93, 84, 77, 67, 240, 234, 254, 186, 154, 171, 10, 41, 50, 150,
18, 71, 142, 220, 8, 208, 135, 199, 179, 58, 32, 97, 59, 39, 184, 153, 198, 171, 169, 55, 189, 237, 54, 234, 87, 129, 94, 29, 43, 141, 79, 65, 246, 127, 71, 115, 164, 169, 150, 191,
178, 7, 220, 244, 237, 0, 83, 21, 6, 193, 76, 150, 240, 238, 101, 108, 206, 198, 230, 67, 171, 67, 67, 125, 228, 69, 210, 40, 108, 157, 77, 125, 100, 146, 3, 253, 170, 192, 0, 74,
208, 244, 243, 239, 10, 134, 66, 37, 133, 208, 90, 216, 59, 236, 157, 239, 20, 168, 41, 138, 117, 116, 82, 59, 208, 120, 133, 72, 50, 95, 77, 221, 160, 202, 25, 105, 239, 154, 161, 206,
107, 40, 219, 226, 60, 193, 178, 180, 253, 12, 158, 152, 172, 242, 55, 232, 157, 216, 68, 4, 134, 200, 232, 143, 117, 27, 206, 87, 135, 71, 205, 174, 178, 141, 33, 117, 191, 155, 241, 75,
186, 186, 35, 93, 19, 81, 215, 145, 124, 213, 147, 155, 161, 249, 139, 95, 202, 181, 123, 184, 39, 244, 225, 78, 187, 106, 139, 119, 45, 232, 83, 60, 48, 253, 170, 93, 11, 52, 148, 120,
167, 252, 15, 163, 74, 184, 172, 45, 211, 51, 227, 151, 183, 24, 45, 49, 61, 78, 76, 128, 117, 57, 55, 247, 233, 203, 71, 210, 149, 94, 191, 26, 254, 195, 248, 28, 157, 183, 98, 158,
44, 74, 9, 23, 242, 105, 86, 236, 213, 121, 236, 147, 155, 254, 80, 248, 178, 241, 168, 140, 15, 125, 124, 208, 73, 111, 60, 77, 189, 89, 44, 158, 232, 70, 244, 13, 55, 61, 113, 180,
146, 64, 20, 104, 6, 97, 160, 79, 42, 11, 28, 14, 18, 134, 2, 177, 173, 244, 162, 255, 18, 221, 69, 72, 200, 123, 36, 236, 137, 46, 242, 104, 115, 138, 247, 80, 15, 93, 202, 49,
142, 189, 188, 12, 201, 98, 58, 119, 137, 63, 94, 141, 190, 95, 209, 21, 45, 217, 243, 178, 183, 182, 157, 9, 145, 88, 120, 230, 182, 6, 194, 194, 233, 20, 90, 204, 11, 167, 239, 23,
67, 104, 144, 37, 246, 74, 146, 217, 220, 17, 123, 108, 8, 117, 248, 216, 165, 225, 182, 152, 58, 96, 82, 185, 54, 125, 138, 150, 119, 215, 208, 159, 179, 98, 49, 33, 56, 120, 166, 162,
224, 132, 169, 55, 176, 236, 45, 237, 99, 235, 112, 59, 113, 158, 54, 109, 255, 47, 60, 115, 179, 139, 150, 137, 249, 82, 128, 246, 148, 50, 119, 107, 53, 209, 105, 247, 252, 249, 73, 70,
172, 249, 196, 56, 205, 64, 65, 32, 231, 119, 228, 16, 37, 144, 66, 101, 61, 137, 12, 254, 156, 130, 112, 3, 244, 237, 243, 180, 22, 140, 82, 58, 165, 254, 65, 237, 16, 252, 163, 245,
112, 158, 28, 156, 47, 51, 15, 47, 150, 32, 230, 118, 50, 34, 38, 201, 255, 178, 100, 82, 169, 223, 149, 171, 67, 16, 212, 236, 14, 248, 206, 156, 195, 107, 134, 210, 206, 234, 61, 208,
137, 195, 1, 38, 134, 250, 147, 131, 117, 60, 141, 96, 173, 70, 205, 162, 131, 139, 124, 125, 203, 178, 255, 86, 224, 186, 117, 77, 21, 59, 231, 159, 74, 173, 169, 255, 174, 238, 144, 124,
242, 137, 65, 193, 60, 227, 211, 113, 248, 21, 134, 63, 16, 150, 23, 6, 51, 239, 200, 22, 33, 43, 148, 76, 167, 233, 3, 232, 26, 177, 163, 85, 254, 23, 148, 180, 183, 75, 34, 9,
109, 9, 33, 194, 2, 57, 55, 200, 138, 240, 71, 210, 200, 72, 191, 4, 184, 201, 133, 27, 183, 146, 15, 221, 51, 99, 73, 115, 163, 6, 97, 194, 139, 25, 210, 130, 173, 251, 117, 250,
206, 200, 213, 134, 27, 125, 102, 229, 42, 59, 35, 39, 190, 95, 112, 183, 194, 105, 253, 1, 25, 3, 71, 182, 172, 125, 72, 75, 51, 116, 189, 69, 20, 11, 75, 55, 124, 179, 38, 141,
215, 143, 228, 200, 26, 221, 69, 121, 160, 111, 34, 253, 235, 91, 131, 78, 52, 178, 241, 13, 113, 126, 183, 56, 146, 180, 184, 82, 136, 23, 29, 8, 152, 27, 120, 185, 148, 98, 224, 5,
118, 165, 193, 171, 130, 190, 149, 58, 162, 57, 81, 253, 138, 29, 221, 198, 251, 27, 75, 231, 7, 234, 213, 45, 81, 32, 141, 62, 240, 86, 161, 255, 240, 18, 88, 111, 73, 74, 219, 207,
165, 165, 163, 252, 17, 0, 46, 181, 18, 64, 182, 235, 61, 208, 135, 226, 179, 86, 32, 97, 46, 120, 189, 135, 211, 134, 150, 78, 178, 157, 8, 166, 104, 193, 75, 27, 62, 164, 80, 106,
228, 104, 71, 77, 153, 168, 150, 139, 249, 11, 128, 193, 179, 50, 119, 31, 35, 222, 1, 246, 252, 240, 80, 76, 213, 252, 247, 30, 205, 77, 69, 45, 227, 20, 198, 19, 40, 137, 114, 14,
65, 234, 18, 242, 140, 192, 0, 17, 208, 139, 243, 239, 15, 148, 45, 30, 191, 218, 36, 190, 30, 238, 215, 216, 106, 135, 75, 150, 23, 112, 15, 40, 208, 99, 156, 92, 39, 122, 50, 213,
195, 194, 34, 116, 183, 172, 182, 223, 113, 19, 251, 255, 44, 218, 224, 240, 221, 104, 187, 175, 135, 247, 38, 245, 129, 152, 2, 4, 155, 238, 252, 131, 124, 34, 251, 49, 167, 52, 146, 146,
202, 217, 64, 8, 172, 175, 196, 96, 218, 133, 35, 77, 18, 100, 198, 137, 55, 248, 232, 146, 144, 204, 245, 82, 199, 196, 2, 237, 16, 224, 245, 46, 184, 124, 135, 60, 22, 224, 9, 20,
18, 194, 193, 82, 10, 45, 213, 123, 164, 246, 15, 170, 56, 252, 145, 25, 251, 23, 151, 209, 144, 69, 18, 24, 61, 120, 33, 165, 62, 57, 55, 210, 247, 228, 1, 145, 200, 9, 142, 6,
184, 223, 136, 76, 232, 168, 16, 217, 11, 83, 10, 12, 156, 120, 94, 192, 140, 70, 244, 181, 204, 239, 126, 227, 220, 241, 222, 145, 27, 7, 103, 208, 108, 48, 108, 45, 247, 26, 8, 142,
232, 84, 205, 9, 14, 12, 125, 181, 137, 75, 24, 67, 106, 93, 175, 86, 22, 42, 75, 55, 30, 231, 22, 168, 129, 165, 161, 168, 12, 166, 76, 97, 236, 117, 53, 236, 240, 25, 136, 111,
53, 138, 246, 95, 7, 71, 231, 33, 245, 158, 162, 39, 146, 23, 29, 121, 253, 75, 126, 160, 135, 124, 224, 93, 48, 161, 255, 171, 176, 190, 242, 35, 213, 3, 123, 217, 185, 79, 240, 197,
250, 10, 126, 181, 102, 191, 176, 9, 79, 124, 144, 62, 176, 26, 180, 253, 142, 14, 99, 116, 41, 84, 163, 243, 157, 161, 188, 167, 11, 41, 22, 129, 29, 60, 182, 241, 19, 206, 135, 156,
139, 86, 2, 53, 39, 39, 205, 175, 200, 139, 149, 44, 158, 135, 49, 182, 99, 240, 112, 59, 20, 138, 79, 121, 147, 94, 0, 77, 178, 139, 226, 181, 189, 100, 248, 202, 181, 29, 109, 90,
106, 157, 72, 150, 150, 201, 112, 123, 176, 233, 205, 58, 136, 95, 68, 120, 231, 110, 249, 40, 109, 248, 98, 8, 72, 161, 41, 191, 139, 182, 124, 23, 241, 232, 220, 180, 49, 141, 82, 4,
157, 210, 67, 223, 43, 222, 157, 198, 44, 130, 35, 145, 50, 112, 29, 58, 173, 59, 156, 38, 77, 114, 34, 194, 227, 179, 102, 105, 239, 155, 156, 223, 64, 35, 216, 199, 12, 248, 176, 238,
209, 36, 162, 166, 141, 197, 58, 218, 224, 135, 68, 95, 143, 200, 232, 138, 8, 17, 193, 77, 163, 75, 203, 142, 130, 189, 71, 95, 167, 147, 210, 62, 232, 212, 34, 125, 55, 125, 188, 152,
74, 193, 183, 153, 188, 234, 242, 8, 146, 186, 113, 193, 72, 233, 236, 102, 134, 96, 130, 125, 52, 156, 42, 29, 54, 200, 201, 65, 35, 86, 213, 71, 167, 192, 37, 189, 6, 176, 163, 8,
254, 116, 129, 209, 172, 98, 13, 58, 53, 123, 46, 155, 37, 23, 55, 203, 199, 251, 70, 139, 138, 35, 191, 23, 141, 194, 248, 95, 237, 157, 114, 206, 60, 68, 119, 40, 183, 117, 92, 231,
208, 88, 198, 159, 154, 229, 5, 131, 185, 212, 222, 155, 16, 14, 87, 238, 83, 53, 18, 109, 129, 13, 43, 172, 157, 4, 253, 45, 14, 16, 37, 138, 252, 80, 39, 65, 26, 89, 175, 67,
33, 7, 0, 80, 54, 165, 11, 131, 215, 156, 228, 163, 53, 243, 69, 26, 251, 110, 56, 236, 182, 25, 133, 43, 46, 138, 232, 126, 60, 120, 241, 29, 210, 157, 152, 5, 139, 20, 25, 116,
137, 16, 30, 217, 182, 23, 210, 41, 112, 131, 232, 181, 246, 179, 143, 35, 130, 38, 99, 232, 202, 69, 197, 225, 217, 25, 90, 255, 9, 185, 181, 11, 80, 99, 246, 123, 244, 30, 136, 142,
200, 72, 7, 72, 7, 63, 204, 244, 165, 230, 197, 191, 59, 62, 5, 175, 113, 59, 182, 235, 0, 208, 135, 199, 179, 58, 32, 97, 59, 39, 184, 153, 198, 180, 128, 19, 169, 157, 125, 145,
99, 235, 84, 77, 46, 154, 93, 87, 206, 90, 51, 115, 213, 223, 150, 176, 178, 114, 231, 133, 142, 40, 15, 102, 34, 223, 119, 137, 134, 253, 118, 108, 206, 255, 228, 21, 180, 121, 109, 45,
160, 84, 250, 107, 109, 129, 53, 81, 77, 161, 28, 211, 247, 158, 11, 41, 246, 233, 230, 131, 6, 164, 124, 111, 152, 228, 33, 204, 44, 215, 208, 254, 20, 177, 75, 134, 33, 47, 80, 7,
163, 29, 183, 97, 41, 114, 18, 200, 239, 197, 31, 82, 168, 217, 149, 241, 52, 19, 216, 130, 15, 232, 206, 150, 253, 21, 129, 165, 198, 239, 22, 235, 157, 169, 105, 23, 190, 204, 205, 142,
117, 61, 253, 69, 179, 72, 202, 161, 169, 148, 124, 3, 167, 146, 224, 86, 249, 182, 117, 87, 13, 77, 205, 215, 124, 171, 246, 141, 235, 215, 245, 110, 226, 134, 64, 210, 60, 246, 213, 113,
224, 57, 128, 4, 10, 176, 60, 46, 34, 196, 201, 65, 28, 114, 207, 27, 181, 234, 7, 168, 55, 186, 149, 2, 211, 54, 132, 185, 183, 69, 47, 16, 53, 117, 67, 145, 33, 62, 81, 211,
149, 171, 71, 208, 149, 94, 183, 26, 253, 132, 248, 76, 174, 185, 77, 246, 48, 115, 78, 40, 179, 113, 22, 236, 175, 68, 161, 132, 183, 208, 126, 181, 220, 234, 222, 145, 38, 7, 103, 245,
83, 3, 44, 37, 157, 61, 41, 150, 211, 86, 253, 45, 48, 61, 109, 182, 166, 107, 27, 103, 52, 65, 175, 102, 12, 47, 76, 38, 34, 135, 39, 175, 170, 255, 131, 253, 21, 249, 39, 120,
230, 85, 41, 221, 236, 62, 175, 107, 74, 182, 237, 81, 39, 63, 211, 10, 192, 157, 191, 83, 189, 75, 101, 80, 160, 6, 30, 172, 158, 72, 200, 21, 40, 187, 195, 181, 180, 198, 213, 25,
213, 46, 120, 230, 182, 48, 246, 216, 164, 45, 35, 236, 12, 167, 239, 23, 67, 104, 144, 37, 246, 74, 146, 225, 142, 48, 97, 120, 85, 117, 252, 216, 224, 252, 188, 161, 105, 33, 14, 148,
29, 110, 174, 235, 61, 215, 165, 200, 129, 95, 27, 41, 71, 26, 198, 167, 197, 161, 162, 72, 146, 192, 7, 144, 98, 250, 94, 70, 1, 246, 97, 93, 193, 109, 44, 73, 164, 183, 151, 148,
134, 122, 231, 203, 148, 73, 74, 122, 2, 222, 124, 150, 146, 232, 105, 103, 162, 131, 239, 38, 153, 70, 67, 41, 220, 64, 210, 24, 23, 185, 115, 101, 68, 161, 118, 225, 174, 192, 0, 62,
150, 232, 243, 239, 49, 170, 66, 38, 251, 247, 16, 235, 6, 247, 215, 205, 34, 170, 50, 210, 54, 25, 85, 19, 149, 32, 165, 114, 19, 125, 46, 251, 197, 249, 25, 68, 169, 175, 148, 203,
52, 72, 169, 241, 46, 237, 171, 156, 210, 42, 199, 164, 206, 209, 2, 233, 162, 163, 73, 95, 154, 206, 232, 148, 31, 6, 207, 52, 149, 5, 157, 165, 178, 161, 103, 95, 203, 161, 134, 56,
232, 215, 84, 121, 16, 110, 197, 174, 74, 219, 239, 224, 166, 215, 245, 2, 230, 148, 64, 210, 74, 214, 213, 123, 224, 6, 128, 27, 14, 176, 60, 22, 42, 206, 201, 65, 119, 94, 190, 121,
181, 216, 7, 157, 57, 224, 167, 93, 207, 1, 151, 164, 185, 97, 54, 18, 50, 94, 77, 147, 107, 24, 55, 171, 234, 240, 59, 243, 135, 8, 146, 8, 132, 241, 201, 96, 165, 161, 93, 155,
3, 96, 8, 2, 133, 83, 11, 230, 212, 122, 212, 201, 191, 135, 5, 174, 164, 240, 167, 142, 62, 3, 109, 232, 83, 110, 44, 109, 190, 13, 116, 185, 157, 5, 243, 112, 61, 10, 86, 233,
188, 90, 23, 65, 20, 45, 214, 124, 55, 51, 75, 15, 8, 188, 87, 141, 215, 143, 228, 200, 26, 221, 69, 121, 204, 121, 36, 236, 157, 25, 133, 123, 124, 156, 252, 70, 114, 65, 177, 98,
237, 190, 160, 36, 145, 23, 29, 8, 170, 5, 26, 217, 140, 94, 243, 33, 39, 190, 254, 229, 240, 144, 242, 40, 161, 1, 88, 133, 168, 59, 205, 187, 194, 18, 83, 255, 39, 177, 234, 31,
111, 113, 184, 123, 171, 118, 253, 237, 194, 27, 86, 118, 29, 97, 220, 251, 250, 235, 176, 191, 20, 104, 22, 181, 18, 108, 182, 213, 55, 208, 141, 201, 189, 120, 32, 97, 46, 39, 184, 138,
198, 187, 169, 55, 185, 227, 45, 153, 99, 240, 45, 29, 37, 163, 84, 46, 246, 122, 16, 67, 150, 144, 183, 178, 178, 68, 135, 207, 139, 50, 109, 72, 40, 157, 125, 135, 173, 137, 99, 124,
214, 135, 237, 63, 134, 121, 108, 10, 185, 98, 216, 108, 104, 129, 53, 11, 77, 174, 30, 247, 151, 181, 119, 17, 208, 151, 243, 162, 15, 242, 122, 108, 179, 194, 73, 184, 23, 238, 215, 216,
106, 135, 75, 150, 23, 112, 15, 0, 163, 58, 236, 37, 51, 71, 6, 194, 242, 179, 61, 70, 244, 154, 130, 216, 107, 52, 242, 248, 32, 232, 176, 148, 150, 52, 134, 184, 135, 237, 54, 223,
161, 166, 4, 29, 154, 226, 198, 153, 34, 1, 204, 69, 131, 23, 205, 140, 144, 190, 95, 90, 199, 194, 241, 62, 189, 208, 35, 117, 18, 62, 229, 171, 115, 173, 174, 140, 143, 229, 245, 113,
226, 139, 64, 210, 23, 246, 213, 43, 224, 32, 128, 119, 107, 150, 30, 9, 40, 234, 200, 93, 20, 88, 174, 95, 169, 246, 97, 231, 23, 248, 130, 41, 211, 41, 181, 164, 244, 114, 125, 38,
50, 112, 99, 145, 29, 96, 67, 246, 146, 217, 71, 194, 154, 14, 135, 4, 175, 214, 133, 64, 184, 146, 74, 217, 23, 107, 96, 62, 183, 113, 22, 220, 212, 71, 212, 149, 151, 213, 90, 129,
227, 206, 249, 237, 23, 18, 103, 242, 67, 55, 14, 125, 149, 34, 34, 176, 211, 79, 223, 1, 8, 5, 122, 143, 156, 43, 94, 97, 26, 75, 140, 86, 22, 45, 75, 45, 55, 135, 45, 141,
150, 142, 180, 202, 13, 194, 3, 96, 252, 107, 36, 236, 235, 57, 133, 123, 46, 172, 232, 97, 21, 120, 241, 13, 211, 139, 191, 56, 213, 70, 21, 125, 170, 32, 120, 222, 138, 94, 145, 46,
34, 160, 221, 222, 244, 190, 207, 35, 213, 10, 79, 194, 154, 6, 225, 184, 209, 55, 35, 238, 105, 167, 231, 11, 51, 77, 144, 102, 172, 110, 173, 137, 220, 52, 2, 75, 9, 54, 224, 241,
250, 226, 184, 248, 20, 47, 46, 188, 54, 93, 138, 150, 49, 215, 208, 242, 179, 39, 48, 58, 18, 39, 134, 129, 227, 130, 187, 55, 185, 131, 3, 182, 73, 218, 126, 2, 51, 141, 43, 121,
147, 94, 71, 115, 198, 139, 150, 154, 249, 112, 128, 246, 187, 50, 21, 95, 53, 157, 76, 131, 157, 248, 28, 66, 150, 201, 236, 38, 175, 96, 65, 1, 254, 78, 246, 40, 20, 155, 116, 8,
72, 141, 14, 191, 247, 173, 124, 73, 236, 232, 217, 239, 56, 166, 81, 45, 140, 192, 53, 191, 13, 222, 149, 190, 1, 158, 75, 150, 47, 102, 15, 8, 163, 58, 156, 74, 7, 114, 34, 246,
197, 196, 38, 70, 231, 208, 174, 207, 84, 74, 236, 134, 60, 194, 180, 168, 205, 29, 199, 211, 177, 232, 58, 245, 162, 176, 69, 56, 150, 244, 195, 135, 51, 57, 235, 52, 169, 57, 195, 158,
213, 191, 123, 64, 182, 178, 135, 125, 216, 167, 96, 77, 111, 48, 198, 137, 66, 254, 169, 147, 167, 249, 169, 125, 246, 185, 76, 237, 20, 179, 255, 116, 134, 96, 130, 1, 51, 175, 33, 121,
54, 193, 186, 93, 49, 76, 167, 99, 182, 219, 51, 185, 19, 147, 176, 6, 254, 116, 151, 209, 174, 105, 18, 100, 61, 106, 33, 194, 12, 62, 61, 247, 255, 223, 70, 234, 134, 8, 178, 12,
142, 213, 210, 29, 144, 150, 29, 250, 55, 101, 114, 12, 239, 77, 82, 207, 211, 27, 210, 201, 200, 143, 70, 153, 242, 144, 250, 145, 109, 29, 103, 239, 83, 55, 44, 126, 241, 31, 8, 140,
157, 75, 205, 9, 17, 3, 125, 237, 172, 124, 69, 86, 14, 72, 175, 73, 55, 5, 46, 3, 50, 151, 39, 147, 175, 134, 148, 223, 54, 252, 53, 20, 248, 116, 36, 236, 182, 25, 133, 43,
46, 138, 232, 126, 60, 120, 241, 29, 210, 157, 152, 22, 169, 74, 58, 72, 155, 23, 30, 130, 154, 23, 204, 21, 106, 133, 255, 189, 235, 207, 254, 15, 221, 42, 45, 229, 132, 16, 251, 235,
232, 53, 35, 236, 21, 177, 239, 55, 67, 95, 144, 14, 128, 74, 146, 202, 225, 47, 123, 34, 82, 13, 180, 188, 235, 243, 170, 255, 103, 5, 68, 241, 101, 43, 149, 210, 3, 206, 211, 237,
140, 65, 13, 26, 9, 29, 162, 219, 217, 186, 187, 24, 237, 203, 10, 154, 107, 193, 40, 49, 49, 131, 83, 86, 138, 76, 18, 73, 199, 142, 189, 154, 172, 90, 252, 155, 154, 51, 126, 127,
38, 155, 106, 158, 138, 253, 103, 57, 142, 157, 210, 65, 168, 90, 103, 123, 188, 108, 169, 22, 14, 241, 99, 102, 80, 161, 8, 250, 147, 183, 35, 60, 149, 209, 195, 243, 45, 246, 85, 29,
177, 188, 23, 200, 112, 220, 213, 249, 13, 143, 86, 144, 23, 5, 51, 57, 189, 28, 236, 69, 10, 37, 61, 246, 223, 177, 33, 76, 240, 139, 179, 170, 97, 64, 205, 230, 33, 217, 182, 162,
228, 18, 153, 151, 207, 246, 57, 141, 161, 178, 7, 37, 184, 242, 233, 180, 12, 56, 252, 60, 140, 62, 239, 184, 135, 149, 32, 91, 185, 187, 231, 64, 243, 183, 41, 93, 24, 49, 253, 145,
85, 182, 172, 224, 151, 218, 131, 82, 215, 211, 103, 231, 59, 198, 247, 121, 184, 98, 169, 42, 21, 233, 49, 11, 63, 252, 171, 102, 53, 94, 137, 0, 143, 253, 31, 133, 9, 162, 134, 1,
242, 16, 168, 177, 152, 27, 5, 30, 112, 95, 109, 152, 22, 11, 102, 232, 209, 175, 22, 152, 147, 49, 152, 68, 166, 139, 224, 68, 169, 203, 72, 224, 18, 27, 75, 5, 149, 14, 11, 160,
136, 101, 207, 137, 155, 225, 110, 136, 187, 237, 253, 233, 7, 50, 99, 246, 103, 96, 42, 92, 179, 91, 113, 143, 221, 107, 243, 51, 28, 36, 94, 172, 140, 114, 56, 69, 48, 84, 207, 58,
36, 40, 51, 44, 16, 182, 81, 211, 208, 165, 155, 162, 70, 252, 46, 107, 232, 40, 53, 208, 235, 18, 135, 94, 110, 188, 246, 7, 9, 122, 224, 109, 205, 143, 186, 50, 136, 126, 51, 68,
158, 59, 120, 152, 233, 123, 194, 63, 117, 186, 207, 241, 144, 198, 208, 31, 166, 93, 115, 248, 143, 51, 242, 207, 228, 80, 126, 181, 102, 210, 239, 48, 86, 118, 158, 56, 180, 91, 179, 252,
157, 11, 69, 52, 15, 81, 217, 242, 186, 154, 128, 252, 58, 14, 6, 181, 40, 71, 177, 252, 32, 199, 170, 253, 191, 79, 99, 53, 15, 58, 172, 180, 217, 242, 168, 49, 137, 156, 39, 153,
79, 193, 93, 30, 48, 157, 74, 73, 233, 84, 18, 19, 166, 222, 251, 196, 156, 86, 212, 203, 138, 33, 98, 121, 125, 154, 13, 137, 157, 220, 92, 36, 167, 157, 228, 36, 187, 125, 70, 22,
250, 109, 252, 55, 46, 161, 51, 123, 87, 188, 96, 199, 244, 216, 40, 44, 192, 255, 195, 132, 25, 166, 64, 30, 242, 216, 4, 228, 112, 220, 161, 191, 17, 143, 86, 171, 41, 9, 32, 83,
164, 116, 141, 88, 50, 115, 39, 156, 202, 177, 96, 116, 230, 190, 143, 246, 97, 64, 251, 131, 113, 213, 220, 175, 236, 18, 162, 184, 179, 255, 28, 234, 142, 152, 104, 59, 174, 142, 199, 139,
23, 38, 246, 64, 139, 28, 200, 157, 211, 153, 36, 117, 142, 187, 193, 86, 237, 149, 66, 104, 6, 60, 237, 174, 87, 219, 246, 129, 168, 246, 163, 90, 228, 173, 124, 240, 73, 190, 247, 81,
175, 98, 200, 31, 110, 232, 82, 123, 54, 240, 186, 66, 1, 88, 212, 0, 176, 251, 0, 186, 15, 174, 194, 26, 237, 43, 180, 145, 150, 95, 5, 29, 127, 22, 127, 178, 107, 11, 53, 238,
237, 218, 90, 212, 191, 49, 132, 76, 248, 210, 195, 107, 176, 203, 109, 225, 41, 94, 75, 14, 178, 94, 125, 225, 211, 3, 167, 200, 144, 197, 114, 186, 202, 145, 235, 169, 110, 63, 105, 138,
80, 55, 43, 92, 235, 1, 34, 130, 206, 88, 204, 55, 59, 46, 67, 182, 156, 75, 27, 98, 47, 122, 167, 79, 13, 35, 27, 51, 0, 182, 14, 141, 172, 165, 154, 192, 59, 220, 22, 26,
201, 49, 2, 213, 173, 42, 162, 46, 70, 200, 193, 80, 14, 62, 209, 28, 223, 169, 167, 34, 143, 109, 7, 83, 132, 34, 121, 155, 167, 104, 220, 8, 22, 168, 129, 208, 244, 206, 206, 37,
173, 35, 103, 210, 199, 58, 252, 249, 195, 53, 95, 216, 30, 252, 245, 49, 105, 93, 154, 26, 130, 110, 142, 210, 210, 78, 77, 74, 25, 76, 223, 216, 141, 162, 181, 158, 50, 30, 21, 249,
22, 74, 179, 245, 33, 237, 161, 155, 176, 71, 4, 52, 40, 98, 166, 223, 233, 172, 225, 48, 167, 224, 32, 179, 113, 204, 40, 36, 52, 131, 98, 86, 221, 100, 60, 70, 181, 142, 145, 154,
255, 122, 128, 230, 166, 19, 28, 92, 12, 157, 93, 182, 148, 199, 99, 73, 182, 198, 226, 69, 181, 6, 103, 1, 222, 86, 222, 51, 44, 145, 72, 95, 84, 131, 16, 210, 168, 172, 125, 47,
149, 211, 211, 185, 11, 130, 127, 104, 173, 188, 7, 223, 53, 160, 210, 221, 13, 140, 13, 211, 11, 25, 83, 61, 213, 35, 158, 65, 71, 80, 55, 213, 210, 217, 53, 106, 182, 163, 243, 216,
84, 42, 213, 224, 51, 201, 253, 130, 228, 26, 191, 136, 168, 246, 36, 215, 140, 178, 122, 62, 186, 220, 202, 143, 113, 62, 235, 80, 177, 7, 222, 224, 173, 153, 127, 5, 142, 187, 195, 52,
252, 155, 88, 113, 27, 97, 181, 154, 98, 173, 156, 186, 168, 255, 130, 13, 233, 186, 111, 207, 18, 197, 225, 46, 170, 98, 169, 5, 21, 233, 46, 11, 50, 252, 171, 114, 3, 92, 211, 108,
147, 253, 126, 168, 9, 160, 133, 84, 201, 46, 168, 139, 232, 30, 48, 107, 79, 22, 108, 158, 107, 11, 65, 168, 241, 218, 90, 239, 147, 49, 144, 68, 138, 139, 224, 84, 169, 203, 67, 148,
36, 27, 120, 54, 146, 89, 94, 190, 220, 122, 195, 150, 183, 225, 120, 255, 220, 147, 211, 149, 110, 44, 67, 215, 104, 0, 104, 99, 240, 91, 48, 201, 223, 76, 222, 46, 43, 118, 120, 144,
134, 95, 40, 121, 60, 112, 131, 77, 17, 34, 44, 5, 32, 235, 13, 153, 167, 181, 155, 167, 76, 252, 33, 95, 199, 123, 53, 247, 134, 18, 176, 102, 61, 176, 238, 109, 55, 74, 177, 61,
223, 159, 190, 57, 136, 75, 12, 95, 132, 64, 120, 160, 167, 123, 192, 0, 22, 143, 223, 192, 243, 186, 204, 100, 146, 71, 124, 222, 209, 51, 133, 249, 195, 37, 62, 234, 30, 222, 236, 68,
53, 33, 239, 18, 178, 28, 151, 148, 252, 58, 71, 110, 15, 108, 192, 242, 154, 177, 128, 138, 59, 14, 1, 227, 22, 94, 203, 231, 117, 206, 137, 154, 143, 77, 99, 27, 25, 29, 185, 180,
191, 140, 158, 58, 234, 218, 15, 182, 117, 208, 115, 45, 52, 131, 71, 35, 223, 100, 60, 71, 186, 142, 190, 154, 130, 90, 254, 254, 154, 51, 70, 26, 13, 220, 106, 151, 190, 220, 73, 70,
130, 255, 196, 30, 168, 97, 69, 63, 227, 96, 213, 4, 10, 185, 55, 8, 116, 182, 33, 249, 140, 137, 20, 52, 246, 242, 230, 235, 63, 163, 33, 115, 179, 184, 90, 189, 54, 160, 129, 216,
17, 140, 13, 151, 16, 25, 61, 61, 164, 0, 163, 122, 47, 80, 54, 234, 210, 242, 41, 15, 172, 163, 157, 216, 67, 18, 221, 193, 34, 201, 247, 157, 246, 47, 191, 145, 171, 213, 16, 213,
161, 170, 124, 39, 150, 220, 214, 213, 23, 5, 235, 113, 146, 5, 145, 143, 175, 143, 86, 114, 142, 187, 210, 65, 243, 155, 88, 120, 20, 97, 193, 154, 49, 240, 148, 141, 129, 228, 181, 104,
195, 186, 102, 237, 70, 197, 163, 109, 243, 0, 158, 5, 106, 146, 34, 33, 46, 188, 193, 77, 6, 83, 189, 0, 135, 233, 0, 132, 57, 162, 178, 95, 216, 117, 167, 186, 233, 105, 12, 15,
118, 95, 127, 188, 48, 11, 66, 217, 142, 218, 90, 209, 191, 49, 236, 68, 152, 139, 135, 102, 169, 203, 112, 131, 18, 26, 18, 60, 137, 112, 105, 229, 148, 101, 228, 194, 155, 225, 86, 181,
230, 237, 253, 173, 110, 25, 51, 210, 42, 20, 43, 34, 136, 60, 11, 130, 149, 84, 134, 51, 59, 5, 71, 174, 142, 102, 68, 96, 47, 33, 147, 60, 23, 51, 24, 20, 8, 184, 50, 140,
161, 165, 128, 249, 59, 239, 65, 106, 230, 74, 2, 243, 179, 42, 177, 46, 100, 200, 193, 127, 14, 62, 206, 28, 210, 169, 180, 54, 152, 23, 3, 76, 187, 2, 65, 218, 144, 104, 252, 34,
12, 188, 139, 226, 171, 208, 240, 40, 174, 67, 121, 245, 142, 15, 225, 250, 190, 12, 91, 172, 112, 188, 179, 68, 68, 83, 136, 28, 235, 86, 165, 233, 145, 55, 3, 101, 54, 97, 208, 201,
174, 161, 158, 249, 25, 42, 53, 164, 22, 58, 149, 235, 124, 245, 144, 221, 140, 65, 13, 26, 77, 29, 205, 139, 236, 244, 168, 73, 236, 145, 19, 184, 100, 192, 54, 29, 61, 255, 126, 65,
242, 112, 38, 103, 183, 146, 178, 137, 172, 90, 252, 155, 154, 51, 126, 127, 38, 155, 106, 158, 138, 253, 103, 114, 181, 156, 190, 58, 144, 118, 13, 33, 254, 90, 169, 38, 106, 155, 87, 79,
77, 170, 12, 210, 163, 154, 5, 45, 230, 243, 223, 165, 59, 190, 123, 58, 128, 203, 71, 254, 24, 232, 208, 223, 41, 255, 24, 143, 14, 59, 12, 83, 170, 116, 143, 99, 22, 56, 27, 235,
191, 226, 2, 113, 176, 159, 189, 179, 71, 50, 245, 206, 20, 229, 240, 138, 192, 104, 179, 149, 207, 221, 57, 151, 159, 167, 86, 20, 145, 239, 246, 221, 14, 51, 204, 126, 240, 19, 150, 134,
221, 129, 69, 71, 150, 167, 155, 64, 202, 155, 67, 73, 42, 69, 243, 137, 76, 240, 150, 132, 129, 228, 166, 13, 231, 206, 102, 184, 18, 197, 242, 101, 143, 99, 135, 120, 49, 153, 49, 103,
46, 199, 170, 101, 49, 113, 168, 0, 143, 249, 31, 186, 9, 226, 179, 27, 230, 117, 167, 166, 232, 103, 42, 58, 87, 1, 72, 147, 119, 40, 71, 221, 150, 221, 24, 200, 147, 4, 152, 63,
166, 133, 254, 68, 152, 203, 106, 232, 11, 111, 107, 60, 253, 84, 71, 205, 147, 101, 207, 137, 155, 225, 110, 136, 187, 237, 253, 169, 38, 63, 105, 137, 115, 104, 8, 68, 166, 14, 55, 184,
252, 14, 251, 26, 57, 46, 85, 184, 169, 102, 43, 116, 112, 72, 163, 126, 12, 45, 62, 48, 1, 148, 28, 163, 137, 138, 225, 168, 18, 174, 24, 96, 204, 78, 2, 142, 189, 42, 147, 42,
74, 142, 246, 88, 14, 62, 224, 24, 221, 169, 167, 54, 175, 102, 3, 23, 132, 2, 2, 150, 189, 115, 226, 52, 41, 132, 192, 211, 165, 143, 200, 27, 171, 54, 62, 202, 201, 13, 222, 200,
237, 37, 86, 209, 52, 185, 200, 48, 48, 74, 171, 4, 172, 29, 160, 217, 226, 58, 71, 83, 48, 108, 242, 165, 252, 129, 148, 189, 25, 28, 79, 174, 39, 65, 177, 150, 45, 206, 172, 193,
170, 109, 55, 22, 81, 37, 141, 159, 250, 169, 226, 15, 138, 216, 23, 229, 86, 247, 125, 91, 8, 191, 64, 85, 157, 112, 60, 79, 209, 142, 130, 171, 190, 81, 213, 203, 138, 59, 117, 102,
11, 205, 123, 137, 168, 144, 81, 56, 172, 197, 205, 59, 134, 6, 27, 103, 197, 90, 252, 24, 116, 138, 66, 74, 118, 168, 19, 236, 179, 154, 2, 12, 228, 209, 195, 151, 78, 246, 77, 61,
137, 167, 6, 216, 48, 170, 161, 212, 113, 161, 72, 134, 11, 53, 12, 12, 211, 13, 224, 124, 38, 36, 18, 148, 231, 250, 103, 104, 238, 137, 177, 173, 105, 77, 251, 132, 46, 201, 177, 182,
239, 18, 187, 143, 179, 226, 35, 141, 158, 216, 96, 91, 184, 136, 198, 173, 119, 2, 246, 64, 139, 28, 200, 157, 211, 153, 36, 117, 142, 187, 193, 65, 227, 155, 118, 89, 12, 97, 204, 197,
76, 243, 175, 144, 247, 215, 128, 85, 211, 215, 100, 250, 18, 182, 204, 75, 140, 22, 149, 57, 18, 177, 48, 37, 39, 252, 182, 15, 55, 70, 180, 83, 170, 199, 28, 158, 6, 148, 141, 63,
224, 55, 183, 132, 244, 76, 53, 15, 52, 22, 111, 160, 18, 12, 115, 173, 210, 170, 1, 197, 164, 54, 153, 18, 152, 212, 250, 122, 236, 203, 64, 202, 32, 27, 65, 22, 146, 116, 101, 207,
170, 64, 217, 168, 141, 241, 68, 149, 230, 210, 219, 145, 109, 58, 108, 204, 100, 24, 111, 95, 163, 37, 9, 163, 145, 115, 250, 14, 43, 36, 64, 138, 145, 75, 8, 111, 13, 126, 135, 52,
61, 60, 18, 2, 115, 173, 0, 223, 140, 250, 231, 217, 6, 206, 22, 66, 195, 49, 54, 236, 143, 41, 165, 46, 124, 214, 223, 101, 15, 110, 224, 43, 223, 153, 167, 84, 142, 116, 24, 123,
250, 11, 67, 191, 178, 65, 202, 27, 40, 164, 232, 242, 133, 186, 224, 50, 157, 84, 62, 229, 186, 51, 252, 200, 250, 37, 101, 250, 52, 206, 211, 42, 100, 113, 186, 44, 160, 104, 134, 237,
252, 8, 77, 49, 8, 76, 205, 196, 166, 154, 171, 183, 58, 14, 62, 136, 117, 71, 149, 147, 3, 206, 131, 154, 150, 61, 13, 59, 81, 102, 158, 187, 191, 183, 226, 8, 168, 195, 14, 137,
46, 247, 32, 60, 3, 131, 77, 52, 221, 120, 60, 70, 140, 142, 146, 136, 130, 65, 193, 212, 138, 30, 23, 110, 53, 252, 13, 150, 138, 207, 83, 83, 213, 250, 161, 57, 180, 6, 80, 15,
243, 86, 195, 8, 14, 137, 83, 23, 74, 168, 12, 236, 181, 155, 46, 33, 203, 132, 208, 146, 74, 136, 77, 30, 153, 220, 26, 237, 13, 220, 149, 251, 49, 184, 82, 215, 114, 116, 2, 57,
208, 30, 156, 82, 49, 89, 16, 206, 204, 197, 126, 86, 172, 169, 141, 214, 116, 11, 170, 205, 1, 164, 175, 129, 233, 52, 160, 150, 146, 255, 0, 141, 132, 146, 88, 10, 184, 128, 235, 223,
49, 31, 139, 116, 174, 8, 199, 162, 220, 162, 113, 5, 166, 147, 195, 52, 252, 155, 88, 113, 27, 97, 181, 154, 87, 240, 150, 145, 129, 228, 181, 126, 149, 173, 86, 241, 4, 232, 224, 120,
128, 99, 160, 29, 23, 141, 50, 11, 50, 248, 171, 114, 51, 124, 145, 100, 141, 255, 37, 145, 58, 184, 198, 11, 239, 117, 134, 150, 141, 78, 53, 61, 92, 115, 46, 158, 119, 125, 75, 176,
204, 232, 24, 209, 198, 76, 163, 50, 168, 225, 199, 84, 174, 160, 69, 224, 28, 69, 75, 114, 174, 126, 112, 193, 180, 27, 186, 190, 148, 142, 108, 136, 243, 209, 163, 245, 24, 25, 83, 141,
80, 24, 8, 113, 163, 37, 107, 172, 247, 115, 250, 14, 14, 40, 64, 182, 250, 75, 64, 59, 18, 95, 156, 125, 114, 15, 73, 79, 113, 135, 41, 220, 202, 250, 183, 215, 43, 210, 91, 124,
224, 49, 18, 220, 145, 1, 162, 91, 49, 137, 222, 13, 18, 98, 234, 26, 211, 152, 180, 88, 184, 106, 23, 100, 158, 4, 100, 187, 147, 93, 254, 3, 54, 156, 225, 245, 170, 165, 237, 40,
181, 10, 118, 247, 136, 2, 141, 225, 249, 55, 58, 233, 60, 225, 241, 31, 116, 76, 239, 18, 178, 28, 151, 148, 201, 78, 71, 54, 81, 108, 236, 218, 154, 154, 183, 186, 21, 14, 12, 174,
33, 112, 206, 211, 9, 237, 156, 229, 147, 68, 30, 21, 47, 51, 178, 135, 236, 175, 131, 47, 172, 210, 42, 152, 107, 202, 45, 17, 60, 167, 80, 77, 210, 87, 32, 66, 168, 141, 226, 202,
153, 96, 254, 156, 135, 58, 76, 109, 60, 243, 78, 130, 128, 239, 82, 92, 129, 200, 242, 71, 164, 68, 125, 116, 234, 86, 222, 103, 107, 164, 114, 87, 118, 129, 53, 238, 175, 215, 12, 77,
196, 237, 253, 175, 78, 246, 32, 29, 163, 188, 4, 244, 112, 220, 141, 191, 49, 143, 86, 144, 10, 19, 92, 37, 221, 22, 132, 65, 76, 110, 12, 226, 196, 176, 96, 83, 157, 195, 135, 246,
106, 48, 168, 251, 113, 213, 171, 149, 195, 41, 189, 154, 206, 226, 23, 237, 190, 152, 96, 2, 135, 242, 150, 187, 20, 90, 193, 43, 139, 28, 237, 157, 191, 153, 36, 96, 142, 187, 210, 65,
243, 155, 88, 121, 106, 62, 194, 178, 119, 235, 176, 183, 145, 151, 241, 112, 210, 184, 102, 237, 70, 197, 225, 91, 172, 35, 182, 45, 9, 181, 34, 31, 47, 236, 184, 77, 54, 94, 189, 115,
170, 248, 96, 168, 10, 173, 165, 3, 201, 37, 164, 153, 154, 105, 10, 29, 114, 94, 127, 142, 35, 120, 49, 201, 212, 201, 68, 231, 183, 17, 150, 50, 146, 233, 235, 119, 169, 168, 112, 131,
34, 80, 8, 23, 235, 114, 79, 218, 171, 122, 193, 130, 183, 225, 86, 181, 230, 237, 253, 173, 110, 25, 51, 141, 118, 24, 111, 112, 150, 60, 1, 188, 138, 79, 240, 114, 20, 21, 115, 137,
130, 112, 20, 91, 19, 75, 160, 64, 50, 124, 48, 20, 41, 230, 22, 140, 171, 171, 231, 254, 12, 165, 17, 29, 228, 49, 97, 241, 134, 26, 179, 111, 102, 152, 252, 0, 117, 100, 201, 50,
226, 169, 167, 9, 143, 102, 99, 23, 184, 2, 123, 150, 168, 77, 226, 27, 22, 174, 220, 199, 131, 181, 208, 10, 159, 58, 109, 230, 145, 69, 204, 218, 226, 19, 62, 237, 42, 222, 203, 16,
110, 111, 150, 32, 136, 4, 242, 250, 192, 21, 116, 111, 79, 95, 254, 219, 168, 187, 171, 138, 21, 14, 60, 158, 0, 113, 168, 139, 38, 173, 140, 237, 128, 77, 36, 34, 25, 1, 151, 139,
217, 140, 158, 58, 144, 203, 40, 138, 51, 204, 40, 49, 52, 131, 113, 65, 211, 69, 30, 18, 187, 149, 153, 178, 251, 107, 243, 227, 165, 51, 21, 101, 7, 156, 123, 180, 156, 252, 104, 68,
160, 250, 165, 95, 167, 111, 13, 15, 209, 86, 216, 28, 15, 133, 105, 76, 108, 147, 44, 228, 247, 154, 38, 72, 200, 239, 204, 177, 16, 183, 93, 30, 242, 201, 60, 201, 104, 203, 163, 251,
13, 254, 86, 144, 16, 54, 51, 83, 213, 6, 227, 65, 41, 83, 46, 200, 249, 177, 35, 8, 240, 131, 188, 218, 84, 48, 232, 250, 33, 217, 182, 162, 228, 111, 162, 149, 180, 198, 29, 217,
175, 197, 94, 61, 169, 242, 139, 156, 17, 49, 139, 86, 183, 7, 231, 163, 139, 170, 127, 73, 168, 130, 236, 75, 198, 128, 100, 122, 51, 77, 176, 211, 115, 204, 225, 165, 156, 227, 172, 122,
245, 181, 102, 184, 18, 197, 242, 46, 136, 98, 169, 42, 21, 233, 49, 11, 63, 252, 184, 16, 34, 47, 131, 91, 140, 253, 37, 134, 49, 135, 155, 34, 217, 11, 180, 135, 185, 88, 112, 15,
87, 22, 46, 189, 52, 24, 78, 237, 242, 198, 94, 247, 164, 32, 151, 48, 166, 249, 224, 123, 236, 186, 72, 224, 18, 27, 75, 47, 253, 84, 71, 205, 147, 101, 207, 137, 155, 225, 98, 130,
184, 250, 197, 171, 108, 25, 105, 250, 117, 20, 1, 127, 172, 11, 50, 140, 237, 121, 134, 15, 49, 41, 93, 229, 136, 100, 72, 70, 5, 74, 163, 84, 28, 13, 24, 51, 16, 182, 87, 158,
209, 253, 228, 217, 46, 223, 32, 88, 242, 49, 2, 142, 145, 42, 179, 46, 61, 200, 246, 88, 14, 62, 224, 24, 221, 238, 193, 14, 184, 82, 28, 76, 156, 11, 116, 190, 155, 15, 245, 95,
40, 190, 243, 213, 244, 150, 205, 36, 128, 35, 76, 255, 199, 1, 128, 245, 223, 53, 73, 206, 28, 208, 188, 18, 53, 79, 146, 5, 141, 98, 239, 243, 201, 45, 77, 110, 39, 87, 231, 208,
158, 157, 189, 154, 116, 9, 42, 132, 36, 96, 203, 227, 117, 206, 211, 154, 150, 77, 99, 52, 25, 29, 187, 180, 236, 140, 158, 7, 182, 199, 13, 182, 79, 225, 115, 16, 9, 169, 83, 111,
151, 84, 20, 25, 141, 132, 237, 203, 189, 65, 233, 203, 138, 33, 22, 66, 114, 155, 90, 189, 168, 207, 81, 83, 132, 193, 166, 72, 134, 6, 126, 11, 252, 86, 195, 55, 46, 137, 51, 23,
118, 168, 19, 236, 172, 164, 32, 53, 147, 136, 135, 183, 38, 145, 65, 38, 138, 197, 9, 224, 116, 236, 181, 212, 14, 143, 47, 157, 116, 61, 83, 12, 211, 47, 224, 73, 44, 97, 69, 226,
232, 198, 122, 111, 177, 161, 140, 246, 64, 48, 175, 140, 33, 187, 183, 149, 196, 8, 189, 144, 156, 195, 27, 250, 165, 203, 105, 87, 231, 202, 143, 153, 125, 38, 211, 108, 183, 25, 222, 129,
164, 150, 44, 118, 150, 199, 197, 125, 230, 212, 124, 70, 23, 102, 178, 155, 70, 250, 148, 225, 134, 228, 242, 80, 196, 179, 102, 218, 28, 197, 164, 46, 159, 36, 197, 60, 21, 233, 93, 15,
45, 252, 171, 16, 21, 94, 131, 0, 176, 253, 0, 159, 15, 147, 174, 52, 237, 119, 137, 143, 238, 124, 22, 12, 78, 18, 114, 158, 30, 42, 103, 172, 192, 239, 50, 228, 180, 86, 154, 56,
147, 241, 231, 74, 135, 141, 104, 249, 55, 27, 75, 114, 235, 84, 92, 205, 180, 101, 228, 190, 155, 225, 6, 181, 202, 237, 253, 169, 110, 25, 99, 250, 60, 58, 96, 119, 163, 91, 9, 201,
231, 104, 195, 52, 43, 55, 64, 181, 143, 105, 52, 76, 109, 40, 148, 120, 38, 16, 18, 51, 124, 170, 14, 141, 172, 165, 154, 192, 59, 220, 22, 26, 201, 49, 2, 134, 179, 42, 162, 46,
70, 200, 193, 81, 45, 63, 193, 40, 223, 173, 167, 3, 143, 96, 108, 83, 161, 39, 123, 187, 156, 80, 202, 27, 48, 132, 138, 175, 244, 188, 144, 24, 141, 37, 66, 242, 204, 51, 196, 203,
188, 18, 58, 201, 5, 163, 199, 46, 55, 75, 137, 58, 137, 74, 243, 245, 205, 51, 4, 83, 72, 108, 216, 242, 189, 128, 159, 190, 51, 26, 55, 128, 117, 71, 149, 147, 3, 206, 131, 154,
170, 77, 4, 60, 25, 29, 141, 187, 194, 140, 158, 7, 172, 228, 41, 181, 112, 220, 54, 14, 52, 228, 98, 92, 221, 109, 55, 85, 181, 171, 145, 155, 185, 7, 216, 207, 140, 77, 96, 77,
40, 237, 90, 128, 172, 233, 78, 105, 221, 157, 250, 28, 180, 6, 80, 15, 243, 86, 195, 8, 14, 137, 83, 23, 74, 168, 12, 192, 172, 151, 17, 35, 144, 229, 237, 180, 4, 232, 92, 15,
172, 188, 22, 198, 55, 226, 142, 249, 2, 143, 52, 169, 40, 19, 38, 37, 181, 8, 188, 64, 28, 66, 45, 225, 197, 239, 35, 127, 240, 178, 151, 202, 103, 75, 232, 134, 33, 217, 230, 162,
200, 18, 153, 147, 207, 246, 99, 141, 184, 178, 7, 10, 184, 242, 235, 149, 106, 49, 252, 109, 140, 20, 199, 142, 220, 168, 113, 5, 142, 220, 195, 79, 252, 146, 83, 68, 43, 97, 195, 139,
98, 212, 150, 145, 134, 228, 189, 13, 214, 138, 88, 202, 12, 197, 225, 46, 170, 98, 169, 5, 21, 233, 46, 11, 50, 252, 171, 77, 53, 94, 211, 0, 150, 253, 60, 131, 28, 156, 144, 34,
193, 52, 228, 150, 152, 126, 29, 15, 76, 22, 113, 165, 28, 42, 110, 237, 231, 200, 56, 210, 156, 43, 188, 43, 168, 241, 232, 102, 146, 173, 69, 224, 4, 96, 75, 14, 253, 84, 111, 205,
163, 101, 207, 180, 155, 225, 69, 136, 216, 237, 253, 168, 24, 25, 83, 210, 85, 20, 60, 37, 252, 31, 116, 157, 195, 77, 209, 119, 38, 4, 120, 174, 175, 102, 71, 103, 47, 113, 145, 39,
52, 49, 43, 87, 15, 177, 2, 158, 130, 165, 152, 165, 59, 220, 46, 127, 232, 49, 2, 228, 145, 42, 135, 47, 105, 146, 173, 86, 60, 62, 189, 24, 205, 169, 167, 84, 175, 102, 51, 23,
185, 4, 100, 168, 184, 73, 139, 21, 1, 198, 236, 203, 143, 182, 156, 2, 209, 67, 62, 195, 145, 28, 253, 200, 241, 37, 33, 230, 11, 237, 182, 16, 73, 33, 147, 98, 169, 28, 160, 249,
146, 38, 101, 102, 71, 108, 230, 232, 156, 135, 154, 139, 109, 34, 86, 149, 40, 80, 149, 245, 3, 239, 215, 147, 170, 85, 4, 63, 74, 20, 186, 128, 242, 236, 130, 23, 144, 208, 16, 138,
84, 250, 47, 91, 45, 255, 92, 114, 209, 127, 0, 71, 139, 149, 140, 174, 138, 65, 244, 154, 181, 61, 70, 66, 13, 222, 122, 162, 175, 137, 109, 125, 178, 229, 241, 26, 155, 64, 97, 11,
241, 86, 195, 28, 46, 137, 105, 23, 80, 170, 41, 210, 181, 161, 43, 44, 202, 209, 208, 176, 77, 145, 32, 31, 189, 227, 9, 215, 116, 224, 213, 253, 54, 162, 72, 182, 22, 21, 5, 91,
131, 122, 176, 70, 49, 89, 48, 229, 227, 247, 96, 109, 177, 178, 165, 246, 124, 26, 195, 236, 2, 187, 235, 175, 151, 46, 153, 215, 185, 246, 51, 141, 132, 178, 96, 2, 184, 242, 221, 187,
12, 38, 252, 54, 163, 25, 247, 250, 215, 153, 124, 4, 156, 181, 213, 57, 241, 149, 122, 105, 20, 91, 193, 155, 86, 160, 182, 132, 241, 157, 156, 67, 194, 201, 1, 194, 41, 229, 195, 70,
243, 0, 158, 30, 62, 238, 14, 4, 7, 236, 184, 78, 47, 94, 189, 93, 150, 226, 30, 148, 25, 164, 156, 58, 229, 55, 134, 191, 181, 102, 33, 31, 53, 83, 67, 131, 43, 61, 84, 218,
208, 218, 76, 194, 173, 76, 178, 46, 157, 248, 211, 126, 155, 141, 116, 131, 11, 69, 75, 124, 163, 69, 84, 238, 206, 95, 209, 201, 151, 206, 103, 249, 217, 146, 196, 136, 10, 9, 54, 205,
54, 24, 3, 94, 150, 57, 118, 163, 194, 68, 250, 36, 54, 23, 123, 234, 154, 37, 4, 61, 5, 43, 157, 96, 125, 0, 27, 60, 0, 182, 85, 141, 183, 165, 154, 213, 59, 220, 70, 26,
237, 49, 2, 228, 158, 10, 179, 81, 86, 184, 193, 88, 1, 63, 244, 3, 255, 177, 197, 86, 201, 31, 26, 19, 248, 2, 26, 165, 183, 111, 145, 34, 12, 217, 232, 226, 171, 181, 236, 27,
188, 35, 109, 194, 172, 51, 135, 203, 195, 7, 75, 209, 50, 239, 192, 63, 68, 47, 140, 50, 169, 109, 141, 247, 252, 78, 71, 74, 71, 108, 223, 218, 141, 154, 171, 138, 58, 14, 86, 161,
7, 93, 129, 227, 38, 247, 140, 128, 173, 95, 13, 35, 44, 58, 174, 129, 217, 148, 158, 48, 232, 233, 60, 184, 68, 247, 54, 6, 9, 159, 115, 121, 194, 127, 24, 81, 155, 164, 236, 155,
243, 116, 211, 155, 230, 60, 70, 79, 19, 240, 0, 137, 131, 135, 79, 57, 132, 194, 216, 21, 180, 116, 13, 116, 255, 20, 216, 51, 12, 137, 99, 23, 80, 168, 12, 197, 179, 154, 18, 8,
149, 209, 195, 243, 63, 138, 119, 63, 158, 217, 73, 203, 40, 236, 168, 219, 124, 161, 51, 135, 47, 110, 12, 40, 161, 116, 167, 41, 7, 125, 23, 158, 241, 200, 96, 115, 172, 195, 177, 245,
100, 32, 170, 227, 112, 223, 242, 173, 147, 40, 187, 215, 154, 208, 29, 137, 152, 163, 67, 38, 189, 147, 212, 163, 4, 29, 246, 64, 129, 44, 240, 157, 210, 153, 83, 100, 185, 135, 133, 116,
186, 155, 88, 121, 27, 97, 238, 154, 76, 240, 150, 132, 129, 228, 166, 13, 198, 184, 82, 206, 59, 228, 255, 46, 243, 61, 155, 31, 15, 146, 87, 35, 22, 194, 210, 125, 34, 47, 168, 4,
177, 193, 122, 229, 15, 224, 154, 4, 254, 46, 151, 205, 152, 90, 37, 36, 118, 86, 97, 167, 3, 13, 53, 237, 195, 202, 68, 199, 185, 49, 150, 48, 251, 233, 233, 120, 147, 179, 78, 254,
1, 120, 87, 40, 170, 118, 104, 190, 183, 105, 247, 129, 132, 209, 70, 251, 236, 212, 217, 169, 48, 120, 82, 214, 74, 24, 8, 120, 163, 37, 61, 172, 236, 115, 250, 57, 49, 36, 93, 181,
136, 103, 39, 71, 19, 127, 143, 122, 21, 5, 20, 83, 37, 235, 33, 167, 159, 165, 250, 251, 47, 255, 13, 84, 230, 72, 19, 223, 135, 10, 143, 101, 65, 200, 207, 125, 14, 110, 225, 61,
221, 238, 167, 9, 203, 101, 3, 23, 243, 2, 119, 130, 178, 81, 145, 31, 22, 132, 207, 241, 151, 206, 236, 10, 146, 67, 115, 248, 209, 51, 241, 188, 207, 59, 75, 211, 60, 238, 227, 47,
83, 95, 155, 21, 178, 91, 144, 217, 150, 15, 127, 122, 24, 70, 242, 214, 147, 151, 168, 255, 11, 14, 22, 129, 40, 59, 168, 242, 114, 254, 158, 241, 183, 92, 28, 38, 28, 33, 129, 185,
187, 247, 164, 71, 235, 220, 23, 138, 64, 204, 92, 62, 30, 164, 83, 111, 235, 109, 20, 73, 141, 169, 157, 137, 143, 90, 228, 199, 154, 28, 82, 29, 6, 155, 9, 139, 168, 210, 116, 90,
143, 219, 205, 59, 180, 6, 126, 11, 252, 86, 195, 55, 46, 137, 51, 23, 118, 168, 41, 192, 166, 164, 113, 44, 252, 209, 237, 140, 85, 241, 92, 63, 155, 223, 25, 188, 109, 220, 214, 255,
13, 177, 52, 188, 22, 107, 52, 92, 175, 11, 141, 113, 36, 37, 25, 254, 192, 242, 27, 91, 177, 187, 143, 218, 68, 48, 212, 248, 23, 225, 213, 179, 246, 57, 153, 145, 185, 207, 33, 246,
179, 133, 96, 11, 184, 242, 139, 187, 23, 38, 246, 64, 139, 28, 200, 157, 211, 153, 58, 5, 138, 181, 195, 110, 199, 155, 66, 44, 26, 122, 181, 204, 53, 219, 169, 155, 173, 228, 245, 114,
231, 137, 124, 240, 73, 238, 255, 108, 165, 56, 199, 60, 53, 238, 35, 33, 114, 254, 193, 94, 1, 126, 131, 0, 142, 253, 4, 181, 14, 163, 155, 95, 187, 45, 167, 135, 140, 69, 37, 15,
77, 18, 112, 154, 107, 11, 53, 238, 237, 218, 90, 212, 191, 49, 188, 68, 251, 139, 135, 68, 183, 137, 71, 244, 112, 26, 18, 46, 131, 72, 111, 206, 140, 120, 160, 179, 181, 225, 113, 131,
216, 250, 235, 144, 52, 122, 86, 234, 102, 27, 16, 71, 136, 46, 22, 200, 240, 121, 250, 14, 45, 36, 77, 181, 134, 36, 52, 70, 55, 117, 131, 77, 33, 1, 42, 12, 51, 141, 81, 158,
172, 170, 154, 201, 53, 255, 95, 21, 194, 76, 3, 142, 165, 61, 162, 46, 115, 200, 232, 81, 42, 89, 224, 43, 156, 166, 166, 33, 139, 73, 24, 118, 128, 0, 8, 184, 155, 93, 205, 47,
40, 135, 207, 183, 239, 143, 247, 9, 210, 54, 111, 248, 213, 58, 210, 229, 209, 37, 62, 246, 50, 222, 200, 68, 104, 33, 136, 62, 178, 28, 168, 247, 235, 56, 30, 108, 74, 102, 215, 218,
186, 128, 129, 191, 49, 2, 11, 164, 117, 122, 149, 211, 118, 217, 220, 197, 168, 75, 49, 59, 58, 103, 144, 153, 234, 183, 168, 8, 172, 235, 5, 237, 103, 204, 94, 54, 52, 164, 103, 104,
201, 118, 60, 70, 199, 142, 225, 154, 141, 2, 154, 153, 157, 87, 85, 127, 9, 155, 106, 244, 138, 253, 83, 57, 221, 157, 250, 28, 180, 6, 7, 42, 194, 86, 229, 16, 38, 145, 105, 104,
96, 187, 96, 191, 157, 172, 113, 42, 243, 205, 251, 129, 75, 150, 112, 100, 143, 203, 23, 193, 102, 179, 208, 232, 17, 159, 0, 158, 41, 25, 86, 38, 166, 8, 132, 93, 56, 80, 77, 238,
234, 217, 21, 121, 230, 177, 175, 230, 81, 3, 161, 240, 10, 218, 192, 149, 203, 31, 204, 138, 132, 246, 99, 141, 184, 178, 7, 10, 184, 242, 235, 180, 34, 38, 246, 54, 174, 13, 195, 161,
142, 168, 108, 5, 209, 216, 255, 66, 199, 183, 32, 110, 56, 65, 189, 191, 87, 202, 150, 225, 149, 202, 181, 82, 233, 186, 1, 226, 42, 197, 223, 109, 160, 99, 130, 7, 62, 179, 50, 34,
11, 188, 148, 84, 116, 94, 211, 0, 150, 253, 31, 168, 9, 162, 178, 27, 202, 46, 167, 169, 178, 105, 48, 12, 67, 73, 97, 158, 52, 59, 110, 234, 227, 211, 50, 248, 172, 20, 172, 46,
242, 133, 132, 66, 237, 142, 101, 148, 28, 94, 75, 114, 130, 94, 108, 225, 139, 3, 247, 192, 144, 197, 1, 251, 216, 145, 218, 168, 42, 16, 83, 141, 86, 24, 107, 112, 139, 60, 3, 176,
200, 75, 240, 52, 76, 36, 90, 233, 253, 100, 60, 55, 48, 117, 175, 65, 45, 2, 30, 20, 15, 238, 75, 175, 206, 175, 190, 198, 59, 220, 46, 127, 232, 49, 2, 228, 145, 42, 135, 46,
110, 200, 246, 80, 5, 125, 178, 47, 214, 146, 180, 43, 203, 82, 21, 76, 146, 11, 116, 171, 155, 15, 146, 95, 117, 198, 207, 220, 245, 141, 230, 51, 176, 3, 126, 250, 185, 36, 196, 187,
239, 20, 86, 235, 22, 185, 241, 48, 53, 40, 239, 18, 158, 89, 141, 144, 144, 57, 91, 105, 57, 73, 208, 217, 155, 252, 169, 185, 25, 105, 18, 131, 4, 58, 149, 147, 23, 218, 130, 250,
157, 103, 58, 100, 78, 101, 205, 159, 193, 151, 226, 9, 154, 251, 29, 178, 118, 204, 106, 64, 52, 224, 72, 118, 245, 100, 39, 119, 186, 170, 167, 157, 174, 70, 254, 254, 154, 51, 70, 26,
7, 155, 106, 252, 168, 253, 66, 57, 166, 157, 162, 70, 144, 100, 113, 46, 222, 103, 169, 105, 47, 133, 86, 113, 96, 177, 48, 240, 235, 189, 54, 22, 199, 132, 237, 141, 25, 232, 70, 36,
189, 252, 5, 244, 108, 242, 130, 252, 49, 143, 86, 140, 41, 9, 40, 83, 136, 116, 132, 122, 8, 36, 24, 224, 220, 177, 35, 85, 182, 208, 135, 201, 124, 73, 195, 135, 14, 217, 201, 151,
235, 46, 153, 215, 185, 246, 51, 141, 132, 178, 96, 2, 184, 242, 221, 187, 12, 38, 246, 125, 139, 28, 237, 162, 138, 137, 44, 114, 142, 220, 210, 75, 243, 146, 83, 93, 20, 68, 193, 155,
60, 175, 187, 183, 143, 246, 241, 65, 230, 182, 103, 204, 13, 232, 208, 111, 173, 5, 171, 26, 21, 155, 0, 116, 61, 188, 181, 98, 54, 105, 179, 0, 170, 253, 0, 132, 9, 162, 193, 31,
216, 46, 167, 139, 140, 25, 12, 29, 114, 22, 127, 142, 34, 125, 125, 246, 138, 228, 90, 214, 174, 49, 228, 68, 174, 250, 135, 102, 156, 203, 111, 195, 50, 109, 115, 15, 158, 84, 28, 229,
148, 127, 211, 159, 154, 245, 125, 227, 230, 237, 253, 173, 110, 25, 51, 141, 118, 24, 111, 112, 163, 37, 11, 163, 194, 115, 250, 114, 20, 4, 86, 237, 167, 114, 52, 91, 109, 121, 147, 79,
34, 49, 26, 11, 9, 146, 85, 141, 156, 165, 231, 245, 47, 242, 59, 72, 230, 49, 97, 241, 179, 9, 143, 115, 100, 187, 252, 112, 60, 62, 206, 28, 210, 169, 167, 9, 143, 102, 99, 23,
184, 2, 123, 150, 168, 77, 226, 27, 4, 132, 138, 188, 162, 146, 206, 0, 159, 38, 125, 133, 145, 57, 241, 245, 232, 37, 115, 209, 7, 194, 211, 48, 92, 76, 136, 46, 178, 28, 141, 247,
252, 78, 71, 74, 71, 108, 223, 218, 141, 154, 171, 138, 58, 14, 21, 130, 19, 76, 173, 139, 38, 199, 149, 197, 139, 94, 16, 53, 25, 99, 219, 153, 230, 182, 148, 44, 169, 254, 48, 237,
100, 141, 54, 26, 22, 162, 51, 126, 208, 118, 30, 81, 134, 211, 178, 137, 172, 90, 252, 155, 154, 51, 126, 127, 38, 155, 106, 158, 138, 253, 103, 57, 142, 157, 250, 21, 207, 28, 115, 27,
253, 87, 169, 54, 23, 155, 52, 123, 107, 234, 60, 230, 179, 158, 18, 52, 157, 219, 253, 176, 45, 246, 85, 29, 177, 188, 23, 200, 112, 220, 213, 249, 13, 143, 86, 147, 20, 22, 49, 19,
148, 116, 227, 86, 8, 36, 39, 131, 231, 177, 35, 8, 240, 131, 188, 218, 67, 47, 193, 230, 113, 182, 194, 233, 206, 40, 141, 135, 140, 242, 57, 246, 137, 178, 124, 37, 169, 129, 233, 149,
22, 1, 138, 108, 167, 6, 240, 157, 206, 153, 127, 105, 142, 187, 247, 52, 241, 155, 88, 121, 27, 97, 238, 154, 76, 240, 150, 131, 168, 255, 170, 2, 246, 173, 124, 231, 59, 226, 255, 81,
135, 33, 160, 43, 45, 181, 29, 35, 124, 241, 186, 16, 55, 88, 168, 26, 177, 228, 60, 181, 10, 226, 205, 34, 230, 104, 151, 184, 174, 25, 112, 29, 109, 22, 108, 142, 107, 11, 109, 168,
209, 218, 90, 200, 147, 49, 152, 68, 166, 139, 213, 64, 166, 142, 94, 193, 119, 98, 107, 60, 253, 84, 71, 205, 147, 101, 207, 137, 155, 225, 110, 136, 187, 237, 253, 169, 61, 32, 52, 251,
61, 47, 8, 120, 163, 37, 61, 172, 236, 115, 250, 57, 49, 17, 115, 178, 145, 98, 43, 118, 41, 51, 173, 124, 12, 124, 31, 92, 23, 140, 33, 162, 172, 168, 135, 220, 20, 255, 5, 111,
237, 81, 35, 252, 236, 4, 179, 68, 61, 159, 246, 7, 9, 58, 215, 17, 242, 159, 187, 44, 143, 82, 19, 111, 250, 17, 92, 186, 168, 11, 225, 31, 22, 164, 207, 192, 151, 146, 211, 32,
147, 67, 99, 225, 182, 79, 238, 254, 241, 85, 101, 169, 16, 206, 179, 48, 68, 116, 246, 44, 246, 29, 147, 137, 209, 43, 71, 65, 15, 81, 249, 249, 228, 226, 155, 184, 21, 51, 13, 191,
48, 123, 149, 215, 117, 206, 211, 154, 150, 77, 99, 52, 44, 57, 177, 149, 164, 181, 181, 49, 148, 203, 112, 150, 84, 142, 125, 30, 44, 157, 64, 73, 225, 93, 24, 80, 169, 214, 130, 203,
136, 101, 254, 202, 238, 51, 107, 102, 23, 248, 123, 131, 241, 250, 92, 70, 174, 194, 225, 41, 168, 71, 13, 46, 207, 90, 208, 24, 13, 137, 64, 123, 72, 170, 41, 172, 131, 154, 2, 12,
228, 209, 195, 151, 78, 246, 77, 29, 179, 188, 4, 228, 47, 170, 171, 167, 47, 152, 72, 171, 116, 48, 12, 57, 175, 125, 158, 88, 50, 66, 61, 202, 234, 177, 63, 8, 137, 161, 188, 169,
76, 53, 251, 192, 20, 182, 192, 149, 224, 20, 153, 150, 166, 246, 35, 250, 254, 176, 102, 10, 144, 213, 238, 129, 23, 17, 246, 104, 243, 47, 210, 253, 163, 218, 87, 95, 156, 167, 222, 57,
228, 176, 75, 40, 106, 78, 229, 189, 116, 224, 191, 146, 129, 156, 158, 90, 204, 207, 1, 234, 38, 190, 216, 81, 177, 5, 158, 43, 39, 233, 15, 21, 114, 235, 154, 104, 6, 72, 138, 66,
188, 188, 12, 163, 28, 188, 153, 42, 252, 57, 149, 205, 140, 16, 5, 55, 105, 116, 127, 178, 0, 11, 70, 218, 221, 247, 7, 218, 154, 62, 231, 53, 188, 251, 227, 97, 135, 186, 119, 131,
41, 27, 75, 114, 235, 84, 92, 205, 180, 101, 228, 190, 155, 225, 114, 254, 239, 250, 197, 137, 26, 25, 77, 210, 76, 20, 59, 121, 244, 94, 38, 139, 239, 74, 237, 14, 43, 41, 64, 181,
169, 87, 20, 94, 48, 106, 168, 120, 17, 62, 56, 15, 49, 141, 81, 156, 172, 128, 154, 252, 47, 239, 22, 26, 206, 49, 58, 134, 233, 80, 173, 110, 118, 200, 193, 80, 14, 62, 209, 28,
223, 169, 167, 34, 143, 102, 57, 23, 158, 53, 103, 219, 144, 66, 214, 59, 119, 143, 238, 195, 135, 172, 149, 42, 138, 93, 96, 200, 143, 51, 133, 214, 254, 59, 75, 174, 19, 238, 233, 47,
72, 90, 129, 102, 181, 67, 188, 204, 199, 48, 91, 52, 60, 100, 216, 246, 191, 231, 147, 148, 29, 30, 50, 161, 8, 112, 149, 211, 107, 251, 131, 154, 221, 77, 0, 24, 19, 54, 191, 139,
194, 140, 158, 7, 144, 203, 13, 138, 95, 204, 40, 36, 52, 131, 98, 65, 227, 69, 30, 110, 187, 149, 155, 178, 152, 106, 216, 207, 140, 75, 106, 110, 125, 155, 122, 150, 147, 243, 106, 120,
162, 220, 207, 8, 174, 97, 67, 33, 221, 70, 194, 45, 53, 138, 84, 86, 117, 170, 60, 245, 179, 220, 53, 13, 224, 246, 128, 147, 74, 141, 68, 38, 249, 252, 65, 198, 16, 220, 128, 194,
18, 143, 64, 190, 5, 105, 9, 83, 157, 25, 229, 81, 8, 36, 32, 131, 197, 177, 35, 109, 240, 131, 175, 218, 116, 48, 232, 205, 42, 195, 222, 129, 157, 37, 153, 150, 199, 254, 56, 250,
186, 185, 83, 63, 240, 201, 225, 171, 106, 49, 139, 78, 129, 22, 199, 158, 179, 153, 100, 118, 142, 216, 193, 91, 197, 167, 122, 45, 104, 111, 246, 200, 117, 160, 156, 165, 160, 247, 139, 94,
195, 137, 102, 218, 63, 229, 236, 81, 154, 102, 135, 6, 62, 130, 13, 46, 48, 240, 205, 124, 52, 76, 170, 24, 169, 187, 3, 152, 48, 128, 145, 60, 205, 5, 167, 169, 239, 25, 29, 29,
125, 22, 108, 158, 107, 11, 65, 168, 241, 218, 56, 207, 178, 76, 160, 8, 168, 133, 244, 90, 171, 148, 73, 254, 4, 27, 73, 125, 173, 124, 108, 239, 177, 28, 250, 132, 191, 134, 112, 158,
206, 218, 166, 168, 24, 60, 83, 141, 79, 16, 8, 113, 179, 37, 3, 191, 149, 115, 224, 12, 49, 6, 90, 247, 159, 122, 64, 75, 47, 84, 145, 65, 45, 49, 48, 20, 15, 182, 13, 141,
130, 165, 228, 214, 16, 220, 19, 68, 205, 73, 2, 223, 148, 35, 135, 101, 67, 146, 178, 126, 16, 62, 208, 50, 145, 228, 173, 79, 177, 93, 39, 12, 147, 17, 107, 173, 151, 122, 222, 4,
112, 190, 243, 193, 149, 206, 229, 10, 159, 67, 115, 246, 209, 51, 133, 249, 195, 37, 62, 234, 12, 202, 212, 50, 66, 90, 182, 18, 181, 74, 163, 202, 245, 56, 116, 79, 73, 73, 236, 205,
242, 154, 191, 165, 26, 19, 0, 249, 33, 49, 168, 200, 47, 216, 134, 201, 129, 117, 97, 2, 49, 101, 185, 180, 206, 140, 226, 50, 235, 152, 118, 182, 74, 242, 42, 55, 38, 160, 103, 76,
201, 109, 20, 20, 209, 142, 190, 154, 130, 90, 254, 254, 154, 51, 70, 26, 7, 155, 106, 252, 157, 243, 20, 120, 168, 220, 228, 33, 174, 97, 100, 10, 249, 98, 195, 61, 112, 137, 99, 69,
96, 188, 43, 162, 138, 218, 125, 51, 199, 233, 241, 175, 78, 255, 32, 29, 136, 197, 9, 186, 48, 170, 143, 218, 53, 185, 86, 140, 49, 9, 92, 60, 169, 47, 177, 126, 7, 78, 14, 229,
250, 193, 48, 70, 186, 131, 136, 242, 115, 11, 246, 236, 21, 217, 178, 151, 149, 107, 190, 215, 136, 151, 2, 214, 132, 178, 96, 2, 184, 242, 221, 187, 12, 38, 246, 125, 139, 28, 237, 162,
189, 137, 124, 113, 156, 149, 210, 86, 225, 167, 80, 115, 6, 102, 247, 155, 110, 225, 148, 184, 170, 228, 241, 88, 194, 179, 103, 176, 85, 191, 196, 83, 178, 50, 171, 52, 53, 142, 14, 43,
44, 222, 148, 21, 113, 103, 176, 108, 147, 190, 48, 179, 48, 128, 193, 31, 218, 46, 162, 152, 186, 65, 115, 104, 114, 90, 127, 160, 107, 42, 66, 223, 211, 248, 22, 250, 191, 49, 236, 68,
152, 139, 135, 102, 169, 203, 112, 131, 11, 27, 75, 47, 183, 20, 71, 226, 150, 21, 228, 137, 167, 156, 31, 189, 179, 203, 229, 168, 45, 1, 51, 246, 106, 24, 54, 69, 136, 29, 32, 163,
212, 121, 209, 15, 29, 126, 32, 150, 154, 36, 21, 100, 55, 74, 160, 94, 1, 8, 20, 20, 19, 238, 50, 220, 166, 154, 154, 213, 60, 220, 13, 94, 248, 112, 97, 145, 179, 24, 177, 68,
100, 148, 170, 100, 114, 77, 188, 40, 210, 169, 167, 9, 143, 102, 99, 23, 184, 2, 123, 150, 168, 77, 226, 91, 15, 165, 138, 200, 239, 201, 208, 51, 181, 41, 98, 133, 136, 79, 251, 214,
222, 37, 71, 231, 111, 234, 179, 27, 51, 122, 236, 13, 150, 89, 242, 207, 238, 9, 94, 54, 54, 97, 223, 218, 170, 154, 158, 128, 26, 105, 86, 164, 112, 126, 129, 241, 8, 245, 211, 206,
160, 65, 49, 34, 25, 111, 219, 153, 228, 167, 226, 10, 169, 251, 48, 181, 108, 244, 40, 49, 19, 131, 108, 65, 146, 112, 38, 103, 207, 160, 147, 145, 134, 113, 222, 215, 167, 33, 70, 124,
36, 249, 90, 181, 138, 207, 103, 114, 212, 220, 207, 37, 144, 97, 121, 33, 220, 100, 227, 9, 12, 137, 99, 23, 80, 168, 12, 197, 179, 154, 18, 8, 149, 209, 195, 243, 63, 134, 70, 12,
154, 227, 26, 200, 47, 240, 150, 187, 12, 251, 62, 170, 5, 52, 12, 91, 144, 15, 188, 122, 85, 78, 23, 221, 201, 200, 51, 116, 244, 209, 157, 246, 64, 86, 193, 240, 46, 230, 179, 170,
201, 11, 141, 148, 173, 205, 6, 141, 161, 216, 7, 62, 176, 136, 143, 154, 21, 38, 236, 86, 145, 20, 147, 174, 206, 164, 98, 87, 139, 187, 247, 52, 241, 155, 88, 121, 27, 97, 238, 154,
76, 240, 150, 132, 129, 154, 146, 73, 233, 153, 95, 233, 41, 225, 166, 84, 160, 20, 189, 57, 21, 233, 47, 10, 38, 251, 151, 19, 107, 94, 134, 65, 220, 167, 28, 178, 61, 162, 193, 38,
201, 20, 190, 183, 188, 109, 12, 45, 105, 118, 92, 149, 107, 11, 109, 168, 209, 218, 90, 200, 147, 49, 152, 68, 166, 139, 224, 104, 189, 148, 112, 216, 1, 109, 75, 23, 134, 9, 103, 226,
169, 69, 242, 146, 144, 197, 27, 252, 255, 237, 228, 137, 24, 45, 82, 214, 74, 24, 8, 120, 163, 37, 61, 172, 236, 115, 250, 57, 49, 36, 93, 181, 184, 74, 64, 87, 5, 85, 212, 86,
28, 56, 56, 80, 46, 235, 14, 219, 220, 142, 178, 192, 12, 162, 44, 101, 199, 123, 2, 211, 145, 42, 138, 101, 114, 207, 175, 102, 60, 62, 224, 24, 221, 169, 167, 54, 175, 102, 3, 23,
132, 2, 100, 186, 168, 77, 145, 31, 22, 132, 220, 211, 129, 178, 253, 9, 131, 67, 45, 209, 141, 2, 129, 225, 187, 53, 75, 211, 59, 167, 214, 8, 71, 91, 224, 96, 178, 91, 144, 217,
210, 8, 4, 107, 85, 93, 214, 239, 156, 234, 195, 189, 15, 108, 39, 254, 45, 58, 177, 151, 117, 232, 211, 225, 150, 75, 31, 58, 61, 63, 187, 180, 236, 140, 158, 76, 138, 203, 23, 138,
107, 204, 115, 65, 52, 131, 115, 35, 210, 100, 60, 80, 205, 211, 251, 203, 184, 122, 196, 248, 149, 40, 107, 72, 48, 155, 122, 235, 157, 205, 83, 120, 134, 205, 240, 68, 191, 92, 68, 63,
179, 122, 208, 8, 44, 154, 93, 118, 74, 188, 41, 221, 246, 149, 33, 53, 239, 245, 195, 151, 15, 246, 96, 30, 131, 201, 11, 228, 40, 240, 151, 255, 46, 143, 64, 169, 41, 49, 52, 28,
159, 25, 132, 106, 8, 36, 61, 224, 210, 177, 35, 116, 230, 131, 143, 218, 67, 48, 246, 192, 5, 230, 208, 184, 244, 18, 153, 150, 185, 246, 3, 141, 158, 178, 96, 11, 184, 242, 139, 187,
23, 94, 211, 108, 183, 11, 208, 250, 167, 217, 44, 97, 179, 199, 220, 35, 241, 128, 100, 114, 17, 108, 204, 205, 119, 243, 168, 144, 156, 206, 128, 89, 213, 215, 100, 194, 53, 181, 215, 76,
243, 35, 134, 58, 104, 188, 47, 62, 61, 207, 182, 86, 41, 70, 180, 64, 170, 200, 61, 230, 9, 162, 162, 31, 187, 46, 167, 205, 140, 25, 5, 29, 127, 22, 127, 158, 35, 120, 82, 201,
244, 201, 68, 227, 183, 20, 159, 46, 187, 133, 231, 74, 237, 142, 16, 225, 41, 94, 75, 14, 163, 11, 72, 193, 173, 110, 160, 150, 184, 196, 101, 189, 178, 199, 217, 144, 102, 44, 86, 213,
111, 3, 111, 95, 147, 86, 117, 153, 196, 115, 223, 52, 20, 33, 68, 150, 251, 105, 21, 116, 55, 40, 134, 120, 22, 126, 20, 17, 115, 177, 1, 140, 142, 175, 154, 192, 60, 220, 6, 102,
224, 76, 2, 134, 173, 42, 150, 46, 50, 142, 192, 13, 14, 62, 209, 28, 223, 169, 167, 34, 143, 102, 57, 23, 161, 2, 123, 159, 174, 124, 198, 59, 9, 221, 225, 203, 131, 171, 148, 27,
144, 71, 109, 248, 164, 18, 223, 250, 211, 16, 86, 208, 18, 185, 180, 56, 55, 91, 236, 49, 156, 90, 172, 195, 202, 78, 71, 107, 71, 108, 247, 218, 189, 154, 171, 183, 58, 14, 62, 136,
117, 71, 149, 147, 3, 206, 137, 237, 149, 111, 49, 25, 25, 99, 141, 162, 249, 183, 169, 81, 144, 203, 13, 138, 95, 204, 40, 36, 52, 131, 98, 86, 221, 100, 60, 70, 181, 142, 145, 154,
130, 101, 216, 207, 165, 51, 78, 101, 9, 216, 84, 243, 172, 253, 94, 81, 166, 225, 216, 10, 159, 71, 94, 43, 226, 20, 214, 27, 110, 240, 80, 79, 93, 160, 108, 236, 147, 154, 28, 60,
246, 219, 228, 140, 52, 134, 98, 20, 188, 188, 23, 198, 112, 220, 142, 249, 114, 143, 86, 149, 5, 9, 92, 83, 182, 116, 227, 88, 15, 82, 35, 206, 204, 211, 122, 119, 240, 190, 175, 205,
116, 86, 234, 214, 33, 221, 230, 131, 149, 43, 194, 145, 173, 205, 99, 141, 136, 178, 123, 10, 169, 209, 213, 131, 34, 19, 246, 125, 190, 13, 195, 161, 174, 222, 94, 89, 177, 145, 227, 66,
200, 178, 51, 50, 85, 40, 164, 220, 37, 194, 232, 237, 153, 143, 249, 27, 135, 157, 69, 208, 7, 182, 249, 116, 185, 49, 152, 43, 40, 236, 7, 10, 60, 203, 214, 73, 13, 116, 141, 31,
179, 226, 0, 149, 81, 238, 153, 3, 241, 17, 147, 202, 146, 16, 111, 54, 107, 93, 125, 166, 10, 126, 47, 216, 236, 240, 3, 229, 144, 4, 150, 31, 164, 208, 246, 5, 179, 193, 67, 231,
52, 2, 78, 117, 146, 104, 20, 188, 136, 67, 251, 129, 148, 131, 31, 132, 248, 233, 196, 182, 52, 24, 65, 136, 102, 13, 16, 93, 168, 62, 53, 173, 235, 109, 210, 118, 4, 21, 102, 164,
152, 42, 65, 102, 50, 104, 157, 103, 49, 122, 13, 38, 6, 179, 49, 137, 156, 169, 151, 202, 46, 241, 38, 101, 195, 104, 36, 233, 144, 12, 244, 117, 72, 157, 209, 103, 118, 89, 209, 18,
144, 158, 197, 34, 147, 31, 37, 4, 157, 53, 84, 184, 178, 80, 206, 45, 106, 179, 241, 247, 142, 173, 139, 51, 147, 30, 119, 226, 155, 5, 192, 192, 204, 81, 103, 198, 52, 184, 252, 10,
95, 110, 128, 35, 176, 78, 239, 220, 240, 49, 123, 50, 52, 55, 172, 171, 140, 167, 182, 137, 19, 34, 54, 136, 3, 83, 178, 222, 35, 244, 161, 230, 142, 58, 102, 53, 24, 26, 129, 160,
211, 241, 144, 15, 181, 251, 2, 165, 115, 205, 75, 48, 23, 165, 71, 114, 214, 89, 12, 83, 152, 215, 189, 187, 177, 80, 232, 204, 239, 59, 11, 84, 112, 224, 13, 241, 253, 240, 73, 96,
162, 131, 237, 28, 168, 2, 127, 15, 248, 68, 169, 54, 48, 250, 119, 90, 110, 239, 9, 199, 169, 133, 19, 34, 146, 230, 223, 174, 45, 176, 103, 42, 141, 166, 9, 192, 37, 204, 146, 237,
35, 145, 14, 172, 9, 8, 5, 31, 175, 14, 130, 84, 14, 36, 67, 244, 205, 178, 28, 90, 238, 208, 244, 173, 72, 11, 210, 192, 43, 227, 175, 236, 253, 46, 148, 167, 180, 229, 17, 238,
130, 138, 30, 4, 238, 255, 210, 182, 33, 5, 207, 118, 172, 49, 227, 136, 147, 220, 100, 31, 207, 178, 199, 52, 239, 154, 98, 86, 106, 111, 238, 142, 113, 224, 156, 255, 182, 225, 150, 119,
201, 202, 70, 215, 55, 197, 249, 108, 165, 55, 160, 54, 6, 234, 10, 123, 119, 203, 210, 17, 23, 119, 181, 65, 157, 187, 6, 190, 45, 190, 150, 35, 207, 123, 167, 142, 146, 102, 9, 110,
109, 80, 82, 219, 0, 122, 86, 210, 255, 229, 19, 198, 177, 47, 150, 72, 164, 132, 223, 65, 190, 173, 85, 198, 119, 99, 11, 61, 162, 111, 80, 224, 132, 105, 221, 189, 184, 246, 12, 149,
252, 209, 255, 239, 19, 0, 65, 249, 55, 10, 13, 68, 182, 90, 48, 185, 241, 104, 204, 112, 31, 19, 33, 153, 168, 75, 21, 77, 111, 85, 147, 124, 119, 45, 78, 17, 112, 142, 14, 218,
215, 245, 132, 220, 24, 225, 70, 123, 254, 104, 39, 138, 141, 37, 177, 109, 107, 139, 204, 80, 29, 85, 197, 15, 151, 143, 159, 83, 159, 107, 27, 82, 160, 88, 100, 171, 144, 114, 195, 62,
45, 165, 248, 208, 178, 169, 205, 3, 147, 95, 113, 254, 132, 25, 134, 203, 196, 6, 58, 170, 45, 218, 229, 37, 76, 90, 156, 51, 176, 95, 176, 222, 240, 68, 121, 107, 29, 114, 243, 183,
136, 176, 152, 183, 10, 59, 21, 142, 21, 34, 168, 211, 34, 198, 142, 193, 213, 63, 5, 22, 55, 17, 133, 174, 197, 182, 164, 52, 187, 156, 18, 136, 95, 227, 82, 1, 44, 164, 82, 80,
148, 101, 29, 118, 202, 172, 145, 177, 179, 119, 203, 218, 141, 42, 118, 79, 13, 206, 125, 156, 253, 218, 115, 106, 179, 232, 212, 21, 203, 116, 5, 32, 250, 23, 221, 50, 105, 174, 125, 102,
79, 136, 8, 194, 180, 139, 52, 66, 198, 140, 244, 176, 21, 161, 103, 13, 228, 241, 68, 230, 17, 245, 133, 228, 17, 145, 10, 145, 114, 62, 30, 92, 212, 25, 140, 39, 48, 33, 2, 203,
222, 234, 60, 115, 173, 133, 176, 208, 53, 32, 178, 248, 42, 227, 226, 152, 151, 106, 153, 182, 144, 198, 48, 200, 255, 157, 67, 38, 150, 215, 208, 187, 1, 31, 223, 72, 235, 62, 242, 147,
169, 152, 71, 116, 185, 184, 195, 118, 253, 209, 115, 111, 61, 62, 238, 187, 55, 160, 141, 152, 162, 245, 239, 122, 238, 189, 118, 203, 45, 194, 160, 119, 172, 60, 139, 32, 109, 150, 47, 43,
48, 189, 159, 124, 39, 45, 215, 28, 140, 214, 1, 128, 7, 130, 186, 6, 242, 123, 232, 203, 140, 31, 55, 44, 118, 81, 41, 179, 107, 62, 114, 222, 246, 196, 66, 204, 207, 55, 159, 56,
187, 222, 218, 105, 157, 179, 118, 221, 20, 24, 64, 6, 146, 126, 104, 202, 132, 94, 197, 223, 204, 252, 6, 136, 192, 240, 213, 157, 19, 43, 65, 204, 71, 13, 43, 125, 134, 1, 30, 182,
242, 11, 198, 10, 38, 3, 122, 173, 172, 122, 67, 84, 104, 79, 139, 107, 18, 6, 0, 44, 6, 184, 85, 210, 159, 137, 147, 248, 18, 199, 38, 98, 218, 66, 56, 149, 176, 33, 147, 105,
119, 161, 222, 118, 107, 99, 189, 51, 245, 149, 199, 48, 168, 82, 45, 95, 185, 0, 120, 128, 137, 23, 203, 14, 112, 187, 128, 171, 133, 151, 143, 45, 160, 90, 69, 131, 170, 64, 213, 244,
204, 6, 82, 217, 21, 252, 197, 6, 72, 109, 236, 39, 246, 103, 158, 226, 244, 38, 30, 103, 40, 94, 216, 221, 137, 165, 154, 184, 29, 58, 84, 159, 21, 63, 156, 242, 114, 212, 177, 250,
132, 90, 27, 62, 26, 98, 166, 165, 197, 182, 137, 51, 138, 192, 54, 166, 86, 252, 125, 48, 41, 254, 48, 41, 206, 100, 1, 80, 145, 179, 190, 205, 147, 2, 132, 226, 185, 79, 22, 123,
22, 153, 99, 241, 170, 214, 104, 124, 140, 246, 196, 53, 209, 100, 87, 54, 219, 106, 232, 43, 9, 139, 55, 93, 119, 239, 61, 209, 149, 181, 116, 14, 223, 140, 246, 245, 72, 132, 109, 56,
186, 229, 20, 249, 23, 206, 151, 200, 8, 191, 21, 212, 35, 26, 11, 36, 150, 9, 237, 41, 73, 78, 13, 213, 221, 219, 37, 14, 153, 133, 170, 207, 119, 79, 200, 199, 2, 220, 176, 149,
241, 46, 182, 217, 209, 213, 0, 219, 159, 194, 91, 23, 236, 128, 220, 221, 55, 91, 216, 85, 188, 54, 145, 159, 182, 131, 94, 98, 140, 216, 251, 126, 205, 208, 102, 91, 17, 95, 209, 155,
112, 232, 145, 164, 169, 194, 175, 10, 232, 158, 118, 195, 44, 194, 163, 94, 255, 28, 168, 31, 58, 130, 13, 47, 3, 189, 171, 112, 6, 86, 149, 104, 140, 213, 122, 150, 63, 228, 172, 61,
207, 2, 147, 136, 239, 100, 107, 36, 96, 80, 124, 219, 115, 123, 99, 163, 232, 233, 70, 147, 209, 83, 135, 46, 228, 132, 248, 105, 170, 150, 70, 251, 31, 106, 84, 30, 182, 94, 118, 237,
211, 103, 211, 188, 171, 195, 89, 184, 220, 136, 253, 166, 16, 103, 65, 222, 117, 59, 3, 81, 134, 53, 10, 188, 210, 68, 141, 120, 20, 20, 69, 239, 161, 75, 26, 65, 28, 112, 140, 95,
10, 15, 54, 23, 7, 190, 13, 172, 159, 190, 130, 194, 18, 250, 5, 100, 205, 66, 18, 143, 181, 39, 176, 37, 102, 150, 201, 70, 28, 58, 208, 23, 252, 143, 182, 83, 191, 82, 39, 123,
157, 30, 9, 172, 175, 109, 195, 88, 11, 221, 138, 210, 137, 171, 151, 38, 220, 41, 94, 193, 201, 6, 214, 186, 230, 37, 119, 205, 102, 242, 233, 59, 112, 114, 163, 99, 148, 106, 243, 220,
227, 49, 69, 99, 85, 85, 224, 222, 253, 186, 134, 128, 22, 29, 29, 130, 50, 123, 152, 195, 13, 252, 128, 156, 142, 91, 108, 49, 13, 30, 205, 132, 242, 151, 227, 45, 187, 240, 113, 173,
79, 218, 124, 59, 52, 128, 54, 108, 234, 101, 50, 21, 198, 132, 145, 197, 254, 86, 130, 252, 185, 51, 16, 68, 51, 194, 127, 235, 177, 252, 103, 99, 172, 227, 205, 8, 166, 120, 97, 46,
184, 112, 203, 24, 28, 176, 73, 88, 83, 129, 53, 253, 175, 157, 50, 53, 238, 255, 227, 135, 51, 171, 98, 19, 189, 197, 9, 230, 39, 252, 211, 231, 113, 176, 46, 212, 37, 37, 52, 25,
202, 54, 176, 93, 58, 88, 27, 252, 184, 196, 9, 21, 137, 159, 176, 240, 66, 29, 205, 195, 0, 237, 207, 184, 225, 119, 144, 212, 159, 208, 18, 237, 135, 220, 99, 15, 185, 139, 200, 216,
29, 17, 146, 67, 148, 40, 202, 131, 139, 137, 127, 82, 175, 186, 220, 97, 248, 137, 67, 110, 48, 63, 238, 134, 68, 160, 159, 134, 244, 215, 156, 116, 232, 158, 30, 225, 44, 182, 163, 80,
255, 30, 149, 34, 106, 142, 47, 10, 10, 219, 180, 83, 112, 48, 203, 106, 168, 214, 4, 154, 55, 238, 153, 26, 184, 115, 186, 182, 165, 69, 107, 25, 115, 74, 83, 141, 0, 33, 107, 253,
242, 249, 47, 234, 137, 76, 227, 47, 153, 216, 216, 73, 170, 215, 81, 248, 52, 24, 117, 33, 162, 74, 118, 204, 183, 78, 208, 188, 167, 237, 80, 142, 190, 136, 245, 169, 5, 24, 65, 198,
110, 60, 49, 117, 162, 93, 119, 171, 235, 105, 133, 50, 22, 55, 33, 185, 172, 122, 56, 74, 24, 104, 146, 93, 124, 122, 17, 38, 13, 134, 46, 219, 142, 169, 133, 202, 70, 240, 68, 64,
223, 79, 1, 230, 141, 17, 147, 90, 119, 128, 202, 94, 32, 36, 238, 8, 238, 149, 162, 40, 199, 76, 25, 15, 170, 2, 4, 215, 180, 80, 206, 45, 106, 186, 248, 202, 133, 182, 215, 2,
156, 38, 100, 193, 186, 21, 227, 192, 191, 59, 94, 217, 11, 184, 212, 9, 46, 97, 145, 14, 161, 25, 178, 220, 224, 68, 103, 56, 29, 74, 198, 209, 153, 225, 148, 128, 109, 52, 54, 129,
20, 123, 170, 222, 111, 222, 162, 218, 178, 110, 36, 97, 71, 120, 166, 175, 195, 181, 164, 48, 138, 144, 18, 172, 110, 207, 122, 56, 3, 185, 113, 75, 192, 47, 36, 23, 188, 138, 229, 140,
177, 90, 197, 252, 184, 21, 124, 106, 47, 196, 14, 142, 163, 213, 73, 50, 139, 149, 237, 8, 167, 70, 85, 15, 197, 23, 221, 4, 108, 162, 85, 72, 125, 242, 50, 205, 169, 156, 115, 34,
238, 255, 220, 241, 51, 147, 101, 31, 134, 234, 33, 255, 20, 233, 139, 185, 116, 251, 78, 213, 18, 104, 37, 6, 174, 37, 130, 34, 14, 34, 19, 232, 206, 168, 98, 8, 185, 162, 188, 228,
118, 47, 201, 230, 28, 254, 224, 185, 194, 14, 150, 147, 213, 196, 61, 207, 242, 130, 72, 62, 235, 226, 210, 199, 17, 5, 246, 49, 149, 10, 202, 228, 182, 195, 68, 8, 209, 157, 221, 35,
227, 154, 98, 100, 29, 65, 209, 142, 75, 172, 182, 161, 247, 197, 150, 11, 209, 181, 69, 199, 44, 245, 242, 123, 228, 55, 196, 43, 55, 161, 53, 0, 10, 219, 163, 94, 43, 90, 150, 99,
157, 213, 33, 145, 52, 167, 155, 34, 241, 115, 231, 137, 138, 68, 119, 37, 54, 73, 77, 163, 113, 23, 83, 254, 236, 229, 0, 227, 147, 31, 151, 58, 153, 219, 132, 65, 186, 169, 85, 248,
13, 16, 93, 50, 168, 91, 71, 243, 134, 25, 249, 194, 143, 220, 122, 162, 194, 241, 190, 235, 30, 63, 53, 137, 55, 10, 58, 45, 168, 90, 10, 190, 252, 104, 134, 115, 47, 51, 122, 154,
137, 118, 32, 105, 107, 55, 180, 124, 54, 12, 13, 60, 124, 139, 46, 138, 135, 227, 187, 221, 19, 239, 46, 98, 250, 50, 11, 196, 188, 37, 150, 108, 98, 137, 168, 101, 16, 93, 207, 11,
253, 191, 186, 21, 178, 117, 45, 8, 187, 67, 85, 128, 137, 114, 194, 47, 14, 186, 251, 238, 163, 153, 210, 125, 182, 4, 39, 128, 135, 65, 243, 225, 186, 6, 75, 215, 110, 193, 229, 40,
95, 90, 236, 36, 176, 95, 147, 240, 210, 31, 102, 122, 18, 82, 221, 219, 136, 188, 180, 183, 53, 17, 79, 137, 35, 34, 157, 227, 112, 234, 142, 207, 202, 105, 61, 17, 36, 36, 198, 135,
239, 185, 153, 45, 167, 250, 18, 141, 66, 208, 81, 19, 47, 133, 66, 46, 230, 100, 33, 78, 198, 190, 158, 158, 191, 6, 243, 217, 187, 73, 71, 127, 13, 196, 76, 172, 177, 200, 116, 64,
174, 159, 221, 58, 174, 122, 5, 62, 184, 23, 169, 50, 112, 129, 117, 4, 107, 150, 32, 236, 188, 135, 18, 42, 225, 253, 244, 243, 25, 160, 59, 8, 136, 227, 3, 202, 43, 250, 211, 234,
116, 135, 10, 139, 111, 12, 38, 29, 191, 123, 151, 103, 73, 121, 44, 251, 218, 168, 37, 88, 235, 171, 169, 251, 66, 13, 222, 217, 8, 189, 180, 235, 245, 106, 153, 182, 200, 196, 1, 242,
137, 165, 3, 15, 189, 202, 147, 139, 51, 5, 205, 92, 149, 71, 214, 184, 132, 137, 111, 0, 144, 159, 247, 78, 188, 208, 103, 105, 29, 57, 193, 140, 93, 182, 152, 134, 180, 159, 239, 104,
240, 175, 65, 200, 57, 193, 195, 119, 172, 60, 132, 34, 15, 237, 2, 42, 21, 234, 183, 20, 6, 91, 215, 103, 142, 184, 7, 168, 6, 147, 146, 37, 185, 17, 232, 132, 149, 124, 119, 59,
124, 64, 77, 156, 29, 9, 92, 170, 157, 234, 59, 148, 142, 62, 150, 13, 137, 210, 225, 89, 134, 143, 102, 239, 22, 115, 22, 15, 136, 125, 115, 191, 168, 122, 197, 194, 168, 219, 110, 255,
184, 209, 208, 175, 52, 1, 109, 204, 117, 108, 30, 82, 240, 68, 53, 169, 198, 104, 237, 19, 20, 61, 98, 243, 160, 42, 39, 105, 52, 43, 215, 64, 119, 48, 8, 38, 22, 150, 85, 128,
171, 149, 144, 228, 31, 239, 76, 68, 205, 80, 28, 201, 157, 37, 147, 108, 49, 128, 223, 2, 60, 106, 206, 99, 234, 143, 184, 18, 188, 112, 34, 126, 138, 43, 97, 164, 158, 114, 233, 91,
60, 160, 254, 180, 178, 185, 242, 96, 146, 43, 94, 216, 169, 47, 250, 198, 237, 59, 102, 198, 18, 220, 176, 6, 108, 109, 188, 50, 144, 122, 183, 239, 237, 30, 6, 109, 40, 48, 198, 249,
153, 225, 168, 161, 108, 59, 12, 162, 52, 67, 157, 241, 47, 215, 142, 157, 167, 90, 25, 53, 72, 24, 176, 191, 184, 182, 250, 57, 234, 236, 46, 234, 115, 205, 104, 48, 23, 254, 71, 107,
214, 89, 49, 83, 183, 147, 158, 157, 252, 2, 213, 216, 147, 15, 85, 27, 48, 232, 87, 190, 167, 209, 80, 102, 144, 199, 227, 2, 155, 97, 127, 26, 211, 68, 203, 9, 62, 154, 75, 108,
68, 154, 111, 222, 141, 214, 124, 19, 204, 206, 216, 241, 72, 247, 98, 54, 184, 160, 36, 250, 40, 169, 139, 234, 6, 191, 0, 129, 13, 30, 15, 19, 206, 39, 191, 99, 31, 101, 35, 212,
211, 168, 37, 109, 238, 163, 244, 250, 51, 73, 178, 243, 8, 213, 222, 154, 245, 106, 145, 143, 200, 223, 62, 233, 130, 153, 69, 91, 188, 201, 210, 165, 119, 62, 212, 87, 188, 24, 242, 185,
209, 182, 94, 126, 144, 158, 135, 111, 242, 209, 41, 43, 22, 92, 210, 207, 112, 172, 146, 142, 166, 204, 133, 106, 201, 175, 13, 179, 16, 244, 215, 85, 153, 28, 161, 119, 39, 159, 93, 52,
1, 223, 171, 74, 112, 121, 214, 124, 212, 255, 96, 134, 63, 228, 194, 61, 188, 115, 130, 201, 157, 105, 43, 53, 116, 15, 76, 146, 49, 126, 113, 236, 227, 212, 51, 200, 134, 6, 191, 43,
153, 203, 197, 124, 155, 154, 87, 155, 31, 100, 119, 0, 253, 15, 80, 179, 167, 123, 160, 188, 166, 205, 4, 252, 184, 204, 166, 176, 22, 112, 65, 222, 104, 55, 54, 68, 167, 57, 116, 200,
205, 72, 194, 34, 76, 4, 113, 239, 160, 119, 29, 64, 110, 124, 172, 105, 6, 49, 44, 79, 13, 239, 46, 168, 210, 253, 158, 230, 50, 212, 5, 100, 254, 66, 16, 196, 188, 46, 176, 93,
108, 179, 216, 80, 60, 60, 231, 44, 225, 138, 147, 7, 191, 112, 123, 81, 141, 29, 75, 175, 137, 92, 231, 38, 48, 209, 128, 193, 245, 171, 238, 63, 182, 4, 91, 128, 176, 6, 159, 197,
205, 43, 83, 230, 39, 252, 176, 27, 42, 90, 155, 59, 156, 75, 176, 202, 244, 83, 70, 73, 12, 85, 224, 245, 166, 186, 198, 163, 19, 41, 62, 161, 21, 63, 178, 203, 114, 244, 177, 243,
209, 117, 122, 42, 71, 16, 193, 220, 206, 187, 161, 79, 143, 159, 114, 168, 79, 214, 47, 59, 54, 171, 55, 35, 212, 105, 90, 102, 152, 211, 186, 146, 175, 89, 244, 150, 180, 51, 106, 3,
41, 199, 73, 163, 131, 142, 66, 57, 140, 159, 160, 2, 137, 68, 2, 42, 210, 112, 255, 24, 22, 191, 67, 95, 53, 170, 27, 199, 169, 159, 50, 53, 241, 245, 140, 177, 79, 240, 78, 47,
179, 165, 51, 217, 7, 222, 140, 205, 31, 129, 77, 140, 60, 43, 5, 61, 140, 59, 224, 95, 58, 70, 44, 214, 211, 196, 51, 114, 238, 130, 244, 248, 107, 75, 219, 194, 48, 198, 227, 191,
208, 119, 144, 168, 183, 207, 62, 216, 168, 148, 99, 43, 189, 224, 220, 189, 55, 91, 140, 114, 190, 19, 205, 161, 130, 217, 127, 31, 199, 198, 247, 122, 206, 135, 38, 107, 107, 100, 237, 200,
96, 182, 236, 155, 146, 219, 189, 83, 240, 175, 67, 194, 71, 233, 195, 80, 228, 60, 180, 31, 55, 130, 15, 4, 21, 203, 182, 83, 124, 92, 157, 66, 175, 203, 100, 233, 21, 155, 142, 92,
164, 2, 147, 188, 239, 69, 52, 101, 116, 124, 83, 150, 28, 21, 114, 168, 198, 233, 47, 225, 200, 46, 150, 44, 228, 250, 132, 94, 136, 215, 115, 212, 112, 115, 117, 39, 173, 87, 103, 197,
221, 102, 211, 151, 171, 228, 86, 156, 192, 205, 167, 241, 29, 60, 66, 250, 117, 32, 11, 113, 242, 92, 32, 189, 202, 14, 226, 19, 59, 33, 69, 164, 160, 124, 69, 62, 44, 55, 151, 116,
106, 12, 58, 48, 39, 168, 10, 177, 174, 169, 173, 220, 21, 219, 38, 21, 231, 53, 38, 233, 150, 49, 163, 118, 72, 168, 254, 126, 29, 66, 238, 25, 235, 158, 197, 48, 189, 31, 25, 110,
157, 4, 84, 183, 240, 75, 227, 20, 119, 217, 234, 220, 170, 172, 215, 31, 141, 85, 112, 226, 137, 92, 131, 222, 237, 21, 73, 239, 110, 219, 254, 19, 87, 97, 145, 99, 140, 110, 158, 140,
240, 59, 123, 103, 60, 75, 215, 241, 145, 130, 164, 189, 27, 22, 15, 163, 34, 91, 176, 144, 112, 204, 174, 223, 167, 90, 58, 22, 46, 1, 196, 223, 190, 146, 149, 14, 142, 203, 45, 175,
53, 252, 99, 22, 107, 188, 115, 93, 151, 76, 71, 71, 145, 215, 167, 187, 252, 24, 214, 225, 184, 21, 82, 84, 16, 200, 94, 157, 131, 234, 19, 96, 139, 238, 197, 35, 166, 82, 88, 36,
185, 68, 221, 43, 30, 152, 54, 15, 72, 239, 18, 250, 151, 190, 7, 26, 242, 255, 227, 145, 85, 144, 83, 41, 177, 160, 9, 194, 58, 205, 150, 189, 34, 251, 78, 166, 42, 43, 37, 28,
168, 47, 157, 63, 9, 100, 3, 239, 230, 224, 103, 68, 179, 170, 244, 217, 100, 11, 201, 219, 119, 214, 235, 189, 238, 106, 150, 150, 207, 196, 36, 235, 187, 193, 118, 4, 133, 213, 150, 132,
13, 19, 202, 53, 148, 72, 149, 134, 213, 133, 83, 82, 209, 196, 199, 125, 185, 167, 92, 88, 9, 49, 237, 183, 125, 243, 236, 162, 136, 225, 244, 79, 225, 189, 70, 183, 16, 203, 243, 111,
153, 55, 192, 24, 109, 144, 93, 30, 0, 238, 136, 102, 5, 107, 171, 72, 211, 213, 25, 168, 6, 239, 132, 11, 185, 17, 190, 169, 144, 81, 53, 31, 116, 80, 80, 186, 113, 43, 51, 247,
199, 234, 49, 231, 200, 31, 191, 44, 153, 219, 212, 124, 155, 169, 124, 149, 3, 2, 72, 124, 239, 72, 106, 232, 183, 117, 212, 188, 184, 208, 120, 160, 205, 136, 167, 235, 50, 32, 81, 217,
60, 96, 49, 33, 136, 22, 10, 185, 193, 68, 218, 13, 43, 47, 102, 166, 253, 75, 72, 73, 21, 66, 160, 79, 49, 12, 55, 19, 6, 139, 14, 147, 140, 143, 166, 162, 28, 239, 70, 90,
241, 110, 33, 238, 189, 37, 243, 80, 49, 159, 233, 103, 116, 85, 197, 15, 151, 158, 184, 21, 189, 107, 25, 8, 157, 67, 8, 183, 176, 1, 231, 54, 48, 209, 218, 193, 245, 172, 238, 31,
148, 35, 35, 199, 182, 16, 133, 228, 250, 59, 75, 220, 47, 202, 254, 16, 76, 41, 170, 23, 146, 102, 162, 243, 238, 83, 93, 74, 52, 73, 163, 183, 166, 188, 187, 252, 9, 55, 34, 157,
119, 107, 156, 139, 14, 207, 141, 233, 209, 57, 30, 24, 58, 32, 219, 173, 184, 175, 230, 45, 154, 206, 21, 164, 110, 214, 45, 68, 53, 141, 78, 117, 210, 83, 59, 75, 157, 176, 229, 177,
252, 0, 232, 198, 157, 27, 20, 120, 3, 194, 94, 162, 146, 218, 66, 66, 131, 227, 222, 38, 155, 85, 90, 14, 207, 112, 210, 21, 102, 161, 118, 79, 125, 128, 12, 241, 151, 186, 111, 23,
252, 209, 236, 243, 78, 139, 89, 20, 152, 171, 8, 190, 7, 250, 131, 193, 117, 172, 33, 137, 47, 111, 28, 30, 175, 52, 151, 63, 8, 126, 44, 202, 218, 168, 37, 9, 185, 208, 138, 210,
70, 33, 252, 194, 49, 199, 180, 235, 253, 22, 180, 212, 191, 198, 18, 202, 187, 169, 2, 11, 185, 245, 231, 160, 60, 5, 205, 67, 188, 24, 238, 186, 211, 152, 71, 69, 132, 157, 193, 102,
225, 154, 96, 49, 60, 56, 181, 171, 50, 207, 237, 160, 190, 201, 131, 114, 221, 202, 2, 217, 55, 210, 164, 110, 242, 49, 178, 120, 7, 128, 5, 33, 1, 189, 171, 15, 16, 81, 157, 28,
164, 203, 6, 128, 81, 164, 147, 58, 238, 0, 184, 144, 180, 95, 11, 107, 124, 124, 73, 131, 119, 57, 92, 174, 195, 175, 18, 196, 149, 17, 227, 59, 190, 218, 225, 93, 234, 189, 73, 196,
63, 6, 74, 23, 142, 125, 73, 186, 136, 26, 193, 128, 205, 224, 110, 185, 196, 249, 194, 169, 57, 4, 65, 238, 119, 1, 22, 122, 182, 34, 28, 182, 208, 116, 198, 113, 10, 112, 94, 171,
140, 89, 72, 123, 21, 77, 139, 107, 60, 35, 22, 49, 5, 133, 60, 129, 202, 181, 144, 228, 60, 226, 38, 74, 243, 80, 98, 233, 146, 81, 133, 115, 49, 161, 200, 100, 15, 74, 246, 61,
211, 183, 184, 12, 142, 82, 102, 70, 242, 43, 122, 139, 238, 23, 203, 67, 114, 209, 140, 226, 138, 200, 143, 8, 148, 90, 109, 192, 170, 34, 193, 246, 230, 37, 124, 243, 54, 240, 198, 62,
87, 111, 176, 123, 160, 106, 189, 195, 210, 30, 96, 118, 18, 99, 198, 240, 165, 182, 197, 129, 8, 17, 54, 152, 114, 34, 168, 242, 42, 247, 161, 211, 171, 90, 2, 58, 85, 38, 129, 167,
197, 139, 161, 28, 187, 222, 18, 153, 86, 221, 92, 68, 37, 228, 98, 88, 239, 89, 34, 120, 198, 169, 189, 189, 143, 101, 223, 244, 148, 0, 15, 123, 1, 206, 73, 148, 239, 245, 73, 127,
183, 131, 164, 2, 170, 14, 125, 52, 185, 72, 203, 4, 52, 165, 102, 104, 114, 237, 59, 197, 188, 132, 19, 76, 151, 209, 222, 136, 45, 132, 81, 10, 177, 214, 27, 192, 7, 174, 215, 212,
45, 251, 22, 178, 114, 107, 47, 32, 212, 47, 159, 119, 41, 101, 1, 255, 197, 224, 2, 68, 179, 189, 150, 183, 95, 16, 253, 131, 119, 204, 201, 130, 220, 17, 204, 151, 159, 210, 17, 141,
172, 189, 125, 0, 149, 247, 139, 181, 55, 91, 233, 66, 133, 45, 202, 130, 166, 218, 69, 71, 180, 173, 236, 74, 211, 149, 101, 75, 47, 92, 189, 166, 113, 224, 137, 155, 190, 236, 252, 10,
221, 159, 82, 205, 52, 214, 215, 72, 190, 43, 134, 24, 54, 130, 49, 52, 21, 238, 183, 79, 6, 86, 149, 104, 140, 233, 60, 162, 12, 130, 179, 2, 254, 123, 152, 205, 238, 78, 119, 105,
116, 116, 83, 131, 51, 21, 60, 216, 200, 218, 94, 205, 151, 12, 150, 26, 153, 197, 243, 1, 187, 145, 93, 216, 50, 75, 76, 34, 134, 6, 92, 252, 150, 88, 240, 152, 143, 128, 109, 254,
211, 238, 165, 151, 52, 47, 49, 202, 86, 55, 41, 120, 142, 53, 0, 180, 235, 68, 221, 34, 6, 4, 33, 238, 138, 98, 56, 105, 102, 93, 182, 69, 1, 6, 0, 84, 39, 180, 93, 155,
189, 227, 155, 247, 50, 213, 59, 84, 192, 100, 21, 210, 235, 29, 148, 76, 78, 146, 225, 88, 12, 58, 243, 52, 212, 191, 157, 23, 157, 99, 102, 4, 130, 28, 104, 164, 178, 13, 232, 0,
48, 160, 255, 194, 240, 151, 212, 59, 141, 0, 92, 199, 187, 66, 251, 223, 186, 16, 121, 253, 30, 254, 179, 17, 112, 112, 137, 23, 241, 106, 244, 255, 151, 63, 122, 120, 36, 96, 172, 207,
164, 229, 139, 252, 55, 15, 86, 185, 48, 83, 154, 195, 48, 249, 141, 220, 132, 117, 31, 22, 55, 26, 223, 139, 242, 241, 224, 56, 158, 238, 18, 152, 72, 203, 119, 76, 52, 129, 116, 87,
212, 120, 6, 21, 189, 180, 166, 185, 190, 98, 132, 222, 182, 15, 73, 68, 28, 196, 73, 135, 139, 142, 66, 57, 140, 253, 166, 50, 151, 91, 93, 123, 220, 121, 196, 44, 59, 141, 117, 101,
86, 129, 53, 250, 173, 157, 111, 55, 234, 238, 220, 154, 36, 240, 83, 14, 249, 197, 37, 190, 58, 170, 137, 231, 2, 191, 41, 130, 111, 11, 30, 50, 140, 56, 132, 66, 58, 81, 95, 237,
218, 201, 51, 88, 150, 140, 188, 230, 118, 33, 209, 248, 32, 220, 180, 154, 151, 22, 144, 165, 159, 207, 61, 249, 130, 194, 89, 11, 235, 246, 148, 141, 118, 33, 192, 60, 130, 8, 252, 157,
168, 217, 80, 8, 173, 176, 131, 122, 160, 208, 67, 107, 107, 92, 209, 170, 125, 168, 236, 182, 182, 199, 137, 76, 230, 175, 30, 193, 12, 233, 195, 80, 134, 17, 155, 29, 51, 168, 7, 54,
118, 228, 172, 83, 35, 83, 203, 31, 168, 193, 16, 131, 19, 225, 163, 47, 207, 16, 171, 187, 144, 24, 55, 12, 48, 124, 92, 129, 61, 25, 114, 168, 145, 234, 16, 246, 200, 83, 159, 55,
255, 222, 135, 124, 186, 151, 67, 231, 29, 24, 112, 2, 168, 106, 118, 204, 166, 67, 208, 137, 148, 254, 121, 162, 221, 226, 251, 184, 62, 61, 65, 216, 76, 51, 45, 33, 246, 88, 43, 205,
242, 11, 226, 22, 22, 14, 122, 149, 134, 113, 65, 66, 45, 82, 215, 53, 29, 123, 31, 30, 112, 136, 0, 137, 134, 137, 175, 225, 22, 244, 35, 106, 243, 81, 102, 203, 146, 91, 163, 94,
73, 202, 227, 5, 15, 85, 193, 8, 244, 191, 129, 26, 145, 23, 48, 120, 251, 34, 7, 166, 138, 13, 227, 45, 44, 155, 250, 195, 244, 152, 212, 57, 150, 30, 35, 135, 203, 62, 217, 228,
179, 6, 34, 249, 43, 219, 236, 79, 99, 113, 181, 100, 128, 77, 183, 140, 212, 87, 98, 90, 85, 68, 198, 174, 153, 138, 218, 130, 49, 106, 47, 163, 34, 91, 176, 145, 116, 252, 142, 210,
220, 110, 35, 101, 36, 56, 128, 190, 197, 182, 225, 38, 142, 152, 114, 132, 98, 220, 99, 68, 37, 165, 71, 74, 234, 68, 71, 103, 202, 138, 140, 136, 228, 112, 198, 156, 143, 59, 70, 24,
13, 194, 110, 157, 137, 215, 73, 94, 179, 195, 239, 58, 167, 113, 76, 27, 192, 64, 228, 105, 60, 131, 116, 90, 74, 239, 18, 194, 142, 156, 48, 34, 210, 245, 227, 138, 8, 242, 66, 6,
166, 246, 26, 192, 104, 205, 214, 226, 116, 129, 59, 156, 60, 51, 38, 68, 135, 37, 184, 72, 41, 110, 19, 251, 223, 224, 103, 120, 179, 199, 138, 253, 46, 47, 210, 192, 61, 196, 213, 152,
245, 50, 148, 203, 200, 229, 97, 219, 255, 193, 118, 40, 150, 255, 198, 160, 113, 61, 225, 97, 174, 10, 226, 186, 171, 186, 83, 31, 142, 147, 199, 67, 223, 137, 62, 86, 48, 111, 193, 144,
75, 220, 147, 153, 180, 228, 138, 75, 221, 154, 30, 245, 81, 168, 163, 106, 172, 96, 183, 34, 11, 137, 93, 61, 14, 211, 136, 94, 43, 119, 129, 65, 146, 233, 45, 181, 79, 252, 219, 11,
250, 1, 155, 209, 230, 80, 38, 51, 112, 18, 73, 147, 53, 0, 64, 203, 138, 201, 1, 228, 183, 35, 157, 53, 166, 223, 213, 95, 169, 202, 107, 207, 14, 127, 10, 49, 175, 102, 66, 219,
138, 95, 222, 128, 138, 209, 119, 173, 252, 211, 248, 143, 9, 31, 97, 213, 55, 55, 49, 94, 146, 43, 5, 186, 195, 109, 220, 49, 16, 22, 37, 182, 159, 68, 94, 74, 23, 32, 156, 97,
6, 25, 42, 40, 39, 142, 23, 218, 135, 162, 128, 246, 50, 199, 46, 65, 223, 79, 98, 245, 149, 26, 252, 113, 72, 210, 235, 94, 48, 72, 176, 16, 244, 228, 151, 44, 188, 74, 54, 88,
242, 92, 119, 156, 176, 14, 244, 33, 119, 221, 248, 213, 240, 182, 213, 30, 148, 31, 112, 199, 150, 21, 249, 214, 199, 44, 94, 236, 110, 203, 204, 4, 52, 114, 156, 99, 241, 93, 147, 250,
227, 77, 113, 100, 57, 114, 216, 241, 153, 188, 167, 191, 10, 10, 62, 132, 118, 123, 207, 151, 8, 207, 161, 253, 209, 63, 17, 57, 57, 33, 187, 191, 227, 244, 183, 52, 230, 218, 118, 164,
75, 222, 114, 67, 14, 160, 75, 34, 210, 89, 57, 76, 157, 172, 129, 158, 143, 6, 210, 233, 147, 30, 106, 120, 3, 232, 1, 247, 253, 213, 118, 98, 134, 159, 204, 54, 187, 126, 101, 4,
254, 112, 210, 21, 48, 175, 107, 91, 119, 160, 96, 222, 151, 186, 9, 17, 144, 240, 222, 185, 29, 255, 98, 54, 167, 217, 55, 255, 109, 250, 131, 245, 35, 252, 33, 137, 52, 12, 7, 30,
206, 123, 148, 120, 58, 33, 44, 131, 205, 217, 54, 108, 173, 216, 243, 251, 80, 15, 220, 196, 119, 250, 199, 152, 210, 44, 183, 177, 168, 192, 49, 204, 250, 194, 66, 36, 180, 137, 211, 168,
54, 28, 247, 92, 148, 28, 157, 169, 220, 159, 93, 71, 202, 194, 192, 116, 220, 165, 98, 124, 49, 110, 178, 133, 116, 195, 161, 162, 239, 230, 180, 114, 144, 154, 13, 211, 45, 181, 172, 102,
190, 56, 179, 54, 23, 237, 28, 35, 10, 219, 181, 99, 43, 104, 128, 0, 175, 186, 45, 134, 14, 130, 166, 42, 233, 2, 187, 203, 188, 124, 3, 110, 125, 92, 91, 176, 0, 37, 94, 175,
201, 175, 34, 226, 179, 48, 150, 8, 153, 244, 225, 89, 236, 129, 108, 227, 20, 24, 97, 37, 239, 84, 28, 243, 176, 28, 197, 146, 146, 219, 69, 185, 207, 209, 250, 185, 21, 43, 96, 200,
76, 51, 40, 33, 170, 1, 118, 195, 211, 116, 135, 33, 22, 31, 33, 145, 152, 42, 3, 66, 24, 64, 215, 52, 33, 49, 11, 10, 45, 235, 81, 221, 208, 181, 159, 215, 50, 226, 58, 20,
241, 104, 9, 203, 177, 24, 163, 95, 98, 182, 252, 127, 29, 124, 181, 107, 244, 187, 186, 57, 183, 95, 123, 126, 188, 42, 101, 168, 244, 114, 143, 67, 32, 170, 208, 242, 176, 168, 212, 41,
150, 30, 70, 196, 134, 57, 227, 232, 200, 26, 102, 201, 105, 198, 236, 37, 95, 99, 236, 39, 190, 106, 156, 210, 253, 83, 68, 50, 50, 48, 172, 207, 177, 182, 168, 225, 109, 51, 42, 135,
3, 100, 139, 236, 23, 215, 161, 217, 167, 98, 28, 58, 14, 15, 166, 174, 210, 185, 158, 19, 142, 192, 42, 237, 110, 225, 107, 38, 107, 136, 108, 118, 253, 46, 39, 108, 157, 175, 229, 165,
156, 112, 193, 219, 236, 2, 70, 85, 61, 159, 79, 157, 141, 245, 20, 105, 220, 206, 210, 70, 166, 88, 85, 13, 207, 23, 243, 117, 60, 174, 67, 126, 110, 148, 96, 194, 139, 165, 35, 28,
235, 132, 229, 170, 48, 247, 59, 20, 254, 234, 21, 236, 106, 250, 207, 207, 22, 176, 33, 158, 43, 22, 80, 19, 191, 45, 191, 59, 27, 84, 54, 205, 216, 187, 29, 85, 188, 157, 163, 183,
70, 64, 233, 155, 40, 187, 235, 161, 225, 50, 135, 151, 207, 210, 30, 198, 160, 193, 89, 47, 238, 204, 254, 128, 48, 61, 238, 79, 129, 25, 149, 250, 211, 220, 89, 69, 132, 152, 135, 111,
206, 135, 33, 92, 50, 100, 181, 179, 50, 234, 181, 164, 182, 194, 135, 98, 207, 158, 108, 231, 12, 254, 195, 79, 190, 43, 151, 60, 58, 182, 0, 62, 29, 238, 193, 125, 8, 126, 157, 27,
149, 248, 48, 190, 40, 179, 132, 22, 250, 17, 182, 137, 140, 97, 52, 57, 96, 0, 44, 133, 38, 45, 99, 201, 233, 249, 70, 236, 147, 45, 183, 9, 173, 203, 229, 124, 186, 178, 15, 217,
0, 17, 107, 48, 182, 15, 80, 179, 132, 105, 211, 137, 148, 241, 102, 136, 196, 149, 242, 155, 28, 112, 110, 243, 53, 111, 12, 93, 168, 29, 48, 153, 235, 11, 246, 14, 26, 32, 122, 235,
165, 118, 11, 108, 14, 87, 140, 77, 54, 6, 33, 87, 125, 158, 85, 165, 144, 154, 225, 202, 78, 167, 27, 70, 250, 74, 54, 246, 184, 61, 134, 41, 112, 146, 238, 88, 20, 58, 231, 54,
244, 149, 147, 83, 155, 108, 25, 90, 185, 69, 122, 156, 178, 126, 195, 46, 114, 179, 211, 238, 142, 137, 212, 124, 156, 21, 69, 201, 176, 66, 251, 199, 230, 26, 95, 240, 45, 228, 227, 59,
112, 94, 155, 59, 156, 75, 176, 202, 244, 38, 12, 75, 50, 97, 249, 222, 145, 133, 168, 156, 38, 52, 18, 251, 18, 56, 129, 143, 51, 252, 161, 219, 167, 117, 122, 21, 15, 124, 130, 161,
195, 183, 137, 18, 183, 252, 2, 173, 53, 208, 124, 48, 38, 252, 114, 124, 242, 83, 70, 101, 198, 165, 229, 149, 162, 68, 194, 252, 185, 51, 118, 98, 1, 250, 116, 156, 168, 144, 19, 102,
211, 233, 160, 54, 204, 70, 13, 46, 196, 113, 254, 24, 22, 187, 73, 111, 86, 168, 17, 245, 142, 166, 28, 53, 221, 132, 243, 135, 51, 171, 98, 16, 178, 241, 40, 230, 17, 222, 140, 220,
40, 191, 26, 163, 45, 11, 38, 45, 131, 59, 224, 99, 60, 125, 2, 207, 238, 225, 28, 21, 136, 140, 141, 214, 70, 33, 192, 205, 46, 220, 233, 191, 195, 119, 144, 209, 202, 208, 62, 249,
228, 145, 69, 62, 238, 221, 147, 186, 48, 56, 201, 94, 190, 11, 214, 177, 182, 167, 95, 8, 142, 173, 247, 121, 195, 166, 93, 120, 28, 114, 237, 205, 127, 235, 235, 153, 180, 215, 166, 117,
221, 154, 114, 208, 16, 192, 249, 51, 135, 25, 196, 24, 112, 139, 16, 21, 19, 192, 214, 103, 13, 120, 203, 106, 202, 223, 0, 137, 16, 185, 147, 10, 197, 119, 154, 132, 140, 16, 55, 105,
74, 114, 32, 128, 118, 36, 117, 236, 194, 174, 6, 243, 183, 38, 181, 45, 187, 216, 244, 5, 167, 145, 83, 222, 31, 100, 125, 15, 253, 113, 80, 200, 171, 3, 241, 129, 204, 237, 80, 142,
221, 149, 168, 168, 30, 36, 53, 214, 104, 0, 49, 117, 173, 28, 53, 151, 208, 107, 133, 19, 56, 11, 82, 185, 170, 39, 35, 65, 109, 85, 214, 118, 10, 48, 65, 34, 18, 134, 46, 219,
161, 131, 179, 168, 14, 219, 38, 79, 223, 40, 38, 205, 169, 91, 169, 125, 95, 129, 255, 70, 49, 85, 189, 15, 150, 191, 129, 43, 145, 96, 25, 12, 152, 2, 119, 143, 149, 97, 254, 63,
50, 132, 216, 245, 253, 146, 149, 46, 157, 58, 112, 215, 203, 67, 211, 180, 198, 81, 94, 181, 21, 194, 239, 17, 72, 113, 137, 35, 165, 30, 158, 205, 241, 38, 2, 82, 12, 63, 224, 210,
166, 167, 182, 163, 19, 111, 54, 129, 112, 63, 176, 241, 47, 204, 221, 153, 209, 35, 58, 22, 76, 48, 147, 199, 220, 244, 164, 17, 142, 203, 45, 175, 53, 220, 97, 28, 42, 190, 98, 120,
241, 88, 67, 85, 198, 180, 229, 207, 133, 112, 215, 156, 189, 19, 22, 106, 63, 196, 95, 148, 137, 238, 67, 104, 162, 195, 224, 8, 145, 66, 96, 0, 252, 112, 169, 109, 60, 131, 75, 91,
117, 242, 13, 196, 178, 160, 35, 34, 253, 209, 197, 130, 61, 136, 103, 119, 184, 166, 35, 201, 54, 207, 188, 213, 15, 145, 20, 133, 5, 23, 5, 47, 206, 33, 180, 127, 10, 36, 67, 131,
252, 172, 39, 110, 137, 216, 172, 249, 99, 72, 245, 135, 2, 254, 224, 189, 225, 119, 190, 135, 159, 193, 18, 202, 160, 198, 0, 62, 150, 147, 150, 160, 35, 94, 146, 109, 149, 7, 205, 184,
172, 199, 124, 95, 168, 129, 197, 39, 224, 155, 94, 119, 48, 65, 238, 182, 93, 243, 156, 160, 169, 225, 133, 127, 207, 145, 114, 244, 23, 221, 215, 123, 157, 11, 160, 5, 15, 171, 46, 2,
21, 238, 182, 72, 54, 106, 215, 72, 213, 251, 6, 150, 16, 190, 162, 34, 190, 46, 161, 206, 169, 110, 43, 51, 114, 115, 81, 176, 48, 125, 105, 227, 148, 174, 52, 209, 134, 19, 181, 42,
162, 196, 132, 97, 155, 169, 124, 214, 29, 110, 91, 8, 245, 76, 80, 239, 172, 125, 237, 128, 205, 245, 119, 132, 194, 241, 222, 187, 49, 61, 49, 205, 81, 51, 31, 38, 170, 35, 17, 184,
149, 112, 222, 113, 58, 0, 127, 177, 167, 126, 4, 58, 19, 108, 214, 125, 10, 27, 44, 34, 60, 188, 92, 177, 163, 149, 158, 219, 9, 231, 13, 122, 232, 72, 61, 250, 152, 32, 235, 119,
80, 145, 221, 108, 112, 97, 183, 23, 244, 184, 152, 81, 132, 83, 46, 12, 161, 4, 6, 197, 154, 13, 231, 22, 6, 185, 192, 203, 243, 152, 207, 58, 211, 37, 93, 137, 198, 46, 224, 231,
255, 5, 85, 205, 40, 163, 198, 31, 49, 90, 176, 59, 246, 30, 138, 238, 241, 59, 93, 99, 59, 76, 243, 219, 153, 229, 160, 190, 108, 57, 43, 250, 54, 91, 136, 252, 114, 234, 141, 209,
209, 57, 27, 101, 52, 24, 145, 165, 211, 187, 131, 23, 142, 195, 45, 182, 76, 146, 91, 35, 44, 164, 119, 79, 237, 101, 77, 102, 140, 179, 189, 174, 174, 6, 210, 158, 185, 31, 80, 103,
22, 153, 1, 156, 170, 213, 104, 115, 140, 221, 239, 17, 171, 126, 69, 9, 236, 78, 221, 53, 29, 190, 83, 87, 64, 224, 110, 206, 183, 166, 124, 26, 151, 243, 140, 136, 18, 177, 127, 47,
248, 255, 11, 214, 53, 246, 181, 205, 53, 175, 55, 172, 1, 27, 75, 19, 221, 103, 128, 122, 70, 34, 24, 248, 197, 247, 53, 82, 153, 177, 146, 221, 73, 26, 236, 210, 119, 197, 244, 143,
255, 37, 222, 130, 132, 246, 3, 232, 159, 188, 104, 92, 180, 252, 241, 186, 117, 37, 236, 106, 135, 24, 148, 158, 149, 143, 100, 95, 180, 199, 242, 99, 164, 141, 37, 79, 20, 93, 233, 205,
70, 223, 172, 161, 247, 196, 158, 109, 210, 175, 88, 235, 23, 200, 249, 87, 172, 52, 161, 29, 55, 161, 47, 58, 19, 238, 193, 83, 39, 72, 203, 70, 136, 167, 62, 162, 79, 143, 146, 20,
188, 119, 180, 200, 169, 29, 2, 119, 109, 10, 122, 133, 0, 62, 119, 218, 157, 249, 34, 193, 151, 55, 132, 50, 169, 213, 229, 95, 155, 190, 116, 135, 22, 24, 118, 32, 166, 115, 118, 231,
221, 94, 246, 137, 148, 252, 6, 187, 192, 146, 169, 185, 62, 46, 125, 202, 117, 32, 3, 113, 175, 13, 28, 182, 205, 104, 135, 43, 26, 31, 76, 152, 172, 97, 32, 102, 49, 114, 221, 94,
13, 123, 52, 10, 23, 141, 85, 160, 208, 187, 186, 162, 28, 220, 58, 93, 241, 110, 62, 203, 240, 26, 244, 115, 66, 202, 223, 95, 16, 71, 206, 42, 245, 142, 144, 48, 191, 82, 12, 101,
250, 0, 112, 135, 149, 74, 213, 40, 38, 194, 220, 179, 151, 147, 212, 19, 157, 37, 65, 210, 134, 47, 250, 197, 209, 6, 82, 172, 110, 223, 221, 6, 52, 109, 159, 59, 188, 126, 241, 209,
226, 38, 111, 56, 29, 112, 216, 249, 186, 139, 197, 130, 20, 105, 42, 180, 112, 56, 207, 236, 8, 212, 162, 234, 172, 65, 34, 53, 41, 3, 128, 181, 206, 151, 161, 36, 167, 255, 42, 148,
102, 221, 112, 22, 42, 254, 72, 118, 147, 76, 52, 100, 157, 146, 186, 146, 179, 65, 132, 204, 180, 12, 18, 31, 110, 152, 124, 253, 143, 242, 67, 71, 168, 195, 166, 28, 174, 97, 82, 14,
219, 64, 163, 16, 105, 139, 125, 82, 119, 158, 48, 245, 242, 168, 48, 14, 198, 140, 212, 169, 39, 148, 109, 8, 152, 251, 43, 227, 109, 250, 215, 188, 106, 156, 54, 175, 13, 103, 80, 17,
220, 58, 129, 64, 70, 81, 17, 155, 220, 172, 59, 83, 244, 128, 170, 207, 83, 50, 206, 229, 3, 247, 176, 149, 244, 36, 180, 165, 181, 151, 24, 243, 175, 191, 105, 41, 153, 209, 144, 129,
51, 5, 232, 67, 161, 76, 207, 169, 188, 163, 77, 4, 183, 185, 250, 62, 164, 200, 101, 102, 18, 92, 200, 205, 98, 173, 188, 176, 172, 231, 130, 12, 196, 169, 87, 194, 43, 230, 230, 80,
178, 1, 149, 63, 52, 157, 82, 0, 110, 216, 175, 96, 49, 105, 179, 79, 129, 235, 2, 157, 25, 158, 204, 62, 179, 113, 171, 184, 134, 80, 60, 42, 51, 115, 46, 188, 8, 31, 65, 173,
242, 219, 62, 203, 148, 13, 187, 22, 132, 250, 235, 23, 167, 176, 96, 250, 19, 76, 125, 23, 130, 83, 98, 202, 169, 79, 237, 130, 185, 245, 90, 156, 233, 219, 190, 178, 52, 47, 97, 204,
52, 104, 42, 94, 147, 60, 48, 172, 224, 104, 211, 26, 6, 32, 34, 171, 160, 38, 23, 62, 50, 105, 168, 101, 13, 7, 75, 3, 7, 150, 22, 146, 144, 165, 148, 233, 24, 250, 37, 124,
241, 98, 54, 210, 184, 57, 163, 73, 66, 155, 248, 103, 47, 58, 212, 57, 151, 187, 128, 82, 188, 82, 25, 75, 129, 52, 125, 135, 149, 126, 201, 56, 112, 132, 252, 238, 244, 139, 157, 56,
159, 9, 71, 247, 209, 6, 194, 201, 216, 59, 38, 242, 110, 195, 212, 30, 79, 114, 163, 19, 169, 26, 177, 140, 238, 83, 95, 114, 71, 75, 195, 168, 165, 234, 162, 185, 6, 15, 86, 187,
47, 107, 184, 139, 114, 244, 181, 228, 220, 125, 13, 53, 55, 30, 205, 154, 228, 244, 167, 18, 169, 255, 18, 172, 68, 208, 124, 59, 55, 182, 119, 108, 234, 90, 4, 117, 199, 132, 129, 142,
143, 6, 136, 227, 143, 1, 19, 99, 63, 196, 126, 176, 163, 139, 67, 120, 168, 200, 196, 37, 187, 113, 80, 63, 185, 78, 190, 7, 28, 160, 75, 5, 48, 136, 24, 245, 235, 159, 33, 19,
192, 132, 223, 141, 8, 129, 100, 6, 158, 217, 57, 202, 58, 193, 131, 231, 8, 152, 59, 145, 14, 11, 52, 2, 131, 56, 132, 59, 48, 66, 7, 248, 219, 172, 34, 83, 185, 166, 135, 221,
99, 40, 205, 134, 49, 206, 180, 181, 236, 14, 218, 213, 183, 208, 36, 196, 255, 165, 89, 11, 180, 201, 234, 221, 119, 61, 192, 60, 142, 72, 214, 142, 182, 154, 124, 82, 159, 176, 247, 91,
185, 180, 67, 70, 57, 114, 237, 172, 127, 168, 156, 161, 136, 225, 235, 83, 214, 181, 90, 181, 60, 182, 164, 126, 254, 124, 164, 27, 15, 182, 28, 54, 21, 238, 128, 84, 115, 83, 171, 69,
179, 186, 100, 187, 79, 248, 131, 4, 241, 49, 134, 207, 180, 123, 55, 56, 86, 81, 92, 176, 33, 14, 107, 216, 232, 234, 12, 235, 207, 4, 181, 14, 142, 240, 244, 95, 186, 177, 19, 222,
17, 2, 109, 2, 147, 106, 104, 207, 206, 26, 253, 182, 179, 211, 82, 231, 209, 218, 230, 231, 61, 58, 80, 139, 81, 20, 28, 109, 128, 93, 29, 150, 240, 118, 240, 26, 40, 22, 37, 147,
146, 96, 30, 76, 16, 86, 170, 100, 106, 39, 16, 21, 20, 230, 45, 186, 221, 173, 250, 249, 19, 207, 51, 118, 201, 91, 104, 245, 140, 92, 235, 77, 108, 171, 234, 112, 47, 60, 226, 61,
241, 184, 204, 83, 134, 98, 46, 93, 185, 48, 97, 191, 238, 113, 156, 33, 6, 173, 219, 213, 173, 204, 148, 121, 138, 20, 34, 248, 199, 25, 195, 216, 220, 41, 122, 205, 45, 226, 235, 6,
74, 80, 187, 109, 243, 103, 128, 249, 243, 36, 115, 65, 63, 118, 211, 205, 190, 128, 163, 136, 39, 18, 46, 134, 110, 101, 146, 212, 15, 209, 138, 218, 142, 90, 99, 0, 12, 1, 156, 132,
249, 241, 134, 38, 165, 207, 42, 235, 98, 225, 120, 91, 52, 171, 64, 90, 237, 88, 47, 86, 168, 128, 130, 215, 191, 101, 225, 246, 147, 14, 103, 89, 38, 226, 75, 138, 145, 254, 21, 93,
140, 225, 186, 67, 150, 123, 90, 121, 209, 89, 248, 50, 28, 167, 83, 69, 53, 174, 108, 215, 129, 128, 33, 15, 195, 243, 252, 182, 39, 161, 108, 9, 128, 198, 34, 246, 28, 183, 183, 180,
13, 175, 0, 145, 1, 103, 43, 35, 214, 58, 132, 85, 61, 118, 6, 228, 239, 247, 102, 113, 142, 130, 170, 172, 106, 50, 200, 211, 119, 182, 226, 234, 255, 111, 134, 217, 153, 194, 0, 210,
131, 158, 115, 92, 158, 208, 209, 219, 11, 35, 209, 108, 182, 60, 148, 161, 140, 167, 69, 91, 187, 207, 255, 78, 234, 172, 65, 81, 103, 108, 205, 178, 70, 178, 149, 130, 128, 192, 253, 106,
198, 183, 67, 208, 20, 246, 197, 85, 253, 1, 134, 55, 62, 138, 2, 14, 61, 237, 186, 103, 62, 120, 180, 104, 138, 207, 16, 154, 9, 239, 155, 32, 238, 115, 151, 141, 238, 31, 9, 40,
50, 80, 77, 186, 35, 23, 74, 245, 200, 201, 66, 205, 168, 19, 161, 58, 187, 203, 213, 91, 157, 190, 75, 197, 119, 115, 22, 48, 137, 69, 115, 189, 191, 25, 225, 137, 141, 229, 95, 154,
236, 249, 227, 181, 52, 28, 109, 246, 102, 54, 13, 82, 141, 22, 8, 206, 213, 104, 134, 18, 22, 15, 102, 153, 168, 38, 21, 77, 21, 78, 179, 94, 60, 35, 31, 43, 47, 148, 10, 133,
210, 188, 224, 202, 12, 210, 33, 28, 186, 104, 39, 138, 137, 34, 133, 44, 102, 155, 207, 113, 2, 85, 239, 13, 235, 149, 133, 56, 167, 65, 39, 126, 129, 1, 88, 143, 180, 9, 243, 47,
114, 174, 233, 193, 244, 199, 227, 127, 128, 4, 79, 128, 176, 45, 159, 222, 205, 43, 96, 175, 52, 193, 229, 16, 55, 120, 189, 24, 128, 117, 179, 239, 151, 54, 113, 73, 71, 52, 164, 235,
168, 248, 188, 183, 6, 10, 79, 152, 12, 91, 136, 150, 42, 232, 209, 221, 177, 52, 60, 41, 48, 111, 129, 212, 187, 143, 128, 85, 233, 155, 47, 147, 92, 211, 111, 64, 13, 130, 79, 125,
226, 78, 36, 87, 134, 164, 144, 205, 173, 7, 212, 214, 183, 44, 114, 27, 6, 229, 110, 148, 145, 212, 18, 89, 136, 254, 230, 52, 149, 83, 119, 42, 227, 78, 169, 9, 39, 177, 101, 125,
118, 154, 9, 225, 129, 217, 13, 76, 156, 238, 215, 145, 17, 244, 36, 19, 169, 229, 70, 244, 43, 200, 161, 223, 18, 142, 33, 165, 32, 106, 29, 63, 161, 103, 128, 73, 70, 34, 71, 228,
253, 199, 59, 82, 153, 166, 172, 207, 65, 51, 215, 242, 12, 197, 244, 169, 192, 48, 178, 177, 200, 196, 60, 250, 152, 169, 104, 92, 180, 252, 151, 160, 11, 35, 200, 111, 182, 52, 246, 154,
145, 143, 100, 66, 187, 187, 208, 64, 187, 172, 72, 79, 15, 93, 205, 172, 70, 239, 235, 189, 239, 217, 167, 13, 212, 158, 101, 201, 55, 254, 215, 78, 161, 27, 188, 125, 46, 148, 6, 120,
110, 216, 147, 72, 37, 112, 179, 26, 160, 201, 102, 157, 74, 179, 194, 4, 255, 12, 225, 171, 158, 111, 116, 10, 103, 15, 77, 140, 124, 123, 104, 163, 237, 250, 12, 248, 154, 9, 153, 6,
152, 197, 224, 104, 156, 153, 103, 216, 119, 99, 64, 13, 253, 79, 20, 241, 134, 7, 221, 161, 185, 143, 109, 160, 243, 219, 243, 156, 20, 127, 60, 233, 105, 21, 14, 76, 149, 54, 9, 168,
149, 126, 225, 7, 27, 55, 127, 143, 167, 36, 38, 76, 39, 74, 170, 79, 10, 27, 46, 2, 62, 142, 81, 177, 221, 173, 153, 249, 19, 248, 51, 102, 201, 102, 41, 210, 148, 49, 235, 125,
111, 207, 243, 77, 47, 54, 243, 25, 212, 184, 182, 13, 132, 117, 46, 81, 161, 48, 126, 186, 141, 0, 206, 1, 119, 203, 149, 142, 228, 223, 132, 107, 190, 94, 37, 237, 222, 74, 148, 174,
186, 18, 114, 163, 125, 164, 142, 92, 37, 57, 249, 15, 246, 30, 153, 155, 152, 92, 23, 83, 72, 81, 230, 171, 163, 182, 168, 188, 48, 57, 0, 129, 55, 49, 214, 139, 6, 250, 156, 255,
171, 53, 22, 21, 81, 57, 156, 155, 241, 141, 178, 42, 187, 220, 46, 237, 97, 250, 115, 13, 38, 185, 111, 121, 211, 79, 47, 76, 184, 159, 174, 154, 255, 122, 244, 216, 176, 26, 97, 102,
16, 231, 122, 176, 138, 198, 125, 102, 177, 201, 247, 73, 213, 110, 119, 34, 224, 111, 198, 49, 102, 132, 65, 8, 116, 128, 22, 227, 158, 217, 124, 18, 156, 236, 227, 143, 63, 161, 82, 24,
161, 223, 53, 235, 5, 221, 163, 197, 21, 177, 35, 181, 50, 105, 47, 32, 213, 40, 129, 114, 74, 88, 50, 221, 201, 193, 97, 109, 180, 135, 182, 251, 109, 76, 192, 209, 34, 238, 224, 244,
236, 61, 218, 207, 202, 149, 44, 208, 133, 131, 114, 7, 141, 214, 204, 138, 47, 48, 218, 102, 156, 59, 205, 250, 131, 139, 103, 117, 155, 155, 237, 93, 178, 164, 35, 42, 61, 73, 231, 203,
54, 175, 239, 165, 143, 229, 240, 113, 255, 148, 65, 193, 40, 232, 163, 75, 187, 39, 185, 12, 51, 247, 51, 10, 49, 192, 210, 22, 51, 45, 147, 114, 164, 244, 122, 165, 20, 248, 176, 41,
184, 11, 171, 207, 189, 101, 54, 38, 61, 106, 75, 165, 60, 63, 55, 218, 149, 207, 45, 234, 144, 83, 149, 6, 141, 245, 216, 116, 136, 168, 16, 158, 49, 67, 76, 2, 247, 123, 113, 190,
143, 121, 212, 161, 155, 208, 126, 227, 220, 241, 222, 155, 17, 47, 98, 232, 52, 60, 44, 45, 161, 53, 47, 140, 202, 73, 223, 45, 8, 13, 125, 190, 136, 65, 64, 97, 53, 82, 129, 94,
61, 125, 76, 54, 32, 168, 11, 167, 215, 167, 134, 255, 59, 214, 21, 102, 236, 40, 31, 149, 190, 92, 165, 74, 115, 172, 232, 97, 21, 120, 241, 13, 214, 236, 152, 5, 166, 98, 25, 8,
137, 49, 30, 173, 234, 23, 210, 93, 18, 138, 232, 175, 172, 183, 194, 15, 171, 59, 86, 223, 154, 1, 193, 206, 164, 15, 65, 236, 21, 207, 176, 16, 52, 115, 178, 49, 172, 78, 162, 142,
220, 61, 65, 87, 9, 54, 161, 221, 187, 178, 176, 248, 20, 63, 46, 129, 29, 61, 182, 235, 0, 246, 139, 199, 143, 65, 13, 58, 53, 48, 184, 191, 199, 187, 146, 45, 156, 197, 54, 233,
82, 251, 84, 36, 12, 156, 104, 92, 156, 100, 70, 77, 182, 157, 149, 157, 132, 119, 158, 203, 137, 57, 119, 31, 29, 219, 14, 151, 240, 140, 67, 109, 156, 200, 230, 2, 171, 15, 112, 103,
219, 85, 215, 40, 7, 248, 53, 8, 68, 177, 118, 225, 190, 159, 118, 54, 142, 207, 228, 241, 22, 247, 122, 49, 172, 222, 60, 187, 106, 170, 139, 248, 40, 176, 54, 150, 37, 14, 15, 10,
143, 1, 184, 96, 27, 95, 6, 206, 187, 207, 31, 105, 136, 165, 161, 164, 119, 78, 247, 250, 60, 254, 238, 177, 210, 54, 173, 165, 145, 222, 45, 245, 157, 169, 68, 95, 143, 200, 232, 138,
8, 19, 232, 105, 243, 74, 157, 132, 131, 165, 67, 9, 134, 155, 224, 62, 232, 144, 36, 42, 13, 70, 178, 139, 54, 218, 171, 147, 175, 197, 242, 81, 228, 172, 76, 184, 43, 226, 213, 69,
147, 28, 133, 11, 39, 232, 28, 25, 20, 200, 181, 65, 19, 70, 151, 114, 167, 253, 23, 182, 54, 166, 176, 89, 197, 7, 227, 180, 144, 75, 45, 44, 53, 67, 91, 157, 12, 8, 55, 239,
220, 203, 51, 242, 138, 35, 191, 23, 141, 194, 248, 95, 237, 157, 114, 206, 119, 103, 124, 16, 171, 9, 92, 188, 211, 30, 161, 151, 200, 237, 110, 254, 204, 155, 163, 145, 7, 58, 103, 223,
60, 96, 1, 109, 247, 35, 34, 142, 235, 102, 129, 43, 71, 31, 122, 181, 251, 124, 31, 65, 26, 44, 175, 105, 116, 5, 10, 3, 30, 158, 17, 156, 170, 250, 237, 248, 54, 166, 37, 92,
253, 118, 36, 138, 238, 30, 240, 88, 117, 214, 241, 87, 23, 123, 207, 3, 236, 191, 146, 21, 198, 64, 30, 70, 179, 56, 87, 155, 181, 124, 224, 42, 116, 223, 212, 171, 139, 146, 242, 15,
221, 45, 45, 225, 132, 6, 227, 225, 255, 7, 73, 181, 21, 225, 229, 40, 52, 97, 234, 59, 150, 103, 158, 227, 146, 53, 123, 117, 38, 74, 238, 171, 185, 150, 159, 184, 54, 119, 5, 253,
34, 94, 188, 235, 0, 167, 135, 156, 212, 61, 98, 32, 59, 63, 204, 150, 164, 243, 169, 44, 236, 248, 125, 178, 82, 150, 86, 27, 32, 132, 93, 77, 221, 114, 58, 114, 164, 169, 164, 191,
178, 114, 193, 133, 146, 17, 79, 26, 114, 254, 114, 135, 134, 142, 105, 88, 163, 199, 228, 37, 175, 64, 65, 26, 248, 19, 252, 40, 7, 145, 52, 8, 85, 141, 11, 242, 174, 128, 60, 18,
246, 217, 224, 141, 24, 142, 88, 18, 163, 163, 30, 184, 53, 240, 157, 235, 43, 252, 46, 138, 32, 108, 45, 19, 163, 31, 156, 34, 9, 78, 22, 228, 209, 241, 26, 70, 184, 154, 160, 242,
118, 24, 216, 130, 15, 232, 206, 150, 253, 104, 186, 175, 186, 206, 59, 208, 161, 190, 105, 4, 143, 247, 242, 143, 11, 95, 240, 87, 252, 76, 198, 175, 213, 191, 124, 118, 132, 147, 250, 86,
178, 145, 34, 39, 111, 57, 188, 200, 60, 221, 239, 167, 146, 229, 165, 8, 211, 144, 126, 211, 10, 241, 217, 122, 147, 58, 128, 60, 102, 181, 13, 34, 50, 228, 148, 82, 28, 47, 213, 31,
164, 251, 7, 168, 74, 176, 129, 33, 184, 116, 148, 179, 136, 114, 107, 31, 98, 107, 93, 172, 54, 56, 55, 238, 157, 210, 49, 139, 146, 47, 147, 18, 161, 252, 129, 65, 133, 146, 21, 246,
1, 102, 119, 60, 135, 93, 107, 189, 139, 75, 216, 194, 173, 208, 12, 181, 254, 226, 230, 236, 116, 123, 70, 209, 64, 26, 23, 37, 148, 56, 8, 203, 202, 68, 205, 18, 11, 23, 34, 154,
255, 70, 30, 126, 60, 116, 189, 63, 22, 5, 32, 55, 124, 170, 39, 158, 212, 188, 227, 187, 31, 254, 68, 125, 241, 73, 56, 236, 137, 57, 133, 75, 46, 182, 232, 97, 16, 103, 207, 14,
151, 178, 193, 82, 201, 18, 2, 9, 155, 7, 86, 197, 165, 15, 222, 6, 1, 143, 255, 201, 180, 156, 143, 25, 145, 46, 35, 217, 137, 31, 205, 219, 229, 52, 65, 212, 6, 253, 213, 62,
97, 46, 138, 5, 247, 105, 182, 246, 199, 83, 64, 122, 47, 77, 227, 233, 142, 163, 176, 152, 106, 53, 46, 153, 42, 91, 188, 225, 11, 171, 139, 233, 140, 93, 62, 101, 59, 13, 147, 168,
179, 174, 156, 55, 176, 236, 45, 237, 99, 235, 112, 59, 1, 171, 113, 104, 204, 51, 36, 20, 156, 137, 149, 169, 178, 86, 129, 232, 239, 22, 114, 102, 8, 206, 76, 244, 149, 140, 67, 126,
150, 158, 237, 38, 138, 123, 81, 126, 236, 118, 229, 39, 17, 190, 76, 104, 102, 179, 20, 196, 130, 156, 113, 52, 142, 141, 220, 141, 38, 157, 59, 43, 172, 167, 43, 223, 23, 170, 146, 197,
9, 159, 75, 174, 33, 25, 79, 28, 220, 41, 167, 92, 19, 34, 77, 244, 255, 202, 9, 12, 177, 159, 149, 203, 52, 44, 216, 229, 33, 232, 206, 244, 208, 107, 189, 153, 206, 209, 38, 208,
162, 165, 84, 65, 234, 247, 227, 163, 52, 6, 247, 77, 235, 44, 205, 253, 130, 160, 82, 64, 207, 166, 224, 107, 243, 165, 68, 77, 5, 39, 198, 157, 54, 207, 178, 142, 160, 249, 178, 124,
235, 133, 64, 180, 63, 193, 214, 113, 228, 41, 155, 11, 26, 156, 80, 22, 39, 235, 163, 82, 119, 78, 213, 105, 178, 189, 122, 182, 56, 248, 176, 93, 254, 11, 151, 209, 183, 98, 14, 18,
50, 18, 116, 155, 14, 125, 82, 244, 227, 205, 71, 208, 140, 23, 151, 37, 175, 251, 129, 118, 183, 185, 21, 155, 55, 77, 82, 40, 179, 119, 117, 202, 139, 72, 216, 159, 146, 195, 118, 170,
251, 246, 244, 145, 17, 58, 103, 208, 80, 118, 35, 33, 134, 53, 54, 169, 246, 88, 158, 113, 41, 21, 125, 175, 190, 90, 51, 61, 51, 114, 175, 126, 20, 11, 63, 84, 39, 173, 87, 141,
215, 143, 228, 200, 26, 221, 69, 121, 204, 123, 9, 255, 151, 31, 151, 85, 46, 172, 252, 68, 54, 67, 220, 18, 242, 238, 183, 82, 141, 112, 100, 93, 170, 61, 30, 130, 143, 72, 252, 93,
52, 190, 241, 237, 169, 178, 237, 42, 141, 24, 87, 225, 148, 26, 135, 187, 187, 39, 94, 196, 52, 242, 231, 68, 48, 94, 235, 14, 189, 74, 146, 225, 225, 76, 123, 108, 73, 74, 236, 207,
254, 228, 162, 150, 51, 10, 75, 166, 6, 65, 141, 234, 111, 236, 141, 198, 208, 86, 36, 97, 39, 38, 146, 220, 209, 168, 160, 21, 232, 156, 35, 239, 87, 208, 112, 62, 112, 171, 49, 41,
231, 95, 59, 77, 137, 176, 237, 139, 249, 124, 128, 222, 139, 51, 86, 85, 35, 209, 124, 150, 182, 238, 99, 126, 191, 213, 198, 37, 170, 64, 65, 121, 248, 112, 252, 40, 42, 137, 69, 114,
85, 168, 41, 255, 140, 159, 48, 62, 209, 205, 250, 135, 77, 142, 98, 30, 133, 202, 43, 184, 11, 232, 215, 199, 119, 142, 61, 207, 124, 116, 62, 95, 212, 127, 236, 37, 57, 34, 77, 206,
242, 245, 31, 70, 244, 132, 188, 240, 95, 13, 173, 214, 21, 249, 236, 148, 253, 59, 186, 175, 204, 242, 55, 239, 157, 197, 122, 11, 138, 244, 207, 168, 23, 70, 213, 78, 247, 84, 144, 228,
131, 190, 70, 127, 203, 155, 252, 67, 225, 204, 34, 121, 41, 64, 243, 132, 72, 210, 152, 140, 143, 251, 245, 118, 255, 184, 113, 184, 75, 242, 255, 88, 129, 59, 139, 62, 11, 190, 17, 61,
48, 218, 170, 93, 44, 52, 148, 127, 167, 229, 15, 166, 16, 224, 198, 35, 184, 40, 151, 199, 146, 69, 112, 43, 104, 13, 33, 133, 37, 57, 114, 201, 206, 202, 60, 210, 180, 94, 191, 55,
141, 245, 248, 116, 155, 205, 102, 153, 117, 24, 110, 115, 178, 114, 113, 241, 179, 110, 198, 168, 171, 243, 115, 143, 237, 208, 251, 134, 104, 127, 104, 200, 79, 56, 110, 37, 160, 25, 8, 171,
255, 74, 236, 43, 76, 2, 102, 145, 133, 35, 8, 33, 53, 46, 143, 90, 21, 59, 75, 9, 38, 136, 50, 136, 168, 249, 237, 168, 26, 249, 4, 29, 220, 84, 102, 247, 158, 92, 145, 113,
117, 160, 225, 77, 1, 75, 240, 109, 211, 144, 179, 22, 205, 116, 101, 125, 138, 9, 30, 136, 153, 72, 150, 67, 40, 188, 232, 181, 176, 172, 227, 62, 183, 59, 123, 194, 151, 58, 194, 192,
189, 86, 85, 175, 54, 196, 239, 75, 48, 95, 142, 102, 172, 30, 253, 244, 199, 23, 125, 118, 41, 107, 193, 208, 157, 234, 154, 229, 13, 96, 62, 188, 53, 98, 147, 252, 49, 203, 134, 251,
175, 86, 2, 21, 6, 26, 147, 142, 255, 175, 128, 19, 168, 240, 39, 185, 87, 233, 42, 49, 40, 158, 108, 105, 239, 110, 6, 67, 201, 210, 157, 151, 187, 127, 254, 216, 142, 77, 97, 31,
119, 239, 97, 150, 240, 231, 102, 74, 179, 205, 198, 58, 171, 64, 65, 34, 252, 78, 252, 40, 7, 165, 75, 125, 71, 190, 54, 163, 133, 128, 62, 67, 211, 204, 223, 235, 48, 137, 45, 30,
159, 223, 34, 187, 49, 225, 128, 246, 34, 250, 50, 174, 40, 49, 45, 39, 176, 15, 231, 74, 7, 114, 34, 246, 207, 179, 31, 82, 232, 175, 149, 251, 52, 54, 216, 209, 39, 251, 210, 170,
194, 21, 162, 175, 166, 210, 96, 209, 162, 134, 122, 30, 139, 245, 227, 171, 52, 43, 224, 111, 177, 52, 232, 142, 169, 216, 114, 6, 167, 178, 205, 125, 216, 167, 103, 77, 111, 48, 198, 171,
95, 237, 152, 224, 141, 229, 245, 95, 230, 132, 64, 210, 40, 214, 213, 75, 224, 28, 128, 27, 39, 156, 1, 29, 2, 218, 214, 82, 0, 76, 137, 83, 182, 255, 122, 146, 63, 248, 141, 42,
252, 116, 169, 209, 172, 25, 18, 55, 109, 106, 85, 223, 23, 60, 117, 239, 232, 172, 60, 210, 173, 72, 191, 23, 141, 194, 248, 95, 237, 157, 114, 206, 60, 68, 119, 16, 239, 91, 83, 231,
208, 67, 212, 183, 171, 208, 13, 166, 233, 206, 222, 139, 5, 34, 71, 239, 83, 17, 44, 82, 241, 24, 7, 143, 233, 90, 248, 9, 17, 3, 125, 237, 173, 65, 24, 65, 26, 93, 175, 62,
115, 47, 75, 7, 28, 165, 11, 157, 202, 159, 182, 227, 21, 221, 61, 102, 198, 116, 100, 242, 187, 28, 133, 84, 93, 182, 172, 126, 60, 72, 241, 49, 210, 233, 146, 10, 169, 105, 35, 101,
138, 11, 30, 155, 181, 23, 224, 41, 118, 189, 255, 171, 139, 146, 242, 63, 178, 15, 35, 251, 183, 6, 222, 205, 187, 40, 104, 236, 110, 217, 239, 16, 67, 45, 184, 25, 136, 74, 150, 202,
242, 54, 123, 78, 85, 64, 241, 240, 158, 130, 192, 186, 45, 63, 46, 227, 18, 91, 182, 235, 0, 208, 135, 199, 179, 58, 32, 97, 75, 111, 162, 155, 211, 148, 164, 16, 176, 156, 9, 234,
99, 222, 74, 57, 1, 154, 110, 77, 221, 40, 0, 114, 209, 212, 131, 159, 134, 93, 195, 233, 146, 17, 79, 26, 11, 237, 97, 182, 157, 238, 101, 108, 206, 249, 228, 37, 175, 64, 65, 26,
248, 19, 252, 40, 7, 158, 52, 8, 78, 181, 104, 191, 245, 128, 10, 11, 209, 247, 135, 239, 73, 151, 66, 107, 135, 163, 64, 184, 10, 239, 215, 188, 60, 165, 13, 182, 21, 112, 15, 19,
163, 29, 156, 97, 48, 114, 34, 198, 196, 249, 35, 12, 156, 217, 149, 241, 52, 19, 211, 159, 60, 198, 201, 236, 241, 14, 160, 141, 184, 212, 24, 141, 251, 197, 97, 61, 174, 129, 199, 157,
44, 1, 209, 65, 242, 47, 212, 152, 175, 139, 101, 93, 177, 142, 240, 121, 236, 175, 116, 116, 54, 95, 226, 206, 77, 242, 158, 152, 179, 232, 131, 122, 198, 148, 101, 179, 51, 193, 249, 83,
130, 28, 160, 6, 42, 160, 52, 52, 33, 218, 184, 28, 16, 94, 163, 79, 135, 246, 108, 178, 7, 190, 191, 0, 243, 11, 167, 169, 154, 123, 43, 4, 108, 106, 114, 149, 0, 30, 65, 242,
148, 240, 16, 240, 142, 23, 236, 73, 133, 226, 227, 89, 165, 160, 75, 219, 47, 104, 85, 45, 161, 117, 85, 242, 169, 70, 248, 145, 136, 254, 121, 171, 218, 196, 196, 179, 37, 34, 72, 249,
53, 55, 9, 64, 139, 86, 39, 201, 231, 75, 221, 5, 52, 50, 100, 149, 129, 65, 1, 57, 46, 97, 160, 79, 42, 11, 28, 14, 18, 134, 2, 177, 173, 173, 146, 212, 8, 208, 51, 24,
178, 116, 1, 141, 239, 30, 169, 51, 76, 147, 200, 117, 28, 119, 212, 56, 238, 177, 180, 88, 171, 74, 19, 118, 169, 11, 8, 220, 237, 81, 239, 63, 16, 189, 207, 211, 157, 207, 203, 61,
140, 1, 126, 202, 204, 38, 241, 189, 234, 58, 116, 206, 48, 225, 188, 58, 75, 95, 139, 23, 140, 119, 171, 206, 223, 47, 89, 105, 53, 54, 164, 171, 250, 160, 176, 248, 59, 47, 37, 131,
48, 95, 150, 148, 0, 247, 172, 254, 167, 97, 101, 17, 75, 120, 156, 169, 216, 183, 183, 16, 244, 236, 42, 247, 112, 141, 115, 68, 22, 252, 94, 35, 200, 42, 47, 117, 182, 169, 150, 215,
146, 11, 244, 193, 188, 50, 69, 66, 2, 217, 78, 150, 173, 144, 101, 99, 138, 202, 236, 2, 157, 90, 65, 26, 193, 69, 198, 49, 45, 171, 65, 125, 116, 151, 22, 209, 245, 192, 0, 62,
150, 232, 205, 169, 7, 148, 123, 51, 162, 163, 26, 239, 38, 201, 161, 201, 116, 135, 28, 180, 34, 47, 92, 61, 171, 61, 135, 103, 20, 79, 27, 239, 225, 238, 61, 87, 179, 162, 181, 179,
73, 10, 244, 213, 115, 198, 201, 140, 244, 104, 160, 141, 148, 205, 24, 213, 251, 216, 97, 58, 183, 129, 199, 142, 7, 19, 209, 65, 175, 10, 212, 167, 175, 165, 101, 7, 138, 142, 240, 123,
228, 133, 116, 116, 107, 81, 226, 141, 77, 218, 158, 144, 243, 232, 131, 98, 156, 134, 101, 179, 36, 241, 249, 101, 130, 32, 160, 15, 8, 160, 52, 7, 14, 200, 184, 28, 60, 114, 163, 126,
135, 228, 108, 226, 48, 190, 191, 56, 222, 55, 167, 169, 234, 24, 43, 119, 108, 120, 114, 142, 10, 30, 65, 241, 196, 203, 16, 240, 153, 14, 236, 18, 133, 197, 227, 109, 153, 160, 75, 202,
63, 25, 85, 45, 160, 114, 85, 196, 169, 99, 248, 138, 141, 254, 121, 251, 223, 241, 196, 179, 25, 59, 72, 141, 53, 111, 9, 71, 181, 86, 39, 138, 204, 84, 221, 5, 72, 23, 100, 143,
129, 116, 1, 99, 16, 97, 160, 121, 34, 5, 28, 14, 45, 136, 2, 217, 173, 167, 146, 220, 9, 208, 51, 109, 232, 107, 1, 141, 146, 46, 169, 83, 76, 182, 200, 124, 49, 119, 212, 35,
193, 143, 180, 88, 170, 102, 19, 88, 169, 9, 8, 140, 166, 23, 157, 5, 118, 157, 255, 171, 176, 179, 230, 123, 171, 32, 82, 133, 207, 6, 134, 187, 217, 39, 96, 212, 51, 230, 215, 31,
84, 118, 144, 123, 166, 69, 245, 203, 146, 87, 81, 70, 11, 67, 193, 251, 253, 224, 159, 251, 39, 46, 12, 181, 18, 64, 182, 235, 61, 208, 135, 226, 179, 39, 13, 127, 63, 5, 146, 135,
198, 185, 189, 55, 147, 251, 45, 137, 104, 237, 32, 22, 15, 163, 93, 67, 246, 80, 0, 115, 189, 176, 135, 183, 178, 70, 194, 133, 167, 57, 28, 86, 34, 192, 110, 182, 241, 238, 101, 92,
206, 227, 228, 37, 170, 64, 65, 61, 253, 102, 194, 6, 104, 164, 53, 80, 110, 151, 19, 215, 143, 168, 119, 2, 200, 211, 243, 150, 76, 148, 63, 58, 172, 167, 22, 183, 62, 202, 134, 219,
119, 189, 75, 139, 13, 47, 7, 95, 160, 35, 236, 94, 81, 82, 22, 154, 189, 207, 53, 118, 181, 146, 149, 171, 52, 10, 216, 130, 32, 232, 206, 148, 150, 40, 189, 153, 179, 225, 38, 239,
162, 194, 68, 31, 153, 151, 203, 153, 34, 45, 236, 99, 247, 39, 144, 162, 136, 155, 36, 101, 155, 157, 255, 57, 238, 175, 104, 92, 48, 61, 231, 136, 124, 205, 233, 133, 167, 203, 245, 13,
226, 154, 64, 204, 79, 202, 226, 43, 224, 32, 128, 4, 39, 175, 17, 10, 50, 218, 190, 65, 7, 88, 174, 95, 164, 246, 100, 165, 43, 166, 176, 22, 160, 57, 169, 185, 135, 114, 54, 40,
105, 114, 119, 193, 16, 54, 83, 218, 157, 170, 50, 145, 200, 82, 226, 40, 157, 250, 220, 120, 171, 153, 104, 159, 11, 97, 76, 60, 137, 15, 64, 255, 151, 121, 251, 149, 175, 194, 92, 175,
236, 241, 222, 145, 27, 7, 103, 208, 83, 111, 44, 59, 241, 27, 6, 140, 199, 112, 205, 43, 38, 15, 122, 234, 251, 113, 22, 92, 21, 124, 189, 99, 38, 34, 75, 39, 38, 136, 92, 136,
170, 249, 229, 221, 26, 253, 13, 26, 230, 84, 31, 211, 235, 57, 239, 123, 46, 179, 171, 71, 42, 76, 241, 52, 213, 177, 188, 22, 205, 118, 101, 93, 138, 26, 26, 172, 135, 124, 224, 93,
48, 161, 255, 171, 176, 190, 242, 35, 213, 43, 114, 137, 180, 3, 134, 235, 211, 43, 71, 168, 102, 254, 207, 9, 60, 97, 144, 62, 176, 26, 166, 200, 211, 74, 97, 72, 41, 76, 240, 243,
254, 130, 187, 173, 51, 23, 20, 250, 44, 93, 143, 150, 34, 202, 221, 224, 176, 110, 17, 101, 29, 26, 164, 195, 188, 150, 171, 19, 156, 220, 35, 133, 98, 211, 84, 16, 16, 154, 65, 117,
193, 118, 49, 115, 206, 175, 149, 154, 249, 64, 128, 221, 173, 46, 114, 25, 39, 252, 12, 137, 144, 201, 79, 89, 149, 233, 162, 72, 180, 64, 65, 34, 252, 78, 252, 40, 7, 248, 53, 125,
78, 142, 19, 163, 133, 196, 33, 77, 144, 219, 221, 241, 44, 136, 113, 49, 243, 254, 30, 223, 25, 240, 149, 244, 18, 251, 74, 207, 12, 110, 53, 40, 140, 0, 186, 66, 8, 70, 25, 152,
197, 229, 5, 70, 232, 155, 244, 251, 52, 54, 216, 229, 40, 232, 206, 162, 242, 21, 186, 175, 135, 232, 55, 215, 158, 156, 117, 56, 150, 245, 244, 161, 51, 3, 195, 105, 169, 43, 195, 131,
130, 185, 88, 9, 134, 162, 241, 57, 192, 172, 35, 46, 17, 95, 188, 178, 124, 244, 169, 153, 128, 238, 178, 106, 146, 180, 7, 237, 16, 179, 254, 72, 248, 52, 185, 23, 52, 150, 47, 25,
51, 204, 205, 82, 49, 78, 213, 83, 172, 251, 7, 185, 63, 248, 176, 6, 254, 116, 151, 209, 174, 105, 18, 100, 61, 106, 33, 194, 62, 125, 114, 207, 138, 254, 71, 234, 134, 76, 157, 72,
175, 132, 158, 106, 152, 205, 29, 135, 52, 78, 75, 40, 183, 14, 117, 188, 212, 95, 212, 198, 154, 208, 85, 180, 221, 251, 222, 145, 109, 29, 103, 239, 83, 55, 44, 126, 129, 32, 18, 142,
235, 72, 228, 9, 14, 116, 34, 243, 172, 36, 3, 86, 109, 77, 161, 74, 124, 121, 47, 38, 43, 234, 9, 131, 148, 173, 156, 200, 18, 162, 62, 122, 160, 64, 100, 134, 153, 47, 131, 84,
66, 143, 232, 121, 47, 103, 182, 110, 235, 149, 222, 49, 178, 74, 63, 101, 138, 57, 30, 185, 181, 80, 147, 95, 47, 223, 255, 171, 139, 146, 242, 15, 221, 45, 45, 225, 182, 21, 216, 223,
255, 40, 85, 236, 105, 201, 175, 4, 64, 107, 157, 96, 133, 123, 146, 209, 205, 61, 79, 116, 77, 40, 254, 237, 141, 231, 151, 159, 58, 107, 46, 245, 21, 121, 138, 225, 48, 199, 220, 255,
175, 109, 55, 127, 16, 26, 153, 148, 209, 141, 160, 21, 169, 241, 111, 150, 104, 137, 65, 54, 9, 181, 79, 117, 236, 94, 31, 114, 209, 208, 157, 211, 228, 6, 222, 248, 142, 50, 103, 21,
40, 218, 77, 133, 134, 233, 79, 51, 175, 233, 162, 67, 154, 121, 87, 6, 185, 8, 211, 108, 53, 153, 53, 125, 68, 163, 118, 242, 130, 192, 0, 74, 242, 233, 209, 154, 61, 241, 45, 12,
252, 244, 37, 233, 112, 207, 215, 207, 8, 144, 76, 213, 45, 57, 40, 59, 160, 120, 190, 71, 29, 118, 7, 158, 242, 233, 31, 112, 232, 161, 179, 251, 83, 64, 238, 211, 41, 164, 206, 234,
211, 21, 159, 184, 137, 221, 108, 229, 250, 189, 6, 37, 185, 204, 240, 141, 9, 19, 246, 77, 163, 25, 242, 174, 131, 165, 115, 127, 181, 174, 134, 124, 249, 186, 88, 68, 55, 100, 198, 154,
55, 218, 232, 140, 160, 229, 245, 95, 151, 144, 79, 184, 39, 180, 211, 80, 129, 43, 139, 62, 14, 190, 17, 1, 48, 185, 170, 93, 11, 52, 148, 120, 167, 252, 15, 166, 63, 224, 198, 33,
184, 55, 230, 209, 183, 31, 114, 16, 61, 76, 33, 193, 21, 23, 55, 213, 225, 203, 58, 194, 178, 44, 155, 31, 141, 197, 248, 116, 166, 157, 114, 246, 1, 68, 64, 115, 162, 15, 98, 216,
212, 95, 214, 149, 134, 135, 90, 182, 179, 194, 163, 145, 108, 42, 103, 223, 107, 3, 107, 37, 168, 8, 32, 146, 234, 68, 205, 9, 24, 12, 125, 153, 173, 39, 24, 66, 62, 125, 209, 84,
7, 57, 33, 7, 15, 156, 6, 175, 214, 171, 148, 202, 42, 199, 37, 70, 188, 70, 31, 142, 138, 93, 150, 112, 74, 161, 171, 113, 60, 123, 179, 10, 192, 138, 205, 5, 169, 98, 25, 107,
168, 55, 114, 169, 190, 75, 147, 89, 35, 217, 200, 175, 247, 201, 143, 45, 183, 89, 71, 249, 188, 56, 250, 232, 233, 36, 87, 241, 12, 248, 215, 72, 67, 84, 235, 0, 166, 74, 146, 217,
220, 17, 123, 108, 13, 54, 197, 196, 254, 162, 187, 152, 25, 58, 85, 254, 116, 97, 177, 151, 119, 170, 150, 159, 139, 96, 7, 52, 23, 111, 147, 153, 220, 135, 164, 25, 166, 240, 54, 174,
99, 238, 33, 12, 45, 138, 79, 41, 147, 122, 71, 115, 179, 139, 150, 137, 249, 82, 128, 246, 179, 25, 101, 122, 39, 218, 76, 134, 245, 206, 109, 60, 206, 239, 228, 25, 173, 67, 99, 41,
210, 71, 221, 39, 8, 134, 115, 101, 68, 161, 118, 225, 174, 192, 0, 62, 150, 232, 243, 239, 49, 170, 66, 43, 251, 247, 34, 223, 39, 232, 215, 239, 9, 167, 40, 141, 125, 102, 41, 32,
143, 32, 225, 127, 48, 125, 48, 159, 188, 202, 40, 12, 244, 175, 149, 203, 52, 44, 216, 229, 33, 232, 206, 244, 242, 14, 186, 175, 176, 208, 38, 139, 161, 163, 3, 95, 187, 206, 232, 187,
8, 70, 204, 77, 180, 70, 205, 129, 178, 160, 67, 64, 141, 164, 252, 124, 216, 155, 88, 77, 5, 70, 198, 191, 55, 242, 232, 187, 161, 229, 245, 2, 230, 148, 64, 184, 6, 194, 211, 91,
184, 21, 166, 43, 45, 175, 21, 26, 10, 185, 200, 87, 11, 124, 213, 70, 173, 244, 39, 147, 59, 144, 163, 32, 187, 8, 148, 151, 139, 110, 18, 52, 61, 9, 33, 194, 2, 57, 55, 200,
138, 240, 71, 210, 200, 23, 178, 37, 142, 135, 134, 87, 170, 161, 29, 221, 52, 29, 119, 49, 177, 14, 65, 216, 176, 25, 212, 170, 149, 229, 68, 129, 211, 150, 222, 175, 17, 43, 60, 198,
107, 1, 48, 126, 157, 31, 8, 184, 157, 70, 205, 9, 25, 3, 125, 182, 173, 90, 24, 61, 107, 75, 145, 75, 44, 59, 86, 54, 35, 154, 37, 141, 189, 155, 228, 163, 20, 252, 53, 68,
248, 121, 36, 236, 157, 25, 133, 113, 46, 147, 232, 126, 17, 120, 241, 53, 146, 190, 191, 56, 179, 65, 123, 13, 177, 68, 83, 148, 179, 19, 222, 5, 60, 165, 255, 230, 177, 152, 242, 40,
161, 92, 87, 225, 148, 26, 135, 199, 252, 21, 88, 236, 52, 177, 239, 31, 67, 111, 144, 14, 189, 26, 175, 141, 221, 13, 71, 108, 73, 64, 197, 251, 165, 139, 192, 170, 52, 27, 12, 181,
18, 64, 182, 235, 61, 208, 135, 226, 179, 39, 54, 57, 54, 38, 147, 129, 250, 139, 164, 85, 178, 198, 18, 141, 104, 237, 107, 69, 34, 158, 74, 67, 221, 113, 64, 98, 189, 158, 187, 184,
178, 4, 158, 133, 167, 25, 101, 70, 12, 236, 119, 133, 173, 253, 20, 67, 202, 159, 194, 59, 149, 123, 64, 38, 204, 119, 203, 22, 57, 155, 53, 116, 68, 174, 118, 242, 140, 192, 0, 43,
200, 212, 205, 135, 77, 241, 102, 14, 167, 195, 31, 216, 39, 225, 179, 213, 8, 226, 46, 207, 62, 56, 45, 8, 160, 43, 190, 94, 51, 121, 77, 246, 250, 177, 38, 70, 172, 130, 140, 218,
111, 10, 216, 130, 32, 232, 206, 148, 253, 59, 186, 210, 209, 146, 7, 254, 129, 160, 4, 25, 137, 200, 232, 155, 125, 1, 241, 105, 247, 23, 209, 136, 144, 190, 124, 127, 187, 147, 209, 74,
239, 129, 73, 121, 18, 81, 210, 132, 72, 252, 225, 227, 244, 204, 245, 16, 213, 148, 86, 171, 27, 176, 199, 112, 187, 11, 137, 62, 11, 186, 1, 20, 113, 226, 159, 98, 49, 88, 150, 81,
157, 230, 58, 168, 72, 144, 182, 6, 253, 1, 135, 207, 176, 111, 6, 24, 53, 115, 126, 144, 23, 59, 54, 246, 242, 200, 57, 139, 155, 47, 147, 41, 175, 134, 231, 125, 147, 157, 114, 221,
1, 104, 96, 16, 247, 13, 78, 252, 163, 125, 210, 156, 179, 237, 27, 129, 252, 212, 231, 145, 42, 42, 103, 139, 108, 9, 60, 100, 239, 61, 40, 190, 234, 84, 205, 9, 14, 12, 125, 181,
173, 116, 24, 68, 9, 124, 130, 107, 63, 32, 33, 3, 107, 183, 11, 155, 170, 137, 143, 166, 26, 193, 91, 3, 179, 107, 9, 236, 150, 57, 245, 123, 66, 177, 170, 81, 117, 64, 202, 1,
255, 187, 172, 5, 213, 126, 21, 81, 172, 66, 30, 136, 153, 23, 224, 93, 48, 161, 255, 171, 176, 185, 242, 50, 137, 3, 118, 194, 187, 88, 134, 225, 185, 13, 34, 175, 58, 187, 243, 55,
64, 112, 155, 45, 136, 106, 158, 243, 212, 24, 113, 122, 41, 99, 254, 207, 189, 182, 178, 152, 22, 96, 35, 163, 60, 96, 173, 150, 124, 174, 166, 229, 143, 35, 39, 52, 60, 111, 149, 160,
236, 147, 187, 28, 136, 236, 45, 182, 99, 141, 54, 13, 12, 249, 93, 86, 240, 40, 62, 118, 138, 165, 157, 151, 178, 127, 197, 223, 176, 58, 79, 105, 39, 156, 76, 134, 165, 201, 20, 71,
202, 212, 240, 25, 155, 24, 3, 5, 202, 90, 193, 22, 47, 174, 105, 111, 68, 233, 18, 209, 169, 136, 49, 54, 211, 201, 237, 141, 41, 138, 95, 61, 133, 193, 22, 214, 25, 171, 189, 216,
117, 176, 54, 190, 112, 62, 37, 33, 140, 3, 188, 127, 8, 78, 6, 224, 187, 229, 25, 70, 185, 153, 179, 207, 111, 31, 169, 236, 47, 254, 180, 168, 210, 53, 199, 132, 143, 192, 54, 245,
185, 138, 68, 7, 158, 204, 214, 135, 52, 48, 206, 101, 163, 75, 246, 132, 181, 137, 103, 89, 188, 157, 155, 88, 243, 164, 98, 121, 55, 59, 197, 172, 74, 193, 180, 187, 128, 238, 142, 72,
194, 165, 79, 176, 52, 253, 193, 72, 248, 96, 194, 125, 39, 143, 81, 38, 39, 189, 201, 23, 22, 43, 157, 123, 132, 194, 60, 177, 46, 184, 198, 60, 188, 33, 133, 207, 187, 98, 54, 30,
99, 82, 91, 174, 12, 8, 70, 234, 255, 241, 37, 150, 181, 8, 226, 23, 161, 196, 195, 28, 172, 148, 114, 197, 10, 25, 77, 115, 178, 9, 125, 197, 151, 91, 210, 185, 200, 249, 5, 254,
251, 239, 251, 134, 38, 125, 60, 230, 93, 12, 32, 112, 146, 64, 54, 176, 242, 73, 205, 19, 13, 33, 45, 138, 190, 116, 31, 106, 106, 73, 214, 62, 116, 102, 74, 38, 111, 165, 39, 147,
135, 167, 227, 193, 55, 174, 3, 20, 228, 51, 8, 236, 137, 15, 137, 88, 46, 182, 247, 13, 40, 93, 202, 30, 200, 183, 188, 12, 137, 20, 58, 68, 137, 49, 94, 165, 133, 19, 208, 31,
51, 221, 139, 171, 181, 134, 143, 15, 213, 9, 123, 245, 132, 6, 141, 223, 187, 8, 34, 212, 14, 222, 226, 15, 64, 122, 186, 36, 176, 65, 253, 253, 236, 62, 126, 72, 57, 101, 226, 244,
253, 135, 176, 139, 59, 22, 10, 253, 34, 110, 157, 151, 115, 172, 165, 211, 160, 96, 32, 105, 56, 63, 166, 169, 222, 142, 224, 78, 244, 253, 45, 189, 50, 245, 80, 4, 17, 132, 84, 52,
225, 84, 37, 20, 185, 144, 130, 176, 186, 118, 251, 133, 238, 17, 79, 66, 114, 254, 90, 244, 165, 214, 79, 72, 150, 234, 195, 53, 187, 70, 76, 103, 211, 16, 160, 15, 48, 169, 73, 95,
100, 138, 111, 172, 241, 159, 48, 11, 242, 247, 194, 163, 45, 189, 120, 37, 133, 208, 90, 216, 59, 236, 157, 239, 20, 168, 41, 138, 117, 116, 82, 59, 208, 120, 131, 37, 24, 71, 69, 221,
250, 230, 57, 111, 184, 140, 174, 251, 83, 26, 250, 141, 15, 216, 229, 176, 243, 12, 182, 184, 186, 225, 23, 242, 141, 189, 101, 43, 165, 138, 148, 141, 6, 19, 200, 103, 150, 11, 199, 188,
181, 188, 103, 117, 202, 157, 155, 69, 250, 143, 85, 121, 17, 77, 231, 151, 55, 161, 148, 146, 161, 193, 180, 107, 142, 168, 2, 176, 31, 246, 173, 113, 250, 7, 135, 62, 58, 150, 30, 26,
11, 196, 182, 65, 3, 120, 150, 27, 132, 194, 28, 161, 18, 144, 199, 33, 185, 12, 166, 185, 141, 100, 117, 17, 75, 77, 90, 144, 42, 0, 96, 225, 247, 244, 36, 225, 173, 49, 157, 23,
254, 233, 214, 92, 237, 189, 15, 154, 61, 88, 86, 48, 177, 89, 117, 216, 163, 75, 215, 161, 181, 152, 95, 131, 227, 245, 203, 167, 41, 123, 70, 245, 60, 54, 106, 45, 140, 24, 8, 150,
212, 101, 217, 33, 78, 2, 115, 153, 172, 120, 22, 126, 8, 90, 203, 88, 9, 38, 33, 3, 8, 168, 39, 158, 150, 231, 129, 166, 21, 254, 6, 95, 230, 111, 100, 253, 238, 62, 134, 106,
54, 143, 238, 127, 15, 126, 179, 45, 151, 138, 205, 22, 186, 108, 101, 119, 160, 60, 26, 214, 136, 124, 212, 60, 40, 129, 193, 195, 247, 201, 214, 25, 137, 60, 123, 230, 134, 14, 227, 213,
198, 72, 73, 168, 15, 207, 181, 72, 52, 42, 142, 102, 139, 30, 253, 246, 199, 68, 116, 72, 76, 84, 204, 197, 157, 129, 182, 229, 45, 20, 35, 148, 118, 77, 156, 151, 53, 202, 138, 248,
220, 126, 47, 53, 20, 124, 144, 134, 194, 178, 171, 19, 152, 159, 3, 181, 53, 201, 117, 49, 42, 154, 76, 93, 239, 113, 62, 105, 156, 162, 149, 134, 184, 10, 135, 153, 140, 22, 119, 69,
39, 230, 125, 137, 130, 140, 118, 126, 214, 246, 239, 0, 149, 24, 3, 127, 197, 112, 169, 40, 17, 140, 53, 101, 109, 159, 20, 252, 241, 136, 119, 17, 211, 136, 239, 141, 76, 178, 34, 18,
143, 253, 36, 250, 8, 240, 157, 225, 117, 177, 40, 210, 18, 107, 34, 28, 140, 41, 180, 70, 48, 66, 18, 158, 255, 178, 57, 74, 166, 164, 174, 234, 48, 63, 211, 129, 46, 237, 181, 235,
230, 31, 176, 210, 206, 140, 59, 139, 254, 170, 73, 28, 234, 218, 207, 152, 43, 28, 211, 105, 239, 43, 205, 169, 166, 190, 123, 9, 148, 155, 135, 58, 216, 143, 88, 68, 14, 110, 192, 154,
74, 192, 239, 147, 253, 193, 235, 120, 194, 147, 98, 195, 31, 209, 255, 85, 132, 27, 135, 123, 21, 150, 51, 13, 42, 202, 180, 96, 118, 101, 141, 98, 209, 246, 56, 182, 20, 176, 129, 67,
188, 8, 137, 179, 145, 77, 118, 24, 87, 76, 116, 205, 117, 0, 47, 215, 142, 197, 70, 242, 143, 63, 163, 55, 142, 218, 243, 87, 147, 189, 126, 228, 52, 77, 125, 62, 147, 91, 78, 216,
180, 120, 198, 153, 183, 143, 2, 170, 226, 246, 227, 145, 8, 58, 103, 208, 111, 20, 107, 112, 188, 35, 34, 144, 241, 88, 223, 1, 61, 4, 66, 152, 252, 125, 7, 106, 23, 73, 211, 69,
52, 37, 76, 45, 22, 190, 45, 134, 202, 161, 184, 167, 72, 249, 39, 105, 233, 86, 21, 249, 150, 47, 240, 78, 106, 147, 236, 126, 53, 65, 177, 98, 242, 169, 196, 55, 185, 100, 7, 111,
168, 0, 65, 159, 139, 96, 204, 38, 54, 134, 219, 201, 163, 165, 237, 123, 136, 62, 86, 213, 144, 21, 134, 190, 192, 12, 118, 181, 12, 192, 199, 23, 64, 118, 144, 123, 239, 105, 182, 148,
194, 27, 1, 70, 70, 63, 210, 207, 157, 225, 176, 189, 11, 10, 35, 131, 50, 115, 143, 150, 38, 238, 134, 157, 150, 107, 47, 57, 54, 38, 147, 133, 222, 130, 128, 19, 232, 157, 125, 147,
99, 240, 84, 27, 20, 170, 108, 40, 157, 91, 55, 73, 138, 169, 226, 139, 178, 24, 251, 152, 167, 46, 84, 121, 35, 192, 13, 151, 245, 250, 21, 127, 212, 203, 192, 41, 149, 7, 122, 25,
226, 114, 215, 22, 40, 131, 87, 116, 100, 235, 19, 255, 167, 196, 33, 31, 208, 200, 252, 239, 13, 142, 88, 100, 152, 166, 70, 204, 28, 225, 213, 216, 39, 186, 41, 150, 47, 57, 37, 13,
143, 42, 150, 68, 12, 126, 54, 194, 209, 206, 6, 9, 172, 162, 183, 233, 67, 43, 250, 219, 54, 191, 212, 148, 151, 43, 186, 153, 179, 150, 22, 223, 248, 129, 117, 11, 154, 215, 214, 188,
40, 38, 242, 99, 160, 10, 246, 157, 210, 153, 123, 84, 184, 164, 134, 57, 248, 180, 35, 46, 38, 100, 239, 183, 106, 173, 174, 141, 136, 233, 133, 75, 253, 141, 113, 193, 23, 241, 255, 112,
140, 34, 195, 60, 22, 150, 51, 10, 45, 217, 148, 87, 29, 110, 156, 95, 132, 218, 60, 167, 75, 152, 176, 6, 209, 19, 137, 164, 133, 100, 34, 107, 86, 115, 90, 172, 10, 62, 104, 240,
205, 197, 2, 210, 144, 83, 157, 4, 175, 231, 218, 124, 140, 176, 15, 158, 49, 121, 76, 19, 142, 114, 83, 252, 208, 66, 215, 194, 171, 248, 4, 175, 191, 214, 229, 155, 111, 127, 70, 139,
83, 55, 18, 102, 149, 35, 47, 147, 199, 76, 217, 107, 17, 41, 70, 155, 131, 95, 31, 67, 58, 118, 175, 35, 21, 40, 33, 7, 55, 232, 32, 196, 149, 253, 159, 166, 43, 229, 25, 127,
230, 108, 41, 237, 180, 93, 242, 79, 54, 154, 232, 123, 54, 103, 252, 17, 211, 159, 193, 25, 203, 22, 34, 126, 177, 39, 86, 214, 234, 79, 198, 67, 40, 208, 205, 233, 252, 156, 198, 28,
213, 95, 118, 134, 184, 26, 135, 231, 204, 15, 88, 204, 102, 251, 175, 55, 108, 115, 224, 37, 128, 127, 142, 244, 202, 74, 64, 55, 78, 62, 217, 238, 249, 131, 176, 137, 39, 10, 20, 163,
118, 106, 157, 252, 15, 207, 188, 238, 189, 59, 122, 41, 46, 35, 182, 138, 217, 129, 169, 45, 183, 159, 3, 233, 82, 216, 126, 44, 10, 132, 92, 117, 239, 102, 71, 99, 178, 139, 181, 149,
185, 71, 240, 255, 233, 57, 110, 31, 2, 209, 96, 133, 144, 232, 85, 63, 149, 248, 221, 58, 148, 80, 65, 125, 241, 85, 224, 59, 108, 251, 73, 125, 71, 149, 118, 227, 133, 156, 113, 54,
142, 218, 242, 241, 10, 255, 78, 55, 243, 254, 30, 223, 10, 238, 166, 190, 117, 249, 41, 210, 40, 9, 82, 8, 143, 1, 188, 63, 76, 82, 22, 220, 231, 168, 40, 68, 155, 171, 149, 255,
108, 54, 173, 192, 22, 215, 254, 177, 208, 54, 159, 153, 143, 136, 55, 215, 142, 131, 104, 34, 134, 204, 242, 141, 60, 17, 140, 77, 163, 74, 230, 161, 213, 158, 32, 31, 134, 162, 228, 74,
243, 148, 65, 121, 27, 120, 179, 184, 74, 178, 143, 226, 165, 196, 179, 127, 194, 190, 80, 176, 20, 237, 165, 75, 134, 36, 130, 11, 28, 151, 29, 29, 42, 193, 159, 82, 0, 84, 213, 114,
181, 180, 37, 189, 61, 144, 129, 9, 220, 52, 166, 164, 146, 80, 107, 63, 104, 13, 117, 162, 20, 39, 114, 204, 211, 174, 60, 242, 157, 20, 255, 31, 162, 192, 136, 95, 236, 146, 74, 206,
118, 92, 119, 46, 239, 77, 82, 207, 139, 126, 242, 186, 180, 198, 4, 255, 196, 228, 249, 175, 109, 113, 103, 215, 107, 108, 44, 82, 241, 55, 32, 145, 221, 12, 228, 45, 13, 31, 45, 243,
173, 116, 35, 60, 9, 83, 161, 127, 8, 27, 50, 80, 118, 158, 45, 158, 189, 149, 228, 163, 53, 220, 4, 66, 226, 68, 126, 255, 137, 14, 244, 75, 117, 137, 232, 13, 5, 64, 202, 110,
235, 149, 222, 21, 139, 16, 30, 70, 155, 31, 30, 130, 154, 72, 252, 6, 52, 176, 241, 237, 239, 165, 214, 49, 145, 37, 123, 232, 174, 92, 240, 197, 199, 53, 35, 181, 45, 222, 205, 20,
67, 80, 138, 38, 172, 74, 163, 202, 208, 74, 71, 50, 16, 118, 236, 200, 254, 155, 162, 150, 58, 10, 75, 139, 45, 100, 161, 150, 22, 249, 136, 209, 175, 95, 32, 10, 20, 39, 204, 167,
248, 241, 156, 28, 244, 201, 22, 237, 50, 245, 45, 57, 1, 189, 54, 87, 221, 93, 58, 98, 142, 191, 187, 147, 178, 73, 251, 233, 149, 10, 21, 67, 35, 222, 96, 244, 165, 233, 118, 59,
179, 199, 248, 67, 171, 85, 127, 34, 211, 109, 252, 109, 48, 138, 82, 95, 102, 140, 16, 217, 129, 156, 49, 45, 235, 233, 224, 135, 10, 134, 127, 52, 136, 163, 36, 190, 26, 250, 136, 197,
52, 153, 61, 150, 117, 57, 37, 50, 176, 9, 229, 37, 60, 71, 69, 221, 253, 181, 57, 107, 232, 132, 156, 207, 52, 44, 254, 226, 12, 191, 210, 185, 213, 13, 156, 184, 186, 225, 108, 236,
187, 193, 84, 23, 190, 246, 209, 190, 125, 43, 193, 111, 177, 72, 202, 174, 213, 186, 114, 126, 173, 162, 228, 65, 225, 136, 40, 113, 6, 89, 210, 154, 54, 212, 239, 155, 241, 249, 180, 8,
244, 173, 2, 176, 45, 176, 214, 108, 184, 26, 153, 62, 10, 190, 17, 37, 40, 197, 159, 93, 11, 52, 137, 26, 142, 219, 7, 168, 73, 144, 199, 2, 226, 25, 188, 157, 145, 102, 8, 100,
75, 1, 67, 165, 21, 39, 113, 207, 149, 179, 70, 205, 183, 49, 152, 68, 242, 196, 248, 31, 144, 205, 20, 255, 38, 65, 86, 44, 136, 79, 117, 232, 140, 99, 161, 134, 202, 244, 68, 137,
220, 234, 222, 186, 16, 7, 106, 245, 119, 20, 108, 122, 134, 28, 8, 157, 255, 119, 205, 38, 61, 12, 37, 165, 143, 81, 54, 63, 6, 124, 170, 125, 4, 61, 75, 15, 35, 145, 5, 147,
215, 143, 254, 254, 45, 221, 61, 72, 200, 74, 37, 138, 137, 57, 133, 43, 118, 189, 232, 66, 40, 120, 243, 105, 232, 237, 218, 49, 174, 118, 44, 74, 168, 41, 107, 136, 139, 73, 224, 42,
35, 134, 213, 230, 158, 166, 242, 115, 213, 20, 45, 247, 167, 1, 251, 187, 184, 23, 85, 236, 12, 248, 215, 23, 84, 54, 144, 27, 246, 124, 242, 148, 138, 43, 123, 72, 57, 54, 196, 171,
129, 165, 197, 255, 10, 111, 46, 255, 53, 58, 182, 226, 53, 202, 178, 202, 179, 57, 32, 58, 59, 27, 189, 155, 200, 164, 169, 29, 176, 229, 9, 190, 70, 205, 108, 12, 55, 189, 119, 104,
147, 122, 2, 115, 185, 131, 187, 171, 189, 7, 240, 246, 148, 73, 79, 102, 8, 206, 76, 136, 129, 237, 114, 95, 206, 223, 228, 25, 134, 64, 69, 10, 227, 98, 160, 45, 13, 248, 69, 101,
100, 189, 118, 248, 129, 192, 51, 30, 220, 232, 207, 239, 15, 165, 70, 24, 136, 195, 73, 248, 20, 235, 142, 235, 9, 165, 28, 138, 17, 102, 50, 32, 180, 10, 250, 90, 58, 33, 34, 201,
255, 181, 31, 75, 135, 175, 160, 228, 108, 64, 239, 192, 53, 203, 226, 240, 242, 14, 162, 175, 139, 222, 54, 236, 174, 160, 105, 95, 154, 151, 212, 153, 2, 59, 193, 103, 183, 53, 149, 228,
131, 139, 124, 64, 203, 178, 242, 86, 202, 128, 90, 117, 41, 58, 210, 191, 124, 160, 232, 237, 149, 229, 253, 109, 233, 178, 109, 210, 60, 222, 206, 123, 145, 33, 128, 61, 106, 239, 83, 46,
54, 228, 184, 22, 52, 76, 173, 106, 182, 246, 28, 228, 75, 152, 176, 28, 188, 5, 151, 168, 145, 105, 14, 5, 73, 119, 76, 196, 28, 2, 124, 217, 138, 240, 2, 210, 144, 61, 142, 40,
185, 203, 136, 95, 145, 205, 109, 158, 118, 121, 119, 15, 177, 111, 97, 216, 212, 70, 212, 166, 181, 208, 0, 129, 185, 151, 197, 175, 104, 48, 118, 232, 108, 62, 44, 101, 140, 31, 7, 150,
195, 70, 228, 9, 24, 52, 88, 182, 135, 107, 24, 100, 39, 98, 129, 110, 115, 42, 28, 80, 44, 179, 82, 141, 189, 143, 184, 233, 26, 243, 69, 85, 228, 105, 36, 252, 190, 25, 163, 127,
106, 144, 202, 12, 61, 63, 209, 98, 210, 177, 218, 22, 204, 107, 57, 95, 130, 61, 99, 155, 165, 72, 151, 5, 60, 165, 255, 230, 128, 167, 202, 9, 221, 1, 45, 133, 148, 1, 192, 224,
237, 52, 90, 167, 62, 237, 178, 31, 111, 78, 144, 101, 139, 74, 151, 246, 233, 50, 123, 108, 9, 75, 163, 251, 129, 177, 176, 184, 23, 40, 55, 181, 18, 61, 172, 151, 107, 208, 138, 226,
151, 86, 96, 62, 55, 33, 150, 133, 222, 144, 224, 70, 171, 208, 45, 238, 70, 141, 47, 69, 13, 135, 108, 93, 246, 80, 71, 114, 172, 169, 226, 139, 147, 3, 220, 222, 139, 28, 21, 72,
40, 226, 76, 134, 170, 238, 16, 103, 148, 221, 167, 3, 170, 95, 109, 121, 196, 104, 252, 52, 55, 171, 69, 116, 68, 177, 43, 245, 240, 192, 50, 17, 208, 218, 135, 169, 15, 134, 66, 16,
191, 225, 73, 201, 6, 238, 151, 187, 118, 251, 10, 163, 13, 16, 43, 38, 189, 11, 254, 35, 76, 114, 31, 206, 184, 229, 53, 122, 144, 220, 188, 171, 52, 54, 175, 130, 1, 248, 206, 170,
211, 42, 176, 138, 204, 242, 55, 136, 157, 157, 64, 4, 186, 200, 214, 219, 35, 94, 232, 77, 180, 48, 205, 145, 166, 190, 95, 65, 154, 178, 209, 62, 193, 174, 72, 77, 24, 99, 198, 183,
115, 173, 152, 140, 143, 158, 131, 82, 214, 139, 68, 210, 71, 246, 211, 107, 147, 35, 128, 97, 51, 171, 17, 3, 48, 200, 171, 117, 22, 121, 173, 101, 136, 198, 32, 149, 27, 128, 128, 41,
242, 32, 151, 145, 146, 112, 114, 18, 109, 96, 33, 165, 12, 8, 55, 253, 157, 197, 4, 207, 148, 2, 226, 55, 141, 226, 210, 116, 170, 178, 114, 227, 1, 76, 77, 0, 156, 12, 117, 255,
143, 121, 172, 161, 203, 194, 13, 165, 220, 241, 222, 237, 13, 120, 103, 201, 107, 111, 107, 122, 173, 28, 8, 142, 255, 79, 193, 9, 81, 20, 125, 138, 173, 101, 59, 37, 10, 118, 129, 95,
49, 37, 30, 40, 119, 171, 38, 184, 148, 167, 186, 226, 40, 174, 29, 92, 200, 107, 36, 237, 158, 57, 253, 123, 95, 168, 225, 101, 21, 105, 241, 13, 211, 142, 152, 53, 141, 116, 61, 12,
159, 9, 114, 141, 153, 72, 200, 93, 1, 171, 255, 246, 147, 145, 230, 35, 221, 1, 70, 210, 168, 1, 192, 223, 164, 8, 87, 241, 105, 167, 239, 55, 52, 117, 144, 62, 176, 74, 170, 142,
213, 74, 70, 87, 4, 125, 213, 242, 185, 128, 179, 248, 15, 47, 46, 231, 42, 79, 156, 213, 10, 166, 135, 255, 140, 127, 32, 33, 54, 39, 183, 135, 252, 185, 128, 55, 184, 221, 18, 182,
73, 193, 112, 5, 20, 174, 126, 52, 147, 102, 71, 20, 150, 139, 226, 154, 147, 4, 216, 203, 187, 50, 21, 105, 51, 199, 76, 134, 165, 206, 110, 72, 189, 197, 228, 58, 175, 120, 109, 34,
227, 86, 252, 45, 7, 250, 116, 4, 49, 149, 18, 209, 177, 183, 46, 77, 150, 200, 254, 239, 9, 183, 114, 14, 136, 164, 43, 223, 53, 233, 160, 224, 35, 138, 75, 221, 47, 39, 13, 13,
163, 58, 156, 127, 7, 114, 31, 246, 254, 179, 53, 117, 171, 158, 188, 251, 107, 61, 216, 199, 16, 232, 231, 190, 242, 8, 186, 175, 204, 210, 36, 245, 185, 138, 68, 35, 167, 244, 143, 143,
15, 35, 136, 102, 244, 41, 202, 142, 169, 150, 124, 27, 191, 150, 195, 127, 231, 139, 35, 77, 103, 68, 198, 168, 116, 161, 224, 166, 240, 229, 133, 95, 230, 134, 98, 210, 12, 190, 213, 105,
224, 31, 169, 31, 11, 190, 17, 29, 2, 218, 214, 82, 0, 103, 148, 95, 164, 251, 122, 232, 31, 153, 176, 29, 252, 116, 169, 156, 189, 113, 18, 100, 53, 87, 74, 194, 16, 63, 55, 227,
138, 198, 36, 231, 183, 40, 155, 49, 147, 244, 154, 29, 237, 157, 79, 206, 118, 89, 93, 20, 137, 105, 92, 188, 212, 99, 163, 198, 187, 192, 126, 189, 253, 213, 245, 180, 109, 29, 103, 136,
83, 55, 40, 126, 161, 31, 54, 204, 195, 11, 228, 9, 14, 8, 125, 134, 136, 65, 26, 95, 26, 41, 175, 62, 15, 4, 32, 55, 3, 180, 38, 160, 147, 142, 148, 200, 53, 166, 51, 69,
248, 116, 32, 236, 230, 25, 131, 107, 124, 150, 241, 12, 124, 98, 171, 104, 247, 232, 152, 53, 201, 23, 22, 114, 159, 11, 124, 165, 181, 23, 224, 31, 54, 189, 242, 171, 183, 188, 194, 5,
221, 53, 45, 225, 182, 47, 135, 234, 179, 58, 96, 241, 53, 250, 231, 9, 67, 72, 149, 14, 177, 101, 146, 238, 210, 74, 76, 108, 8, 74, 219, 212, 142, 134, 200, 159, 58, 47, 20, 165,
18, 91, 182, 221, 22, 219, 135, 222, 139, 58, 34, 29, 71, 27, 223, 167, 193, 142, 224, 28, 133, 254, 42, 181, 73, 206, 112, 66, 113, 174, 115, 86, 201, 100, 71, 115, 179, 171, 150, 175,
186, 88, 193, 220, 137, 19, 101, 21, 6, 222, 110, 150, 141, 134, 101, 109, 206, 207, 205, 54, 200, 81, 65, 122, 204, 19, 190, 40, 38, 163, 43, 93, 68, 155, 118, 172, 245, 161, 0, 33,
210, 244, 205, 178, 48, 158, 66, 52, 251, 184, 34, 184, 14, 232, 215, 231, 106, 255, 44, 139, 114, 47, 85, 32, 139, 29, 228, 97, 41, 71, 31, 153, 239, 197, 62, 12, 145, 188, 160, 241,
79, 47, 216, 249, 15, 249, 235, 240, 211, 20, 186, 175, 186, 145, 55, 203, 165, 216, 89, 33, 150, 215, 198, 175, 125, 17, 237, 38, 232, 117, 132, 235, 197, 204, 78, 2, 204, 170, 148, 49,
171, 193, 100, 107, 21, 80, 200, 146, 84, 254, 176, 154, 235, 222, 166, 75, 198, 203, 6, 244, 60, 255, 195, 73, 243, 42, 148, 30, 109, 142, 7, 52, 116, 184, 148, 66, 111, 48, 161, 70,
177, 229, 44, 131, 47, 191, 185, 57, 216, 8, 147, 173, 158, 74, 47, 17, 116, 108, 86, 144, 14, 6, 81, 193, 244, 171, 69, 243, 201, 37, 187, 57, 128, 214, 136, 75, 141, 182, 126, 255,
117, 99, 10, 3, 179, 105, 73, 201, 138, 101, 224, 138, 176, 243, 90, 150, 220, 242, 203, 179, 13, 122, 67, 139, 95, 26, 1, 33, 247, 54, 50, 169, 232, 108, 239, 23, 31, 6, 127, 229,
249, 99, 94, 33, 58, 127, 190, 121, 125, 61, 75, 37, 53, 167, 55, 222, 210, 159, 141, 252, 44, 208, 2, 68, 221, 103, 98, 207, 185, 59, 170, 47, 112, 184, 168, 127, 50, 67, 233, 3,
245, 166, 158, 46, 132, 127, 60, 104, 165, 6, 90, 148, 149, 104, 221, 60, 6, 191, 240, 200, 135, 133, 239, 12, 191, 93, 44, 228, 207, 58, 242, 222, 225, 25, 124, 175, 107, 202, 242, 79,
115, 110, 181, 44, 166, 87, 147, 138, 244, 13, 100, 119, 53, 54, 241, 235, 169, 134, 182, 168, 5, 28, 47, 133, 52, 49, 152, 149, 112, 242, 220, 198, 140, 97, 99, 42, 81, 38, 191, 154,
255, 241, 155, 46, 152, 201, 34, 237, 55, 240, 124, 59, 23, 153, 47, 116, 255, 89, 66, 122, 151, 182, 184, 201, 190, 114, 216, 203, 145, 22, 107, 31, 31, 218, 64, 137, 161, 221, 126, 83,
143, 158, 218, 54, 209, 127, 112, 0, 227, 119, 208, 19, 40, 186, 82, 107, 114, 186, 28, 194, 130, 164, 118, 46, 232, 237, 210, 242, 16, 134, 97, 62, 160, 225, 2, 221, 25, 245, 141, 191,
45, 254, 42, 178, 61, 30, 51, 88, 168, 58, 167, 67, 10, 92, 16, 155, 232, 183, 32, 6, 146, 217, 140, 215, 92, 51, 174, 218, 111, 234, 213, 232, 237, 47, 184, 210, 179, 158, 16, 140,
185, 157, 85, 61, 155, 193, 207, 162, 13, 91, 219, 50, 174, 84, 211, 162, 142, 132, 122, 68, 174, 198, 129, 97, 189, 187, 70, 88, 40, 73, 232, 149, 119, 216, 188, 129, 181, 153, 235, 78,
150, 138, 6, 183, 49, 228, 224, 86, 185, 38, 200, 60, 19, 142, 44, 61, 18, 248, 176, 75, 46, 88, 169, 28, 146, 229, 55, 154, 43, 135, 219, 22, 224, 113, 178, 135, 146, 106, 6, 47,
102, 8, 67, 144, 29, 121, 50, 204, 138, 240, 54, 148, 184, 36, 135, 59, 165, 129, 228, 68, 237, 203, 18, 244, 119, 68, 97, 50, 241, 84, 118, 201, 177, 118, 244, 181, 201, 210, 5, 130,
222, 150, 219, 154, 58, 18, 126, 196, 116, 42, 114, 33, 180, 92, 54, 138, 245, 73, 219, 41, 24, 38, 108, 137, 141, 99, 8, 54, 54, 41, 181, 125, 33, 45, 21, 16, 23, 139, 45, 142,
128, 253, 131, 219, 44, 218, 4, 90, 194, 116, 20, 236, 181, 58, 143, 89, 65, 204, 252, 109, 107, 89, 200, 51, 221, 168, 166, 35, 166, 85, 62, 112, 179, 30, 126, 183, 167, 104, 254, 8,
22, 179, 222, 211, 160, 189, 230, 17, 221, 45, 68, 134, 167, 79, 237, 250, 231, 40, 82, 170, 57, 239, 233, 87, 100, 104, 176, 5, 244, 87, 253, 204, 253, 58, 125, 115, 41, 55, 213, 204,
252, 129, 132, 134, 28, 32, 41, 231, 42, 76, 186, 208, 44, 180, 168, 232, 144, 52, 48, 6, 36, 46, 140, 128, 255, 155, 224, 45, 173, 242, 7, 182, 73, 201, 107, 26, 12, 246, 102, 118,
194, 89, 13, 77, 185, 157, 157, 149, 184, 112, 213, 205, 144, 52, 87, 91, 20, 194, 65, 253, 158, 233, 67, 101, 206, 212, 186, 56, 138, 97, 4, 22, 224, 91, 208, 9, 6, 231, 81, 127,
76, 183, 59, 214, 161, 154, 33, 48, 242, 247, 129, 172, 28, 163, 95, 37, 147, 222, 90, 246, 59, 169, 181, 219, 113, 172, 56, 177, 113, 49, 16, 27, 214, 6, 177, 91, 15, 89, 65, 227,
192, 238, 9, 83, 151, 162, 148, 235, 65, 9, 169, 206, 38, 234, 224, 188, 205, 45, 178, 165, 173, 235, 6, 247, 154, 166, 1, 62, 189, 212, 200, 157, 48, 45, 203, 111, 163, 84, 194, 250,
130, 174, 39, 119, 184, 190, 218, 86, 211, 145, 35, 70, 12, 127, 232, 186, 73, 242, 171, 186, 244, 206, 129, 124, 211, 179, 115, 241, 20, 239, 214, 45, 167, 56, 149, 27, 19, 139, 52, 30,
52, 193, 158, 64, 119, 109, 203, 124, 136, 254, 103, 178, 18, 131, 130, 5, 199, 50, 229, 156, 139, 111, 55, 17, 96, 84, 72, 189, 18, 2, 82, 220, 157, 197, 54, 206, 153, 87, 144, 59,
145, 201, 193, 69, 231, 175, 64, 219, 63, 111, 113, 12, 179, 84, 112, 195, 159, 101, 237, 130, 179, 243, 78, 231, 241, 219, 214, 134, 5, 58, 112, 208, 78, 55, 108, 64, 189, 56, 5, 195,
147, 79, 158, 46, 79, 48, 108, 153, 242, 74, 19, 99, 25, 81, 215, 94, 38, 7, 78, 75, 7, 142, 48, 173, 209, 142, 132, 233, 81, 166, 69, 91, 200, 103, 40, 137, 232, 93, 243, 118,
83, 141, 182, 1, 111, 125, 243, 57, 211, 176, 197, 58, 148, 85, 53, 11, 135, 58, 65, 187, 148, 104, 232, 39, 4, 175, 218, 253, 162, 157, 199, 41, 160, 38, 62, 129, 151, 28, 218, 187,
197, 22, 82, 220, 49, 227, 215, 58, 110, 116, 177, 102, 244, 100, 158, 212, 253, 77, 7, 118, 79, 81, 243, 222, 185, 154, 197, 137, 24, 107, 50, 161, 16, 97, 200, 156, 33, 166, 160, 252,
183, 65, 15, 8, 19, 27, 174, 166, 201, 146, 191, 23, 152, 156, 40, 237, 76, 139, 77, 32, 45, 246, 66, 121, 145, 110, 71, 65, 184, 166, 157, 146, 130, 3, 195, 250, 232, 50, 11, 107,
41, 218, 11, 163, 188, 220, 83, 101, 191, 219, 236, 32, 156, 112, 120, 43, 225, 82, 167, 41, 57, 241, 49, 107, 71, 246, 1, 205, 149, 135, 13, 10, 252, 219, 231, 146, 47, 133, 127, 115,
249, 197, 41, 235, 30, 249, 128, 238, 47, 179, 43, 173, 28, 49, 54, 27, 167, 31, 237, 105, 19, 56, 64, 203, 179, 206, 99, 113, 244, 162, 165, 233, 98, 77, 241, 224, 111, 189, 206, 168,
202, 8, 196, 141, 179, 150, 108, 238, 249, 161, 93, 56, 189, 138, 240, 220, 31, 26, 243, 111, 160, 78, 139, 224, 162, 217, 70, 70, 167, 206, 196, 91, 237, 183, 38, 95, 40, 73, 210, 170,
93, 222, 236, 154, 156, 199, 143, 115, 245, 136, 112, 218, 73, 197, 249, 74, 224, 4, 152, 26, 18, 190, 2, 11, 12, 241, 207, 19, 29, 86, 177, 27, 151, 181, 55, 147, 72, 143, 172, 13,
230, 7, 229, 172, 244, 124, 10, 37, 50, 120, 94, 167, 20, 21, 110, 201, 245, 255, 38, 201, 148, 0, 227, 12, 252, 202, 244, 126, 144, 159, 98, 158, 113, 25, 127, 19, 245, 94, 125, 232,
150, 102, 215, 167, 186, 199, 67, 251, 179, 208, 190, 145, 58, 4, 99, 132, 68, 105, 43, 95, 246, 22, 16, 148, 146, 114, 219, 35, 22, 8, 89, 132, 134, 38, 63, 67, 26, 123, 207, 122,
31, 30, 1, 50, 33, 168, 42, 221, 215, 253, 131, 197, 15, 246, 49, 3, 164, 49, 40, 241, 157, 59, 182, 118, 96, 183, 220, 94, 44, 98, 211, 99, 230, 182, 151, 85, 172, 108, 23, 12,
164, 1, 105, 139, 142, 80, 226, 29, 118, 142, 227, 230, 190, 144, 204, 46, 143, 27, 76, 216, 184, 65, 196, 167, 255, 20, 41, 216, 108, 233, 179, 87, 104, 108, 147, 0, 128, 24, 243, 218,
223, 13, 98, 67, 61, 84, 192, 255, 161, 163, 198, 161, 41, 109, 49, 254, 21, 115, 190, 221, 118, 251, 147, 223, 151, 97, 48, 25, 76, 2, 147, 187, 243, 178, 191, 72, 137, 225, 62, 233,
51, 218, 105, 48, 125, 152, 80, 120, 221, 115, 66, 83, 176, 145, 227, 170, 242, 114, 244, 151, 231, 43, 21, 111, 53, 222, 97, 147, 158, 220, 81, 101, 139, 216, 195, 69, 179, 81, 64, 22,
220, 96, 194, 117, 30, 186, 106, 107, 73, 175, 41, 254, 142, 183, 38, 48, 252, 243, 249, 162, 25, 139, 70, 47, 250, 227, 43, 219, 15, 206, 143, 219, 114, 251, 52, 166, 6, 13, 45, 64,
143, 3, 224, 65, 19, 126, 19, 157, 227, 242, 0, 77, 148, 217, 134, 204, 76, 77, 242, 141, 3, 246, 181, 140, 192, 13, 184, 172, 188, 241, 26, 140, 248, 180, 94, 36, 135, 250, 254, 166,
7, 47, 146, 61, 243, 84, 253, 161, 139, 174, 77, 123, 182, 133, 197, 86, 201, 173, 100, 107, 21, 80, 205, 170, 76, 212, 176, 184, 138, 193, 180, 126, 147, 143, 76, 184, 27, 202, 204, 117,
228, 41, 196, 23, 38, 138, 2, 43, 14, 243, 158, 81, 55, 38, 161, 28, 132, 230, 16, 131, 39, 178, 150, 38, 223, 27, 147, 206, 150, 71, 7, 17, 65, 115, 72, 178, 14, 46, 65, 193,
245, 233, 60, 240, 143, 46, 236, 10, 162, 194, 135, 123, 185, 141, 21, 217, 50, 115, 113, 18, 181, 71, 75, 201, 131, 24, 226, 196, 145, 133, 93, 148, 220, 207, 160, 238, 103, 43, 111, 238,
72, 13, 1, 66, 172, 30, 60, 175, 209, 107, 255, 25, 52, 44, 115, 233, 189, 97, 19, 37, 53, 51, 203, 94, 35, 45, 3, 30, 116, 153, 55, 137, 150, 129, 177, 195, 25, 214, 13, 104,
226, 52, 20, 228, 184, 59, 244, 117, 117, 174, 250, 0, 38, 77, 188, 116, 246, 173, 222, 13, 167, 69, 27, 107, 128, 29, 94, 148, 138, 97, 240, 24, 60, 142, 227, 214, 252, 141, 211, 50,
146, 90, 35, 224, 207, 65, 229, 251, 241, 58, 80, 203, 11, 201, 240, 51, 114, 99, 234, 53, 177, 90, 130, 212, 196, 49, 67, 78, 63, 55, 196, 203, 140, 166, 152, 158, 44, 109, 33, 161,
45, 115, 214, 235, 54, 213, 166, 223, 212, 94, 55, 0, 50, 14, 160, 142, 248, 240, 224, 70, 156, 228, 34, 181, 98, 210, 93, 13, 37, 149, 118, 41, 247, 68, 13, 66, 151, 159, 227, 202,
224, 5, 129, 129, 170, 2, 92, 99, 39, 223, 97, 247, 241, 135, 67, 62, 211, 212, 236, 26, 138, 97, 122, 124, 179, 107, 208, 55, 44, 241, 109, 11, 61, 176, 12, 165, 160, 161, 11, 46,
212, 247, 247, 246, 54, 254, 35, 62, 170, 208, 41, 226, 54, 243, 150, 190, 48, 188, 48, 142, 50, 42, 42, 27, 145, 53, 165, 36, 13, 111, 5, 193, 238, 187, 40, 83, 171, 129, 138, 221,
127, 58, 236, 242, 115, 247, 193, 162, 241, 43, 151, 207, 169, 241, 26, 132, 177, 166, 69, 27, 146, 138, 201, 162, 13, 32, 235, 75, 161, 21, 209, 254, 140, 165, 36, 71, 180, 156, 222, 123,
192, 144, 100, 44, 7, 88, 207, 149, 111, 192, 151, 173, 136, 156, 135, 12, 247, 207, 122, 196, 51, 236, 248, 74, 175, 38, 159, 127, 40, 224, 52, 60, 8, 241, 193, 124, 42, 77, 169, 104,
183, 226, 60, 190, 26, 153, 150, 15, 221, 112, 188, 164, 136, 28, 6, 47, 107, 111, 118, 193, 114, 38, 61, 163, 247, 237, 55, 243, 199, 94, 183, 30, 185, 198, 199, 27, 184, 145, 67, 233,
50, 115, 11, 52, 133, 9, 118, 234, 177, 97, 248, 153, 213, 249, 5, 136, 191, 232, 190, 169, 12, 124, 64, 219, 66, 52, 19, 39, 189, 54, 112, 212, 252, 115, 239, 10, 85, 29, 91, 247,
129, 38, 37, 102, 49, 84, 149, 86, 46, 48, 21, 83, 42, 142, 15, 130, 176, 134, 167, 216, 78, 252, 69, 92, 178, 119, 40, 214, 137, 3, 176, 117, 42, 161, 220, 76, 107, 110, 200, 9,
245, 164, 146, 87, 139, 22, 103, 91, 137, 62, 2, 150, 186, 12, 202, 57, 36, 173, 234, 199, 168, 169, 194, 19, 136, 7, 76, 159, 175, 15, 220, 227, 232, 6, 33, 214, 44, 185, 233, 49,
77, 104, 242, 48, 172, 76, 146, 236, 225, 68, 6, 112, 61, 40, 206, 222, 164, 177, 133, 151, 44, 15, 75, 190, 48, 76, 179, 234, 10, 197, 166, 156, 168, 39, 13, 6, 50, 33, 128, 190,
227, 146, 155, 39, 238, 233, 23, 154, 95, 141, 47, 33, 13, 152, 87, 99, 205, 115, 66, 87, 176, 145, 185, 170, 228, 114, 244, 229, 147, 87, 87, 111, 36, 155, 119, 246, 163, 252, 109, 121,
156, 217, 172, 49, 164, 7, 121, 58, 225, 85, 252, 16, 37, 162, 75, 72, 108, 155, 41, 196, 182, 152, 119, 58, 247, 248, 230, 173, 48, 168, 35, 119, 153, 248, 69, 220, 39, 224, 160, 206,
22, 251, 77, 138, 2, 12, 51, 44, 149, 123, 224, 106, 58, 79, 37, 159, 202, 202, 40, 105, 190, 175, 147, 222, 73, 31, 216, 213, 30, 203, 203, 152, 209, 42, 175, 173, 157, 213, 51, 140,
131, 180, 94, 15, 170, 250, 213, 166, 9, 14, 146, 111, 243, 60, 199, 142, 135, 165, 39, 64, 167, 206, 238, 122, 217, 209, 89, 123, 25, 89, 252, 149, 74, 211, 171, 146, 244, 196, 174, 20,
138, 139, 112, 226, 79, 179, 243, 117, 129, 36, 196, 127, 5, 138, 19, 116, 2, 241, 154, 15, 9, 52, 163, 104, 183, 234, 26, 180, 59, 229, 141, 2, 251, 10, 139, 199, 188, 76, 60, 37,
96, 116, 111, 160, 32, 126, 61, 234, 234, 210, 69, 150, 166, 9, 154, 69, 140, 194, 154, 101, 183, 202, 17, 226, 12, 2, 104, 8, 131, 84, 80, 195, 132, 67, 237, 182, 145, 223, 114, 231,
219, 201, 190, 145, 41, 30, 74, 240, 48, 63, 40, 68, 178, 63, 13, 157, 252, 119, 140, 113, 12, 115, 109, 247, 250, 38, 34, 57, 25, 106, 157, 94, 44, 60, 3, 49, 9, 168, 19, 174,
176, 150, 166, 193, 44, 161, 57, 68, 230, 112, 59, 217, 135, 3, 174, 89, 108, 178, 235, 1, 48, 100, 241, 22, 232, 164, 166, 82, 187, 85, 101, 12, 251, 49, 65, 161, 137, 115, 146, 0,
7, 144, 240, 244, 243, 156, 207, 59, 212, 7, 79, 250, 148, 33, 245, 187, 220, 40, 82, 220, 29, 239, 227, 87, 110, 104, 189, 101, 139, 97, 170, 137, 194, 87, 7, 81, 42, 112, 191, 171,
138, 166, 152, 139, 56, 111, 50, 158, 20, 92, 200, 231, 13, 173, 160, 249, 144, 72, 58, 105, 9, 100, 183, 161, 210, 246, 224, 23, 185, 228, 20, 153, 49, 210, 87, 76, 1, 172, 108, 41,
193, 84, 49, 97, 154, 141, 178, 173, 161, 93, 216, 194, 147, 87, 84, 107, 46, 155, 119, 128, 240, 252, 19, 93, 191, 158, 208, 8, 179, 24, 95, 56, 218, 114, 194, 29, 50, 249, 119, 91,
68, 183, 22, 196, 134, 164, 107, 45, 196, 248, 230, 131, 18, 145, 114, 4, 166, 248, 68, 193, 39, 224, 140, 229, 22, 130, 58, 183, 115, 56, 54, 27, 134, 53, 179, 65, 28, 114, 27, 152,
179, 229, 39, 12, 155, 217, 133, 215, 82, 51, 174, 245, 111, 234, 178, 238, 194, 52, 196, 178, 177, 194, 57, 255, 186, 130, 4, 11, 171, 203, 234, 139, 60, 28, 146, 104, 140, 54, 156, 161,
156, 143, 114, 82, 187, 149, 219, 100, 197, 173, 38, 107, 5, 108, 197, 205, 99, 169, 129, 159, 136, 238, 181, 108, 252, 141, 109, 249, 49, 168, 221, 110, 134, 100, 188, 30, 47, 224, 7, 1,
61, 217, 171, 103, 13, 106, 145, 123, 181, 199, 62, 170, 52, 143, 198, 39, 236, 7, 130, 198, 172, 74, 49, 19, 112, 79, 74, 183, 39, 126, 92, 253, 223, 228, 54, 201, 148, 0, 188, 77,
190, 210, 232, 125, 168, 156, 17, 223, 13, 72, 92, 116, 182, 6, 108, 202, 130, 3, 248, 147, 185, 194, 1, 158, 197, 228, 240, 183, 9, 1, 60, 132, 84, 97, 96, 115, 169, 35, 53, 177,
195, 9, 132, 2, 24, 11, 86, 153, 172, 120, 38, 55, 62, 107, 134, 63, 48, 7, 45, 6, 54, 237, 17, 173, 215, 139, 188, 162, 36, 160, 35, 67, 236, 121, 30, 140, 238, 15, 163, 118,
79, 161, 210, 68, 48, 91, 243, 99, 194, 164, 166, 47, 201, 96, 2, 107, 136, 20, 105, 182, 167, 87, 211, 61, 18, 219, 137, 203, 157, 141, 211, 56, 134, 13, 112, 249, 191, 54, 141, 227,
217, 20, 88, 200, 7, 202, 179, 87, 70, 104, 239, 4, 179, 119, 130, 211, 228, 59, 67, 78, 70, 108, 204, 171, 129, 166, 180, 253, 7, 106, 43, 231, 47, 88, 200, 235, 116, 240, 140, 204,
175, 97, 57, 17, 28, 38, 159, 168, 210, 180, 163, 79, 173, 225, 15, 154, 68, 240, 47, 1, 32, 153, 66, 115, 228, 84, 25, 86, 137, 182, 161, 205, 168, 127, 192, 223, 135, 2, 71, 100,
48, 221, 124, 244, 243, 253, 19, 93, 139, 251, 250, 54, 150, 81, 76, 46, 230, 84, 167, 6, 62, 254, 106, 73, 98, 138, 20, 209, 144, 182, 52, 67, 145, 197, 252, 176, 41, 134, 86, 47,
162, 165, 28, 183, 26, 234, 210, 251, 6, 153, 73, 143, 62, 52, 79, 24, 140, 127, 176, 38, 24, 98, 62, 135, 237, 196, 52, 21, 238, 131, 167, 247, 68, 43, 255, 229, 107, 234, 234, 179,
245, 8, 150, 179, 184, 203, 1, 223, 188, 137, 67, 43, 240, 138, 199, 222, 21, 47, 212, 61, 243, 44, 253, 142, 179, 174, 83, 83, 148, 135, 194, 110, 232, 186, 107, 106, 30, 96, 226, 201,
96, 219, 131, 141, 247, 199, 175, 125, 245, 191, 77, 232, 4, 245, 196, 86, 166, 38, 128, 6, 112, 138, 80, 30, 124, 243, 148, 103, 35, 48, 180, 124, 173, 186, 103, 146, 79, 248, 189, 14,
210, 36, 139, 172, 151, 74, 124, 62, 70, 112, 65, 177, 14, 34, 66, 180, 252, 233, 60, 240, 136, 53, 135, 18, 170, 222, 137, 87, 178, 215, 114, 193, 11, 99, 92, 3, 128, 14, 104, 191,
141, 97, 222, 155, 179, 128, 93, 255, 209, 229, 203, 146, 8, 31, 61, 223, 114, 42, 45, 113, 172, 30, 115, 162, 151, 100, 248, 116, 55, 44, 115, 233, 189, 64, 31, 126, 51, 51, 190, 72,
52, 7, 1, 3, 119, 239, 50, 155, 191, 157, 161, 234, 81, 193, 30, 79, 226, 122, 99, 220, 135, 42, 133, 74, 95, 136, 168, 127, 52, 125, 214, 28, 201, 164, 167, 23, 174, 106, 17, 90,
254, 26, 107, 183, 190, 66, 235, 56, 45, 160, 227, 205, 136, 155, 206, 4, 149, 92, 62, 209, 168, 88, 206, 225, 202, 27, 82, 200, 14, 177, 211, 59, 54, 78, 234, 63, 176, 29, 178, 227,
148, 6, 80, 109, 79, 117, 196, 233, 143, 181, 156, 173, 18, 106, 19, 142, 6, 90, 154, 193, 60, 239, 166, 229, 212, 107, 108, 28, 10, 46, 173, 142, 237, 176, 155, 18, 240, 254, 47, 141,
55, 139, 77, 37, 125, 163, 53, 84, 210, 110, 71, 17, 184, 166, 128, 149, 164, 114, 246, 196, 168, 76, 98, 93, 50, 254, 127, 178, 182, 209, 103, 101, 211, 220, 209, 55, 177, 121, 67, 116,
200, 86, 246, 108, 27, 161, 73, 127, 87, 183, 51, 173, 129, 170, 32, 42, 233, 229, 129, 162, 4, 166, 97, 37, 242, 217, 7, 221, 45, 169, 150, 212, 125, 172, 58, 141, 50, 62, 61, 68,
145, 53, 159, 106, 73, 96, 50, 196, 219, 172, 4, 74, 155, 161, 128, 213, 76, 20, 245, 208, 53, 182, 241, 177, 196, 9, 196, 150, 179, 158, 44, 238, 157, 203, 4, 55, 189, 193, 207, 139,
33, 90, 215, 78, 253, 13, 243, 254, 180, 158, 67, 0, 144, 158, 227, 120, 190, 167, 125, 81, 112, 92, 240, 170, 102, 239, 173, 165, 177, 213, 245, 78, 214, 150, 76, 244, 81, 228, 238, 74,
253, 34, 192, 123, 5, 186, 19, 35, 50, 252, 184, 15, 60, 118, 203, 104, 183, 189, 108, 149, 27, 160, 155, 88, 191, 51, 182, 177, 171, 27, 117, 13, 81, 65, 47, 144, 29, 2, 78, 252,
233, 233, 54, 226, 148, 0, 228, 79, 254, 202, 221, 123, 189, 128, 114, 227, 1, 68, 11, 111, 134, 105, 86, 243, 176, 24, 254, 186, 185, 143, 27, 252, 225, 235, 214, 182, 39, 18, 83, 255,
61, 3, 111, 69, 178, 54, 47, 136, 221, 107, 231, 49, 58, 45, 91, 132, 250, 42, 68, 54, 15, 106, 162, 117, 22, 37, 1, 9, 54, 153, 40, 133, 175, 167, 153, 232, 25, 163, 57, 31,
243, 112, 9, 250, 149, 10, 143, 118, 74, 204, 234, 127, 3, 67, 229, 51, 223, 140, 146, 46, 150, 68, 62, 90, 174, 26, 64, 190, 190, 64, 139, 58, 21, 160, 227, 231, 167, 155, 207, 50,
215, 33, 99, 225, 154, 70, 208, 253, 222, 45, 33, 205, 7, 230, 214, 69, 52, 104, 242, 48, 172, 29, 146, 245, 247, 87, 100, 47, 57, 108, 164, 212, 136, 137, 132, 180, 27, 28, 50, 191,
39, 108, 192, 224, 41, 248, 168, 232, 136, 58, 0, 5, 13, 33, 198, 167, 237, 164, 131, 74, 238, 201, 23, 237, 65, 251, 105, 65, 113, 131, 43, 35, 149, 41, 0, 119, 179, 178, 185, 142,
248, 96, 199, 236, 231, 65, 19, 74, 36, 195, 97, 246, 163, 135, 109, 93, 145, 217, 252, 57, 178, 80, 119, 35, 219, 118, 208, 13, 22, 161, 55, 75, 76, 143, 118, 236, 145, 191, 2, 1,
213, 235, 129, 132, 25, 134, 38, 115, 172, 222, 60, 197, 6, 232, 128, 207, 15, 188, 73, 128, 12, 52, 83, 68, 214, 56, 144, 101, 61, 126, 35, 157, 243, 242, 25, 9, 238, 154, 148, 228,
74, 22, 242, 223, 3, 205, 193, 236, 233, 10, 196, 144, 207, 241, 21, 240, 138, 146, 88, 37, 171, 210, 253, 182, 110, 38, 234, 79, 171, 17, 214, 161, 131, 129, 64, 9, 144, 206, 249, 99,
230, 209, 107, 104, 105, 58, 202, 201, 55, 219, 186, 177, 139, 223, 174, 99, 247, 203, 76, 243, 59, 190, 249, 89, 160, 11, 180, 36, 46, 224, 30, 124, 1, 229, 176, 75, 107, 118, 138, 19,
135, 184, 26, 180, 59, 178, 198, 2, 236, 20, 225, 199, 173, 76, 1, 13, 81, 116, 86, 188, 37, 63, 109, 244, 138, 171, 27, 246, 152, 42, 141, 57, 186, 202, 251, 84, 184, 141, 17, 254,
38, 29, 10, 34, 162, 82, 92, 200, 167, 24, 237, 166, 169, 209, 101, 181, 229, 194, 214, 134, 5, 38, 79, 209, 79, 114, 1, 32, 136, 25, 116, 169, 221, 69, 244, 17, 40, 4, 110, 233,
157, 90, 39, 122, 26, 41, 129, 72, 112, 16, 78, 23, 30, 165, 19, 218, 212, 173, 144, 245, 25, 175, 91, 98, 199, 103, 59, 250, 144, 3, 147, 74, 51, 145, 222, 94, 28, 107, 193, 14,
149, 237, 151, 75, 203, 17, 58, 114, 169, 1, 88, 215, 138, 106, 144, 25, 15, 219, 250, 230, 147, 179, 246, 56, 212, 28, 79, 229, 174, 33, 213, 196, 228, 34, 67, 170, 52, 201, 176, 59,
85, 99, 236, 58, 243, 90, 166, 136, 200, 47, 76, 113, 16, 119, 221, 222, 242, 137, 188, 137, 104, 11, 35, 187, 13, 62, 214, 204, 15, 237, 179, 155, 145, 58, 39, 57, 28, 46, 147, 199,
231, 141, 191, 79, 146, 195, 44, 178, 84, 143, 95, 58, 33, 161, 49, 98, 228, 43, 59, 112, 132, 215, 186, 140, 165, 98, 222, 194, 144, 63, 11, 95, 13, 230, 11, 177, 241, 205, 111, 97,
149, 217, 228, 56, 209, 88, 82, 43, 192, 118, 246, 26, 7, 171, 125, 73, 92, 183, 22, 196, 134, 164, 107, 42, 207, 205, 133, 140, 18, 183, 114, 4, 136, 254, 66, 203, 60, 239, 140, 229,
4, 230, 56, 208, 34, 111, 3, 27, 140, 61, 188, 86, 78, 34, 34, 251, 207, 217, 9, 15, 244, 169, 175, 255, 74, 86, 245, 228, 52, 214, 206, 170, 242, 106, 178, 148, 198, 201, 57, 140,
163, 186, 4, 54, 171, 239, 222, 129, 29, 39, 128, 124, 188, 75, 194, 141, 148, 212, 122, 65, 144, 187, 214, 60, 252, 139, 121, 73, 108, 89, 226, 205, 73, 208, 140, 184, 177, 229, 160, 86,
145, 133, 109, 241, 14, 196, 213, 114, 145, 22, 192, 5, 47, 170, 80, 6, 15, 196, 155, 69, 13, 84, 158, 28, 134, 197, 37, 168, 53, 135, 141, 40, 188, 19, 229, 189, 168, 126, 0, 45,
54, 104, 67, 151, 6, 121, 81, 213, 245, 228, 65, 196, 132, 12, 188, 87, 140, 234, 217, 30, 178, 215, 115, 233, 63, 104, 92, 10, 134, 79, 108, 216, 130, 3, 173, 136, 166, 210, 113, 251,
199, 247, 220, 231, 105, 10, 99, 219, 51, 3, 105, 121, 131, 35, 53, 177, 195, 69, 158, 11, 70, 44, 121, 233, 186, 64, 55, 97, 11, 90, 173, 53, 50, 38, 75, 33, 21, 174, 8, 133,
183, 129, 186, 197, 25, 163, 59, 30, 236, 87, 39, 200, 186, 11, 244, 90, 51, 142, 252, 94, 11, 110, 192, 23, 210, 147, 188, 2, 186, 64, 58, 112, 133, 71, 73, 158, 137, 81, 200, 14,
11, 175, 251, 230, 170, 136, 211, 56, 177, 67, 77, 224, 155, 70, 130, 203, 251, 25, 114, 247, 46, 210, 179, 49, 74, 42, 169, 28, 181, 97, 130, 204, 227, 17, 70, 87, 76, 110, 223, 212,
168, 152, 180, 253, 109, 40, 17, 189, 47, 109, 200, 202, 9, 241, 144, 223, 134, 79, 96, 42, 8, 35, 189, 138, 210, 136, 184, 23, 233, 195, 0, 138, 84, 234, 105, 0, 42, 149, 92, 115,
246, 121, 25, 81, 185, 143, 161, 182, 175, 2, 197, 204, 170, 2, 71, 100, 48, 248, 124, 244, 243, 254, 92, 120, 179, 213, 195, 70, 185, 123, 88, 99, 252, 119, 169, 117, 110, 241, 73, 81,
65, 246, 63, 253, 151, 154, 52, 57, 243, 147, 231, 176, 77, 134, 127, 57, 158, 235, 69, 255, 14, 224, 213, 187, 42, 130, 58, 143, 62, 8, 9, 27, 160, 123, 224, 85, 8, 98, 91, 159,
187, 202, 0, 17, 188, 159, 239, 251, 68, 12, 202, 129, 118, 182, 199, 153, 196, 15, 156, 174, 174, 241, 28, 218, 143, 156, 118, 11, 175, 204, 231, 171, 46, 30, 201, 118, 180, 52, 221, 184,
143, 219, 66, 68, 155, 220, 134, 117, 195, 139, 70, 38, 110, 89, 215, 149, 111, 250, 242, 150, 163, 206, 242, 84, 236, 133, 109, 247, 54, 190, 192, 117, 243, 11, 136, 37, 13, 191, 3, 36,
61, 229, 148, 19, 49, 112, 161, 70, 140, 254, 26, 137, 43, 146, 185, 41, 234, 113, 233, 198, 179, 30, 13, 42, 82, 112, 125, 158, 33, 6, 114, 180, 145, 237, 7, 213, 179, 54, 134, 12,
242, 134, 216, 75, 239, 161, 74, 155, 9, 110, 97, 11, 169, 16, 119, 201, 161, 3, 249, 136, 143, 243, 90, 148, 230, 242, 203, 140, 57, 99, 67, 238, 55, 105, 8, 69, 246, 26, 12, 203,
142, 117, 231, 12, 27, 45, 87, 182, 135, 116, 19, 127, 105, 78, 148, 72, 117, 58, 21, 19, 38, 167, 9, 153, 150, 158, 224, 232, 19, 221, 49, 27, 191, 107, 20, 228, 175, 33, 170, 45,
82, 174, 218, 82, 28, 60, 237, 57, 231, 170, 166, 87, 167, 19, 17, 91, 137, 26, 95, 166, 187, 13, 150, 46, 6, 167, 212, 236, 247, 169, 209, 4, 178, 5, 67, 224, 199, 70, 135, 249,
243, 80, 41, 247, 49, 219, 243, 79, 55, 124, 137, 31, 235, 120, 241, 200, 238, 17, 0, 87, 59, 70, 248, 223, 133, 154, 201, 134, 109, 106, 14, 136, 114, 115, 214, 210, 37, 214, 174, 211,
157, 127, 101, 0, 28, 59, 152, 157, 254, 135, 163, 31, 141, 195, 41, 233, 115, 238, 43, 59, 117, 246, 73, 121, 157, 84, 3, 120, 146, 178, 144, 170, 228, 88, 154, 193, 231, 10, 64, 95,
49, 236, 83, 235, 241, 253, 71, 97, 220, 131, 236, 0, 138, 90, 122, 13, 250, 73, 252, 109, 43, 138, 109, 127, 65, 172, 33, 228, 146, 134, 40, 66, 205, 236, 252, 242, 46, 145, 97, 37,
168, 248, 2, 207, 102, 169, 207, 252, 45, 158, 42, 210, 51, 29, 19, 4, 150, 4, 159, 104, 70, 64, 44, 226, 193, 229, 34, 89, 239, 187, 157, 253, 85, 31, 174, 198, 9, 248, 183, 168,
241, 107, 218, 150, 185, 240, 48, 223, 177, 128, 105, 38, 147, 220, 247, 220, 4, 91, 136, 50, 146, 51, 222, 162, 129, 135, 89, 126, 159, 173, 197, 121, 192, 173, 89, 110, 61, 108, 245, 173,
127, 212, 129, 189, 244, 203, 245, 3, 138, 148, 6, 206, 85, 196, 238, 74, 174, 38, 159, 11, 40, 185, 51, 3, 117, 196, 155, 97, 13, 84, 130, 104, 146, 197, 24, 180, 43, 146, 162, 22,
231, 113, 229, 209, 244, 97, 35, 115, 83, 90, 118, 177, 112, 127, 78, 172, 214, 196, 24, 205, 173, 54, 130, 42, 165, 219, 130, 23, 174, 188, 126, 223, 40, 74, 92, 111, 242, 14, 28, 191,
157, 75, 214, 148, 185, 206, 121, 158, 222, 247, 160, 238, 11, 121, 108, 132, 116, 97, 19, 113, 178, 54, 47, 212, 198, 14, 215, 17, 81, 36, 99, 234, 154, 82, 0, 64, 22, 78, 129, 63,
36, 7, 46, 17, 14, 153, 37, 155, 132, 157, 229, 248, 58, 229, 91, 99, 249, 69, 98, 201, 154, 16, 147, 73, 70, 140, 234, 103, 50, 67, 200, 107, 241, 176, 166, 13, 185, 96, 103, 81,
250, 49, 105, 160, 167, 97, 254, 41, 46, 185, 218, 236, 168, 143, 194, 120, 135, 92, 99, 159, 134, 0, 220, 229, 202, 76, 33, 202, 108, 239, 226, 15, 96, 97, 143, 37, 181, 107, 166, 215,
149, 54, 6, 43, 78, 78, 160, 253, 189, 248, 198, 157, 57, 15, 41, 174, 18, 83, 180, 234, 0, 217, 133, 252, 162, 53, 2, 22, 7, 61, 140, 160, 217, 140, 231, 74, 157, 197, 37, 184,
55, 237, 79, 95, 15, 141, 94, 85, 208, 75, 15, 87, 141, 143, 185, 201, 187, 96, 233, 212, 184, 19, 87, 104, 22, 230, 108, 235, 139, 222, 102, 93, 215, 217, 251, 32, 141, 123, 83, 99,
216, 73, 243, 14, 22, 131, 113, 81, 60, 239, 59, 247, 143, 182, 113, 1, 230, 240, 210, 132, 57, 232, 39, 47, 135, 162, 72, 218, 110, 213, 162, 222, 47, 179, 20, 213, 112, 29, 53, 44,
130, 54, 172, 92, 10, 32, 71, 194, 210, 187, 98, 108, 140, 137, 148, 204, 87, 77, 242, 215, 3, 246, 224, 236, 235, 27, 184, 153, 180, 158, 53, 132, 138, 216, 67, 37, 237, 205, 147, 222,
118, 45, 143, 103, 178, 28, 156, 161, 189, 135, 100, 2, 183, 161, 155, 127, 236, 154, 125, 81, 110, 112, 179, 182, 115, 175, 131, 155, 156, 199, 188, 125, 208, 191, 112, 249, 74, 225, 221, 45,
254, 38, 149, 127, 43, 190, 47, 31, 60, 162, 200, 124, 0, 76, 213, 76, 206, 222, 13, 233, 75, 156, 145, 9, 237, 13, 229, 143, 238, 69, 19, 62, 100, 106, 65, 152, 6, 127, 82, 212,
146, 229, 39, 201, 206, 38, 161, 73, 136, 222, 137, 106, 239, 179, 64, 226, 115, 29, 11, 51, 156, 105, 117, 252, 179, 125, 224, 165, 143, 243, 94, 150, 219, 251, 203, 132, 19, 46, 51, 239,
119, 31, 9, 117, 178, 36, 13, 183, 236, 121, 158, 37, 40, 113, 126, 155, 168, 123, 43, 74, 21, 78, 214, 97, 7, 29, 1, 35, 38, 183, 12, 192, 181, 131, 133, 226, 11, 221, 77, 75,
236, 52, 40, 137, 236, 81, 147, 89, 100, 161, 240, 114, 53, 55, 212, 1, 208, 176, 188, 16, 199, 78, 2, 4, 172, 71, 124, 139, 154, 93, 254, 45, 12, 190, 227, 213, 166, 155, 149, 26,
173, 45, 35, 250, 191, 61, 243, 207, 252, 81, 80, 230, 6, 227, 195, 49, 48, 113, 188, 109, 147, 90, 235, 136, 200, 49, 109, 113, 74, 102, 164, 228, 154, 181, 154, 160, 108, 44, 85, 185,
43, 79, 155, 148, 113, 174, 156, 231, 213, 70, 99, 1, 8, 14, 159, 156, 218, 138, 131, 28, 237, 194, 49, 182, 71, 222, 43, 28, 114, 153, 114, 67, 221, 120, 33, 119, 155, 175, 179, 164,
179, 2, 216, 230, 176, 50, 74, 90, 12, 239, 10, 179, 129, 239, 125, 98, 168, 219, 240, 32, 204, 100, 120, 5, 222, 114, 240, 102, 38, 138, 66, 73, 84, 232, 22, 196, 240, 164, 9, 30,
231, 208, 230, 131, 53, 168, 115, 62, 190, 162, 62, 252, 9, 217, 215, 212, 20, 176, 58, 173, 9, 110, 9, 49, 143, 52, 227, 85, 9, 110, 26, 219, 248, 238, 52, 77, 236, 135, 151, 208,
114, 82, 225, 224, 35, 216, 237, 232, 255, 26, 151, 164, 166, 201, 109, 196, 189, 128, 69, 93, 146, 129, 240, 220, 125, 90, 243, 80, 146, 25, 227, 142, 169, 143, 101, 65, 144, 206, 218, 69,
237, 168, 89, 93, 61, 126, 188, 202, 113, 222, 189, 191, 252, 221, 160, 127, 193, 151, 77, 213, 36, 194, 246, 45, 166, 11, 131, 26, 57, 148, 45, 99, 63, 221, 193, 73, 117, 38, 171, 70,
174, 163, 25, 146, 52, 159, 141, 56, 227, 10, 139, 183, 147, 76, 46, 19, 99, 9, 67, 189, 14, 6, 96, 163, 221, 169, 19, 197, 200, 86, 225, 58, 145, 222, 217, 96, 239, 168, 85, 218,
0, 99, 92, 51, 151, 118, 108, 216, 146, 101, 199, 177, 209, 242, 94, 155, 199, 203, 186, 147, 60, 14, 99, 238, 92, 27, 15, 77, 178, 63, 16, 139, 235, 119, 140, 116, 50, 113, 89, 247,
134, 38, 37, 95, 54, 66, 163, 125, 119, 26, 45, 86, 21, 135, 83, 161, 138, 141, 159, 244, 8, 231, 5, 67, 236, 121, 30, 199, 137, 7, 134, 89, 60, 186, 252, 94, 11, 110, 192, 23,
210, 147, 188, 2, 186, 64, 58, 112, 133, 71, 73, 158, 137, 81, 200, 14, 11, 175, 251, 230, 170, 151, 147, 120, 175, 90, 99, 228, 199, 70, 159, 252, 252, 20, 37, 250, 38, 222, 179, 87,
104, 104, 169, 56, 166, 103, 161, 215, 246, 48, 80, 68, 57, 49, 205, 221, 129, 252, 166, 164, 55, 48, 1, 191, 12, 100, 154, 192, 51, 243, 128, 249, 151, 98, 48, 25, 7, 2, 154, 190,
232, 133, 224, 52, 230, 254, 15, 182, 96, 215, 79, 38, 1, 172, 97, 111, 148, 127, 66, 80, 206, 162, 163, 164, 142, 5, 213, 159, 178, 43, 71, 24, 1, 234, 65, 188, 239, 237, 19, 97,
132, 216, 195, 42, 178, 81, 92, 22, 230, 122, 250, 45, 20, 155, 109, 112, 117, 172, 50, 226, 146, 134, 45, 50, 201, 245, 239, 145, 50, 163, 127, 45, 167, 162, 72, 200, 58, 209, 139, 192,
23, 184, 59, 183, 125, 102, 7, 4, 143, 46, 145, 95, 10, 124, 39, 159, 187, 202, 39, 13, 139, 154, 244, 200, 127, 86, 250, 129, 107, 219, 201, 151, 207, 8, 135, 208, 173, 214, 12, 136,
166, 196, 82, 0, 174, 242, 203, 218, 116, 43, 216, 73, 189, 20, 193, 140, 160, 148, 96, 74, 167, 130, 134, 63, 219, 144, 100, 90, 106, 88, 239, 197, 83, 160, 158, 174, 179, 199, 175, 125,
238, 138, 112, 245, 54, 179, 218, 45, 172, 38, 149, 52, 16, 190, 3, 33, 20, 193, 184, 67, 0, 94, 149, 104, 209, 189, 49, 137, 27, 160, 223, 58, 249, 51, 182, 138, 139, 106, 116, 37,
109, 15, 72, 219, 60, 55, 108, 242, 246, 196, 52, 232, 137, 52, 157, 87, 158, 202, 251, 68, 184, 141, 86, 251, 11, 25, 10, 61, 131, 9, 119, 202, 141, 75, 224, 164, 142, 206, 5, 189,
248, 246, 243, 141, 19, 46, 71, 215, 115, 42, 45, 39, 137, 56, 115, 143, 220, 100, 158, 43, 23, 38, 119, 141, 187, 90, 39, 127, 26, 41, 150, 72, 29, 16, 78, 19, 30, 165, 39, 218,
162, 142, 132, 252, 13, 221, 16, 104, 191, 107, 40, 200, 232, 92, 167, 111, 117, 204, 160, 100, 52, 96, 226, 112, 223, 137, 166, 80, 203, 85, 97, 101, 160, 20, 65, 183, 137, 93, 213, 45,
9, 173, 234, 233, 128, 198, 206, 57, 170, 20, 33, 196, 175, 36, 135, 234, 241, 45, 122, 167, 106, 239, 179, 19, 118, 44, 234, 31, 166, 74, 145, 205, 241, 17, 109, 103, 39, 49, 218, 230,
190, 152, 152, 153, 109, 40, 29, 155, 106, 120, 180, 221, 29, 201, 182, 239, 182, 99, 99, 24, 36, 110, 152, 182, 200, 240, 155, 6, 176, 206, 52, 153, 99, 218, 42, 59, 42, 246, 82, 77,
233, 116, 1, 120, 154, 191, 128, 186, 249, 96, 136, 152, 231, 2, 97, 69, 10, 241, 97, 129, 140, 214, 67, 78, 140, 159, 208, 54, 166, 123, 78, 8, 227, 96, 194, 25, 50, 186, 82, 107,
99, 148, 9, 210, 151, 131, 55, 66, 205, 143, 216, 134, 4, 134, 110, 19, 128, 188, 20, 186, 30, 203, 148, 212, 39, 254, 42, 178, 119, 56, 17, 18, 156, 63, 167, 104, 70, 83, 2, 217,
241, 238, 23, 89, 239, 129, 138, 200, 105, 50, 220, 243, 118, 255, 241, 168, 198, 36, 218, 177, 150, 236, 37, 239, 175, 184, 97, 89, 144, 140, 149, 138, 19, 91, 143, 118, 240, 54, 236, 142,
176, 213, 67, 103, 199, 161, 135, 59, 186, 150, 125, 81, 50, 89, 240, 186, 49, 254, 136, 145, 166, 193, 239, 127, 230, 152, 112, 204, 13, 238, 163, 120, 157, 29, 167, 60, 112, 142, 28, 22,
114, 229, 201, 15, 42, 120, 141, 77, 171, 235, 60, 154, 20, 156, 162, 39, 225, 7, 157, 156, 136, 28, 22, 110, 81, 78, 45, 133, 21, 55, 67, 246, 202, 215, 69, 193, 140, 38, 228, 79,
255, 197, 130, 93, 183, 157, 21, 220, 117, 6, 79, 28, 173, 9, 71, 200, 129, 102, 254, 153, 137, 195, 0, 155, 178, 145, 168, 182, 22, 1, 74, 235, 87, 58, 114, 82, 178, 28, 41, 200,
193, 109, 215, 22, 11, 22, 68, 184, 131, 64, 32, 123, 15, 41, 149, 122, 115, 33, 40, 80, 39, 237, 3, 189, 151, 167, 254, 247, 44, 250, 22, 107, 192, 49, 53, 214, 235, 10, 243, 74,
95, 129, 234, 3, 49, 60, 181, 56, 246, 141, 152, 23, 166, 30, 45, 90, 255, 17, 116, 175, 186, 93, 229, 38, 20, 185, 235, 192, 168, 201, 194, 120, 191, 63, 68, 134, 167, 33, 205, 167,
231, 52, 58, 199, 44, 184, 214, 30, 110, 33, 176, 97, 139, 88, 239, 207, 232, 26, 109, 79, 85, 81, 250, 233, 248, 153, 134, 151, 41, 15, 75, 190, 114, 97, 163, 246, 44, 174, 143, 249,
156, 58, 4, 58, 61, 100, 140, 219, 255, 155, 155, 54, 238, 223, 117, 150, 113, 141, 79, 5, 17, 169, 48, 85, 150, 89, 1, 67, 178, 141, 185, 153, 248, 126, 213, 231, 184, 64, 93, 98,
46, 208, 83, 189, 183, 252, 118, 32, 145, 197, 214, 7, 166, 4, 119, 20, 210, 103, 250, 9, 23, 175, 85, 8, 60, 224, 48, 252, 160, 183, 61, 23, 233, 203, 230, 248, 77, 148, 67, 44,
140, 165, 71, 204, 54, 215, 177, 235, 113, 138, 56, 177, 60, 48, 53, 44, 189, 41, 176, 68, 70, 123, 5, 195, 234, 196, 36, 105, 154, 199, 176, 221, 109, 30, 218, 255, 3, 246, 203, 188,
234, 38, 184, 153, 181, 201, 63, 140, 255, 161, 7, 38, 178, 139, 220, 171, 11, 45, 203, 69, 235, 73, 207, 154, 170, 186, 68, 97, 183, 155, 253, 89, 227, 186, 107, 44, 52, 58, 202, 170,
73, 219, 190, 177, 139, 194, 160, 10, 233, 206, 122, 216, 12, 228, 221, 73, 242, 41, 196, 39, 5, 170, 42, 31, 9, 255, 148, 87, 43, 123, 150, 103, 189, 213, 102, 129, 53, 175, 145, 38,
209, 19, 152, 156, 158, 29, 60, 17, 96, 1, 124, 191, 117, 28, 61, 249, 225, 175, 65, 149, 137, 86, 131, 12, 169, 129, 252, 122, 155, 207, 98, 219, 3, 68, 74, 48, 244, 126, 125, 216,
157, 126, 224, 165, 156, 132, 7, 166, 189, 206, 242, 186, 40, 36, 126, 140, 97, 56, 60, 77, 171, 92, 5, 143, 239, 100, 158, 26, 31, 49, 82, 178, 141, 34, 43, 64, 23, 84, 215, 106,
115, 7, 55, 11, 3, 139, 18, 222, 163, 134, 224, 250, 28, 166, 46, 77, 252, 75, 98, 233, 135, 26, 140, 114, 92, 129, 240, 101, 124, 104, 236, 109, 150, 247, 196, 83, 181, 110, 61, 91,
145, 33, 94, 156, 143, 125, 254, 63, 33, 219, 218, 225, 166, 155, 149, 26, 173, 33, 88, 218, 159, 7, 133, 235, 251, 84, 58, 235, 29, 253, 227, 38, 119, 104, 189, 61, 138, 85, 245, 144,
195, 77, 76, 53, 40, 115, 173, 212, 177, 145, 151, 136, 108, 1, 75, 161, 61, 115, 186, 207, 32, 236, 140, 147, 161, 52, 39, 105, 7, 61, 151, 222, 241, 136, 224, 51, 156, 222, 113, 178,
79, 240, 72, 38, 113, 172, 117, 109, 236, 46, 34, 77, 173, 159, 179, 170, 185, 7, 235, 194, 239, 10, 105, 116, 112, 230, 104, 176, 253, 220, 92, 93, 189, 217, 211, 56, 166, 83, 5, 52,
202, 18, 243, 29, 28, 154, 65, 11, 71, 237, 22, 205, 188, 191, 111, 49, 246, 254, 247, 167, 42, 133, 93, 45, 136, 170, 41, 234, 58, 169, 129, 201, 116, 230, 11, 167, 3, 110, 45, 88,
177, 58, 165, 69, 22, 64, 4, 251, 185, 179, 52, 77, 168, 165, 170, 230, 99, 82, 174, 213, 107, 249, 237, 131, 150, 9, 222, 180, 198, 206, 108, 219, 251, 161, 3, 11, 145, 138, 245, 162,
117, 26, 243, 124, 160, 25, 194, 253, 147, 165, 35, 31, 203, 135, 214, 120, 236, 150, 103, 82, 61, 108, 205, 205, 118, 255, 236, 172, 176, 194, 139, 120, 245, 206, 80, 207, 81, 228, 247, 74,
133, 59, 159, 12, 7, 188, 13, 25, 22, 184, 155, 101, 113, 38, 171, 70, 142, 203, 122, 168, 18, 129, 193, 39, 200, 48, 182, 198, 183, 71, 61, 19, 117, 18, 67, 140, 5, 25, 85, 238,
204, 228, 24, 234, 155, 9, 174, 73, 243, 222, 217, 96, 178, 215, 98, 135, 28, 101, 10, 34, 151, 118, 108, 234, 161, 111, 254, 145, 145, 239, 7, 251, 196, 136, 160, 173, 60, 99, 101, 215,
84, 42, 105, 67, 131, 35, 29, 153, 226, 88, 199, 1, 15, 44, 71, 154, 153, 43, 2, 127, 58, 127, 134, 62, 39, 30, 49, 18, 54, 156, 32, 153, 214, 253, 229, 191, 11, 237, 12, 106,
207, 86, 20, 199, 235, 7, 163, 114, 107, 136, 243, 81, 52, 125, 240, 44, 242, 164, 167, 56, 139, 72, 61, 81, 166, 1, 97, 216, 142, 108, 145, 54, 118, 142, 227, 189, 167, 155, 147, 12,
172, 1, 98, 249, 144, 20, 198, 191, 252, 18, 67, 167, 46, 207, 236, 87, 118, 77, 147, 0, 189, 107, 161, 140, 198, 41, 76, 104, 44, 70, 204, 171, 152, 166, 180, 253, 7, 34, 53, 186,
19, 107, 163, 210, 30, 166, 140, 249, 209, 52, 38, 0, 8, 36, 147, 153, 225, 241, 179, 43, 182, 152, 60, 153, 96, 251, 45, 25, 46, 254, 117, 95, 240, 82, 62, 86, 139, 158, 131, 205,
160, 114, 213, 152, 232, 16, 71, 100, 1, 234, 65, 176, 177, 208, 112, 94, 140, 212, 246, 69, 204, 86, 64, 1, 227, 22, 216, 49, 37, 163, 73, 107, 73, 144, 96, 254, 168, 189, 18, 48,
243, 207, 214, 164, 73, 254, 115, 27, 168, 210, 69, 236, 14, 224, 168, 206, 40, 144, 56, 158, 62, 60, 39, 15, 159, 58, 144, 69, 78, 99, 69, 220, 187, 172, 39, 71, 150, 217, 169, 197,
125, 72, 255, 242, 0, 203, 178, 159, 144, 49, 150, 140, 132, 203, 13, 240, 163, 166, 1, 69, 152, 244, 144, 182, 4, 47, 215, 102, 128, 21, 235, 147, 212, 187, 39, 88, 207, 206, 251, 110,
224, 171, 103, 73, 51, 93, 200, 170, 60, 242, 242, 157, 128, 159, 166, 118, 246, 143, 112, 230, 59, 242, 195, 117, 228, 23, 136, 45, 5, 224, 5, 116, 4, 196, 155, 101, 22, 84, 209, 124,
132, 226, 13, 132, 53, 229, 189, 29, 210, 36, 229, 172, 177, 28, 45, 46, 118, 65, 64, 165, 1, 127, 96, 195, 241, 196, 39, 233, 137, 9, 179, 12, 152, 192, 251, 68, 184, 141, 15, 228,
8, 25, 92, 55, 162, 79, 101, 232, 147, 123, 237, 196, 185, 128, 121, 148, 207, 212, 210, 144, 61, 56, 71, 238, 72, 11, 61, 125, 181, 22, 115, 181, 146, 14, 230, 44, 40, 41, 117, 184,
191, 39, 94, 56, 110, 84, 139, 91, 35, 48, 49, 51, 0, 238, 84, 173, 144, 167, 176, 241, 78, 231, 49, 96, 226, 107, 40, 207, 178, 92, 239, 118, 98, 160, 207, 117, 30, 63, 198, 116,
223, 170, 158, 21, 174, 81, 1, 81, 242, 29, 88, 133, 143, 79, 226, 22, 118, 218, 218, 236, 137, 204, 206, 26, 210, 33, 62, 200, 203, 65, 229, 187, 223, 86, 75, 237, 6, 239, 179, 12,
106, 106, 140, 28, 163, 90, 140, 237, 243, 72, 109, 55, 46, 49, 224, 230, 135, 231, 154, 140, 8, 62, 1, 185, 117, 120, 210, 151, 114, 180, 130, 249, 208, 94, 28, 18, 49, 25, 144, 142,
204, 133, 163, 45, 145, 195, 13, 181, 46, 141, 124, 57, 17, 141, 102, 41, 232, 107, 13, 122, 149, 141, 184, 173, 178, 89, 222, 152, 144, 59, 96, 99, 40, 222, 65, 182, 242, 250, 109, 97,
175, 158, 241, 37, 178, 81, 76, 24, 242, 73, 208, 25, 28, 158, 72, 11, 46, 175, 61, 210, 149, 216, 118, 21, 146, 142, 252, 152, 4, 132, 35, 115, 130, 254, 62, 192, 29, 236, 208, 230,
2, 230, 20, 138, 35, 62, 44, 61, 166, 31, 237, 94, 15, 83, 70, 251, 232, 183, 9, 86, 152, 188, 176, 204, 85, 82, 225, 242, 30, 234, 238, 173, 207, 25, 191, 184, 156, 158, 27, 242,
160, 216, 4, 2, 171, 193, 238, 152, 61, 47, 243, 97, 241, 84, 211, 165, 172, 139, 67, 0, 191, 145, 236, 120, 186, 139, 101, 45, 17, 96, 211, 182, 119, 216, 188, 158, 139, 159, 245, 93,
230, 150, 109, 206, 85, 232, 163, 68, 131, 29, 222, 24, 24, 188, 33, 3, 23, 207, 176, 11, 23, 76, 134, 19, 146, 223, 59, 129, 16, 145, 197, 88, 223, 52, 146, 145, 231, 30, 23, 42,
105, 112, 32, 178, 33, 6, 107, 215, 247, 237, 55, 243, 199, 94, 183, 30, 185, 198, 199, 27, 184, 137, 11, 213, 1, 6, 108, 11, 143, 118, 28, 194, 209, 65, 220, 149, 143, 193, 119, 170,
201, 219, 190, 164, 21, 14, 55, 245, 66, 42, 16, 39, 171, 92, 54, 205, 203, 91, 216, 111, 17, 43, 109, 239, 137, 106, 0, 69, 15, 125, 172, 67, 4, 123, 13, 51, 45, 145, 9, 161,
163, 128, 159, 234, 19, 254, 46, 93, 234, 70, 32, 233, 233, 89, 176, 114, 46, 206, 214, 125, 41, 76, 180, 44, 192, 169, 151, 55, 206, 110, 62, 8, 137, 71, 105, 175, 186, 82, 233, 89,
0, 219, 251, 233, 241, 156, 231, 6, 147, 93, 100, 194, 144, 58, 241, 252, 241, 80, 124, 242, 104, 197, 205, 51, 64, 46, 225, 30, 163, 29, 170, 243, 255, 76, 6, 71, 50, 54, 199, 253,
166, 226, 133, 134, 48, 61, 85, 231, 1, 94, 214, 211, 7, 241, 221, 195, 144, 39, 4, 38, 49, 33, 152, 138, 184, 136, 232, 63, 150, 135, 39, 137, 109, 208, 79, 46, 37, 254, 118, 85,
242, 106, 25, 72, 179, 162, 135, 146, 228, 114, 212, 205, 147, 63, 113, 65, 12, 193, 93, 181, 162, 217, 79, 78, 149, 232, 195, 49, 213, 123, 12, 22, 202, 86, 240, 57, 6, 175, 110, 11,
100, 186, 104, 205, 160, 152, 119, 16, 242, 248, 210, 240, 41, 145, 95, 17, 147, 171, 31, 246, 15, 194, 128, 225, 13, 254, 43, 141, 29, 12, 83, 88, 215, 31, 166, 124, 25, 98, 13, 213,
192, 172, 4, 86, 148, 161, 172, 213, 98, 20, 208, 216, 53, 249, 245, 179, 195, 23, 163, 184, 174, 204, 21, 218, 128, 156, 118, 2, 175, 204, 211, 171, 125, 30, 201, 48, 181, 41, 201, 174,
202, 221, 127, 70, 180, 156, 221, 127, 254, 144, 100, 103, 106, 88, 252, 197, 106, 239, 233, 166, 158, 249, 129, 75, 138, 206, 81, 207, 74, 229, 199, 108, 160, 23, 136, 36, 5, 179, 17, 43,
52, 231, 148, 87, 51, 41, 203, 76, 221, 235, 103, 230, 43, 135, 187, 6, 179, 45, 178, 164, 165, 100, 62, 19, 86, 120, 46, 160, 20, 36, 116, 205, 212, 216, 52, 234, 177, 46, 156, 87,
224, 224, 137, 66, 147, 157, 17, 203, 46, 110, 79, 49, 131, 94, 108, 232, 176, 3, 249, 181, 142, 223, 123, 148, 241, 207, 214, 134, 116, 46, 75, 242, 81, 26, 61, 85, 139, 11, 37, 169,
221, 109, 231, 15, 75, 118, 110, 178, 154, 60, 39, 99, 14, 78, 214, 60, 13, 30, 1, 79, 9, 187, 44, 133, 208, 139, 132, 213, 28, 249, 95, 104, 200, 103, 20, 242, 172, 92, 243, 89,
119, 144, 218, 114, 118, 70, 241, 1, 213, 170, 215, 76, 244, 7, 116, 28, 235, 40, 3, 221, 130, 24, 153, 76, 103, 132, 241, 242, 157, 187, 207, 4, 188, 37, 91, 223, 139, 13, 220, 185,
197, 14, 125, 174, 102, 205, 178, 68, 118, 42, 225, 38, 173, 4, 162, 207, 243, 78, 112, 67, 48, 101, 173, 253, 190, 135, 201, 164, 47, 60, 2, 250, 119, 113, 184, 232, 47, 237, 179, 216,
177, 75, 63, 41, 75, 111, 129, 160, 187, 129, 128, 57, 179, 155, 47, 190, 92, 211, 97, 67, 14, 129, 74, 111, 213, 125, 68, 111, 189, 222, 157, 168, 136, 105, 133, 151, 183, 44, 114, 91,
14, 224, 0, 143, 135, 139, 21, 108, 143, 246, 167, 40, 145, 95, 102, 13, 194, 112, 169, 50, 29, 174, 54, 127, 52, 129, 61, 222, 245, 186, 3, 1, 208, 253, 129, 166, 78, 160, 100, 53,
186, 227, 39, 193, 15, 247, 170, 222, 41, 172, 10, 215, 116, 52, 5, 83, 174, 57, 175, 63, 58, 126, 71, 216, 205, 172, 57, 83, 137, 164, 252, 241, 61, 75, 172, 227, 119, 219, 180, 235,
212, 6, 166, 146, 149, 192, 18, 202, 152, 157, 65, 59, 137, 200, 234, 219, 48, 94, 248, 115, 149, 24, 149, 132, 164, 189, 121, 87, 180, 142, 227, 69, 196, 172, 104, 81, 60, 65, 210, 166,
112, 182, 138, 152, 167, 206, 171, 107, 195, 145, 88, 238, 44, 214, 243, 69, 162, 61, 185, 11, 55, 169, 55, 53, 119, 192, 181, 73, 37, 79, 157, 27, 212, 218, 28, 225, 52, 164, 196, 22,
184, 115, 250, 173, 158, 127, 111, 19, 116, 108, 77, 131, 49, 122, 119, 200, 200, 234, 0, 225, 200, 41, 191, 13, 164, 218, 240, 1, 155, 146, 81, 155, 3, 6, 72, 5, 146, 7, 28, 216,
221, 26, 221, 134, 205, 227, 27, 155, 219, 233, 233, 184, 110, 124, 75, 203, 108, 108, 20, 117, 245, 89, 61, 150, 214, 80, 250, 46, 47, 19, 125, 147, 129, 97, 55, 62, 52, 114, 203, 94,
13, 17, 35, 46, 18, 180, 81, 133, 160, 166, 144, 242, 28, 192, 68, 20, 241, 74, 62, 220, 182, 6, 177, 104, 108, 136, 240, 98, 15, 58, 225, 61, 244, 134, 186, 12, 188, 82, 102, 93,
250, 43, 122, 164, 238, 114, 227, 27, 48, 187, 239, 183, 131, 177, 202, 8, 182, 38, 109, 199, 139, 49, 195, 205, 230, 21, 70, 174, 110, 209, 197, 4, 42, 82, 156, 37, 128, 110, 143, 203,
243, 73, 116, 65, 78, 93, 211, 216, 190, 227, 147, 136, 55, 17, 50, 155, 61, 113, 152, 203, 15, 248, 220, 216, 137, 72, 102, 61, 47, 103, 146, 189, 197, 136, 167, 52, 174, 202, 44, 164,
68, 236, 85, 30, 17, 172, 99, 73, 234, 83, 49, 111, 157, 139, 130, 202, 190, 2, 244, 222, 147, 13, 126, 74, 51, 250, 79, 157, 240, 214, 118, 59, 167, 220, 192, 37, 174, 109, 117, 24,
185, 68, 162, 6, 57, 138, 119, 126, 124, 239, 12, 205, 244, 129, 41, 67, 208, 245, 236, 134, 52, 170, 59, 25, 191, 224, 64, 230, 38, 206, 151, 253, 40, 186, 16, 181, 51, 30, 37, 17,
202, 42, 147, 63, 58, 38, 1, 228, 205, 172, 37, 127, 137, 146, 136, 216, 61, 50, 237, 215, 3, 248, 221, 149, 207, 36, 180, 165, 174, 150, 108, 205, 253, 191, 96, 5, 137, 128, 209, 168,
117, 10, 206, 73, 182, 7, 208, 189, 173, 167, 80, 83, 154, 166, 255, 106, 193, 177, 73, 123, 38, 92, 210, 215, 112, 243, 128, 164, 136, 236, 252, 65, 221, 181, 82, 196, 23, 254, 243, 118,
228, 42, 185, 127, 20, 182, 33, 117, 32, 219, 158, 108, 118, 39, 203, 4, 202, 253, 19, 233, 79, 161, 132, 20, 238, 123, 136, 201, 233, 100, 117, 23, 127, 75, 119, 198, 0, 38, 105, 252,
200, 218, 26, 205, 173, 38, 183, 9, 135, 248, 240, 73, 234, 150, 99, 193, 0, 99, 77, 8, 245, 7, 104, 252, 221, 93, 252, 129, 146, 207, 122, 254, 220, 146, 252, 156, 110, 41, 109, 230,
110, 3, 32, 93, 146, 57, 48, 184, 205, 72, 130, 4, 38, 6, 66, 144, 165, 86, 58, 64, 49, 110, 145, 111, 50, 49, 64, 92, 39, 150, 50, 177, 144, 253, 133, 224, 50, 241, 57, 84,
243, 74, 55, 245, 150, 17, 135, 78, 111, 206, 224, 7, 17, 67, 230, 111, 142, 141, 159, 12, 159, 72, 3, 101, 175, 61, 65, 163, 157, 107, 205, 30, 47, 187, 203, 206, 133, 146, 236, 0,
151, 57, 93, 135, 132, 66, 224, 188, 191, 5, 104, 251, 110, 225, 178, 41, 118, 42, 150, 109, 243, 27, 189, 242, 215, 44, 87, 48, 56, 79, 210, 164, 163, 152, 160, 155, 24, 96, 80, 135,
55, 113, 155, 234, 11, 244, 162, 218, 172, 125, 103, 53, 40, 53, 141, 129, 197, 175, 162, 79, 142, 196, 42, 142, 53, 203, 72, 67, 14, 182, 73, 35, 193, 46, 90, 21, 156, 165, 164, 142,
178, 6, 251, 233, 147, 44, 104, 68, 17, 153, 116, 156, 170, 253, 19, 60, 183, 158, 251, 54, 181, 82, 81, 42, 197, 23, 203, 28, 103, 188, 96, 5, 79, 170, 58, 222, 151, 165, 111, 63,
220, 132, 228, 152, 10, 171, 83, 14, 254, 250, 58, 227, 42, 238, 167, 223, 117, 172, 61, 137, 37, 23, 3, 33, 174, 57, 191, 63, 58, 82, 71, 248, 205, 172, 30, 83, 137, 172, 252, 221,
61, 15, 201, 196, 119, 218, 237, 233, 142, 18, 162, 130, 132, 145, 0, 238, 131, 135, 103, 92, 177, 237, 232, 129, 40, 27, 242, 53, 147, 56, 207, 147, 188, 166, 86, 4, 178, 131, 134, 94,
196, 177, 34, 42, 39, 110, 192, 166, 50, 192, 146, 133, 172, 155, 133, 67, 192, 169, 121, 245, 20, 226, 162, 94, 248, 29, 198, 124, 62, 144, 8, 42, 31, 241, 136, 125, 60, 108, 158, 19,
151, 251, 33, 151, 59, 226, 134, 20, 188, 12, 163, 213, 134, 99, 39, 19, 54, 108, 110, 142, 2, 53, 84, 218, 242, 219, 33, 144, 188, 34, 187, 51, 184, 246, 231, 1, 166, 161, 93, 226,
55, 109, 80, 41, 158, 93, 99, 187, 162, 28, 251, 134, 205, 228, 27, 160, 185, 209, 167, 241, 52, 48, 66, 237, 76, 40, 29, 122, 136, 30, 30, 144, 220, 80, 130, 21, 20, 115, 66, 176,
165, 122, 63, 66, 112, 55, 207, 56, 18, 6, 61, 50, 6, 143, 13, 157, 208, 249, 180, 162, 12, 246, 68, 120, 218, 104, 55, 216, 230, 2, 162, 121, 108, 188, 209, 81, 16, 57, 178, 14,
212, 142, 185, 3, 188, 101, 54, 127, 242, 22, 88, 187, 168, 109, 227, 22, 48, 187, 251, 245, 133, 146, 143, 33, 148, 38, 64, 199, 139, 21, 131, 245, 216, 59, 98, 208, 110, 201, 254, 75,
52, 113, 142, 103, 147, 104, 178, 136, 237, 87, 93, 109, 21, 75, 215, 223, 253, 134, 182, 163, 29, 52, 40, 155, 119, 123, 146, 157, 47, 252, 162, 221, 172, 86, 44, 53, 40, 1, 186, 223,
210, 151, 164, 77, 142, 144, 42, 170, 98, 140, 114, 76, 54, 187, 113, 113, 224, 83, 70, 66, 157, 140, 190, 207, 174, 28, 226, 227, 240, 64, 70, 124, 12, 196, 77, 129, 137, 240, 83, 63,
169, 225, 197, 35, 150, 5, 76, 27, 196, 76, 213, 40, 56, 159, 73, 91, 83, 182, 53, 236, 245, 186, 10, 34, 223, 132, 240, 133, 57, 175, 37, 111, 252, 246, 51, 251, 42, 192, 148, 205,
9, 250, 12, 183, 7, 23, 37, 83, 220, 15, 158, 119, 41, 98, 35, 232, 223, 196, 126, 106, 238, 208, 252, 201, 61, 27, 227, 205, 0, 214, 245, 188, 234, 15, 183, 134, 189, 159, 12, 140,
249, 130, 3, 11, 137, 218, 221, 129, 11, 5, 202, 53, 149, 72, 149, 184, 164, 199, 64, 71, 180, 165, 227, 111, 164, 213, 83, 81, 5, 108, 233, 166, 70, 195, 149, 130, 177, 192, 253, 110,
231, 164, 90, 208, 20, 241, 241, 85, 250, 1, 186, 3, 52, 168, 2, 120, 39, 237, 154, 29, 6, 52, 179, 25, 129, 235, 13, 157, 25, 187, 204, 30, 200, 19, 159, 171, 151, 88, 112, 23,
103, 72, 111, 142, 2, 13, 75, 223, 242, 219, 17, 243, 178, 86, 187, 26, 132, 250, 255, 23, 183, 189, 72, 196, 115, 93, 78, 21, 130, 11, 98, 200, 141, 79, 192, 185, 179, 210, 90, 185,
249, 219, 240, 186, 52, 126, 80, 238, 77, 45, 108, 38, 242, 35, 119, 204, 200, 78, 222, 46, 19, 114, 126, 137, 138, 66, 20, 105, 21, 55, 179, 94, 10, 6, 61, 43, 39, 179, 13, 222,
128, 165, 187, 242, 28, 226, 95, 90, 192, 66, 122, 246, 137, 9, 176, 36, 66, 150, 240, 114, 15, 62, 205, 25, 208, 149, 133, 87, 151, 76, 36, 82, 160, 69, 67, 132, 149, 127, 148, 27,
118, 217, 248, 213, 239, 152, 227, 29, 147, 89, 64, 243, 203, 70, 194, 228, 209, 21, 34, 213, 12, 201, 201, 11, 68, 111, 141, 17, 252, 89, 162, 207, 243, 78, 5, 48, 47, 74, 194, 207,
172, 152, 166, 159, 24, 34, 37, 130, 10, 113, 184, 225, 15, 242, 160, 218, 132, 88, 7, 53, 40, 101, 141, 173, 197, 175, 166, 79, 142, 197, 117, 182, 68, 143, 117, 0, 41, 224, 67, 120,
209, 83, 49, 73, 202, 172, 176, 166, 160, 6, 225, 244, 184, 52, 28, 86, 112, 224, 107, 136, 173, 204, 83, 63, 168, 158, 204, 33, 167, 28, 121, 62, 248, 64, 166, 24, 22, 174, 54, 79,
52, 234, 51, 255, 179, 186, 3, 1, 208, 238, 247, 177, 63, 170, 63, 54, 186, 217, 36, 249, 42, 206, 182, 192, 113, 250, 9, 130, 41, 52, 39, 29, 149, 52, 155, 96, 75, 121, 51, 216,
192, 172, 37, 115, 149, 216, 243, 198, 104, 33, 175, 134, 125, 219, 180, 227, 255, 119, 172, 169, 209, 224, 62, 197, 251, 220, 72, 56, 238, 218, 147, 199, 21, 33, 253, 43, 182, 44, 193, 191,
212, 189, 94, 88, 207, 129, 193, 96, 223, 154, 75, 110, 29, 101, 206, 166, 54, 160, 181, 147, 136, 237, 139, 65, 244, 189, 5, 197, 79, 207, 224, 85, 185, 35, 139, 36, 58, 169, 37, 0,
1, 218, 148, 96, 125, 101, 181, 100, 212, 227, 57, 154, 79, 179, 183, 20, 254, 17, 135, 175, 158, 127, 111, 47, 67, 12, 73, 187, 62, 30, 92, 174, 195, 240, 34, 229, 206, 48, 161, 8,
145, 213, 229, 95, 155, 189, 20, 232, 29, 115, 116, 39, 162, 88, 119, 210, 139, 67, 215, 200, 209, 231, 68, 163, 199, 205, 211, 184, 60, 112, 81, 203, 108, 108, 20, 117, 245, 89, 118, 183,
225, 86, 195, 44, 76, 50, 33, 187, 138, 73, 59, 92, 9, 42, 188, 107, 61, 6, 33, 49, 38, 190, 10, 222, 144, 181, 191, 242, 78, 199, 76, 3, 252, 110, 33, 233, 150, 62, 162, 75,
83, 161, 220, 113, 61, 61, 206, 51, 150, 191, 131, 57, 150, 16, 45, 117, 253, 2, 122, 138, 238, 14, 227, 10, 48, 165, 136, 201, 242, 185, 226, 8, 148, 38, 109, 199, 139, 49, 195, 205,
230, 21, 70, 174, 110, 209, 197, 4, 98, 82, 156, 36, 141, 71, 242, 222, 242, 83, 125, 97, 27, 93, 173, 209, 143, 226, 171, 136, 44, 13, 20, 164, 110, 101, 206, 198, 62, 169, 179, 233,
172, 72, 102, 60, 40, 27, 161, 175, 187, 129, 154, 16, 233, 239, 47, 132, 92, 136, 108, 64, 39, 187, 54, 97, 138, 55, 29, 111, 199, 175, 189, 172, 147, 28, 212, 246, 147, 48, 85, 67,
51, 196, 126, 148, 171, 245, 73, 51, 209, 230, 211, 65, 181, 115, 86, 42, 209, 91, 240, 21, 20, 144, 80, 75, 64, 156, 44, 206, 174, 187, 45, 45, 230, 201, 248, 143, 73, 180, 32, 42,
164, 208, 3, 246, 28, 171, 163, 205, 18, 248, 48, 212, 35, 26, 82, 57, 150, 53, 237, 98, 60, 84, 18, 228, 205, 172, 37, 127, 137, 128, 252, 172, 61, 79, 223, 194, 119, 220, 230, 154,
245, 106, 145, 143, 200, 223, 62, 229, 187, 192, 82, 62, 149, 247, 203, 158, 48, 5, 209, 49, 149, 54, 242, 154, 167, 142, 94, 65, 142, 206, 199, 74, 227, 154, 121, 119, 52, 70, 237, 187,
112, 234, 237, 251, 171, 201, 163, 112, 240, 155, 113, 245, 29, 244, 245, 121, 162, 28, 161, 11, 20, 186, 82, 14, 119, 218, 193, 72, 6, 121, 214, 19, 164, 221, 99, 145, 52, 228, 179, 20,
231, 2, 153, 141, 238, 74, 46, 21, 60, 115, 115, 147, 49, 118, 51, 163, 145, 174, 50, 198, 168, 81, 174, 19, 253, 198, 203, 95, 155, 178, 75, 220, 118, 17, 94, 8, 239, 82, 80, 237,
221, 93, 164, 134, 184, 219, 120, 188, 185, 149, 216, 180, 60, 112, 110, 207, 76, 111, 118, 113, 240, 57, 41, 208, 201, 72, 241, 111, 51, 20, 113, 152, 138, 101, 37, 92, 45, 87, 140, 90,
3, 122, 15, 87, 10, 178, 49, 185, 156, 143, 151, 224, 50, 241, 57, 84, 243, 74, 55, 245, 182, 45, 162, 40, 108, 180, 201, 88, 12, 118, 254, 43, 150, 187, 130, 87, 169, 67, 101, 19,
250, 74, 101, 223, 146, 126, 246, 6, 63, 132, 136, 176, 134, 142, 206, 44, 220, 57, 65, 155, 139, 47, 194, 229, 193, 59, 38, 199, 41, 186, 192, 79, 42, 122, 128, 36, 148, 74, 176, 202,
253, 59, 76, 101, 79, 119, 192, 217, 167, 137, 168, 184, 15, 12, 6, 143, 29, 56, 146, 221, 30, 252, 141, 196, 209, 57, 38, 53, 74, 124, 172, 139, 197, 141, 150, 79, 236, 252, 117, 175,
49, 146, 125, 19, 45, 154, 66, 67, 206, 83, 71, 117, 157, 180, 130, 146, 190, 89, 132, 222, 147, 15, 28, 91, 61, 206, 18, 244, 173, 139, 115, 120, 209, 233, 241, 50, 181, 15, 117, 41,
160, 118, 165, 16, 103, 227, 83, 115, 64, 176, 1, 217, 167, 165, 23, 1, 212, 243, 214, 134, 39, 166, 108, 54, 146, 255, 27, 183, 28, 213, 145, 188, 18, 131, 51, 143, 46, 110, 82, 27,
170, 5, 135, 41, 47, 86, 14, 155, 249, 246, 16, 127, 158, 178, 131, 174, 65, 62, 171, 242, 55, 218, 244, 244, 142, 11, 152, 207, 168, 145, 0, 136, 130, 183, 100, 93, 153, 242, 242, 220,
16, 35, 224, 78, 182, 28, 208, 186, 177, 143, 97, 66, 154, 146, 227, 56, 164, 185, 71, 79, 20, 66, 205, 215, 61, 238, 173, 189, 169, 132, 135, 15, 198, 184, 124, 206, 48, 225, 225, 123,
162, 30, 196, 11, 20, 130, 55, 47, 119, 218, 163, 106, 6, 92, 157, 123, 213, 167, 31, 190, 63, 238, 196, 25, 207, 123, 129, 174, 180, 16, 14, 38, 127, 10, 76, 146, 49, 96, 55, 246,
236, 175, 45, 226, 200, 46, 151, 45, 224, 222, 251, 109, 136, 201, 81, 194, 3, 75, 77, 113, 242, 75, 92, 250, 221, 26, 211, 134, 205, 228, 27, 160, 185, 209, 167, 241, 52, 48, 66, 250,
98, 106, 46, 77, 239, 25, 53, 158, 205, 105, 216, 44, 6, 14, 37, 182, 242, 37, 29, 33, 9, 122, 203, 126, 51, 12, 31, 33, 44, 136, 14, 217, 189, 166, 140, 199, 50, 246, 25, 103,
241, 104, 36, 200, 173, 13, 141, 74, 87, 188, 192, 5, 15, 89, 246, 56, 144, 158, 146, 85, 189, 31, 27, 69, 157, 4, 67, 183, 158, 11, 227, 45, 48, 160, 233, 242, 142, 152, 139, 47,
145, 43, 35, 193, 166, 33, 227, 200, 236, 37, 34, 249, 9, 188, 197, 49, 42, 87, 137, 27, 128, 121, 247, 233, 227, 30, 113, 119, 41, 62, 252, 241, 243, 130, 155, 184, 108, 52, 40, 155,
119, 123, 146, 157, 47, 252, 162, 219, 140, 86, 48, 97, 50, 39, 186, 155, 206, 244, 188, 51, 174, 251, 114, 132, 98, 232, 42, 64, 35, 255, 66, 124, 138, 114, 65, 117, 213, 178, 157, 165,
243, 73, 131, 248, 179, 14, 103, 111, 38, 220, 92, 128, 151, 254, 11, 89, 143, 253, 216, 67, 182, 123, 90, 56, 185, 71, 227, 14, 37, 137, 70, 87, 98, 174, 40, 211, 129, 128, 21, 15,
233, 243, 216, 247, 39, 133, 122, 100, 186, 198, 37, 249, 42, 173, 151, 223, 40, 191, 12, 183, 117, 23, 37, 3, 183, 39, 151, 119, 11, 110, 1, 216, 227, 217, 28, 8, 150, 143, 151, 242,
95, 16, 210, 131, 119, 248, 201, 140, 227, 22, 158, 203, 191, 229, 39, 203, 170, 138, 65, 38, 230, 218, 221, 154, 11, 57, 136, 126, 149, 72, 149, 184, 164, 218, 113, 87, 180, 184, 236, 107,
196, 172, 35, 116, 45, 111, 238, 151, 65, 224, 236, 251, 167, 228, 244, 89, 211, 145, 127, 245, 72, 168, 198, 108, 185, 28, 149, 32, 20, 151, 33, 0, 118, 189, 155, 108, 0, 107, 151, 97,
138, 253, 45, 154, 61, 157, 185, 27, 190, 15, 181, 135, 169, 31, 111, 47, 116, 115, 97, 131, 49, 9, 115, 218, 200, 234, 34, 144, 207, 19, 181, 42, 162, 196, 132, 97, 155, 173, 22, 205,
50, 100, 11, 0, 141, 87, 72, 189, 191, 105, 249, 199, 205, 209, 12, 160, 206, 205, 199, 239, 37, 50, 110, 233, 86, 41, 23, 125, 131, 55, 16, 149, 220, 70, 204, 3, 42, 50, 126, 137,
145, 66, 21, 65, 112, 85, 130, 121, 119, 13, 43, 20, 5, 167, 81, 142, 144, 190, 131, 202, 28, 239, 70, 90, 225, 98, 51, 247, 235, 1, 136, 123, 98, 163, 200, 93, 1, 92, 240, 63,
151, 143, 175, 46, 188, 100, 102, 87, 250, 28, 84, 164, 238, 1, 231, 27, 38, 217, 216, 237, 175, 188, 215, 13, 208, 25, 113, 210, 169, 61, 236, 219, 179, 50, 71, 220, 116, 193, 254, 16,
108, 41, 140, 6, 161, 121, 169, 240, 224, 69, 66, 106, 41, 111, 172, 172, 243, 229, 183, 184, 108, 11, 75, 160, 119, 123, 207, 139, 47, 231, 162, 250, 172, 125, 17, 9, 60, 36, 130, 130,
197, 182, 164, 52, 138, 234, 18, 191, 86, 214, 77, 48, 3, 131, 116, 79, 253, 46, 39, 25, 135, 179, 130, 215, 190, 89, 232, 222, 147, 59, 28, 86, 61, 224, 94, 128, 173, 213, 66, 66,
140, 227, 204, 37, 166, 28, 101, 14, 252, 112, 210, 50, 48, 154, 92, 75, 52, 188, 12, 165, 142, 220, 30, 3, 150, 140, 212, 177, 85, 170, 78, 54, 179, 165, 27, 205, 7, 245, 167, 225,
40, 191, 33, 212, 117, 107, 37, 3, 202, 57, 175, 63, 58, 126, 71, 216, 205, 172, 57, 14, 176, 137, 244, 229, 107, 33, 220, 194, 48, 227, 226, 140, 238, 53, 183, 214, 149, 235, 2, 205,
153, 165, 3, 15, 147, 238, 236, 129, 50, 94, 209, 52, 174, 54, 227, 243, 164, 189, 121, 87, 180, 142, 227, 69, 196, 172, 104, 81, 60, 65, 210, 166, 112, 168, 137, 164, 136, 194, 156, 98,
212, 182, 98, 217, 21, 193, 227, 40, 152, 30, 157, 11, 109, 151, 44, 8, 119, 185, 183, 115, 34, 84, 157, 115, 213, 186, 34, 225, 12, 164, 196, 42, 197, 17, 135, 173, 158, 93, 111, 16,
48, 127, 117, 146, 45, 122, 119, 200, 200, 234, 0, 243, 207, 47, 149, 11, 228, 213, 249, 1, 155, 146, 81, 155, 3, 6, 74, 14, 142, 125, 108, 186, 169, 21, 244, 137, 135, 238, 27, 130,
252, 209, 208, 241, 5, 9, 97, 205, 76, 8, 3, 33, 182, 1, 28, 203, 151, 104, 134, 113, 10, 112, 94, 175, 140, 89, 27, 77, 21, 77, 207, 94, 0, 123, 0, 81, 112, 235, 20, 128,
145, 249, 236, 168, 25, 224, 76, 107, 243, 96, 62, 243, 149, 37, 134, 46, 108, 182, 220, 113, 15, 61, 178, 61, 151, 143, 184, 12, 188, 82, 102, 93, 250, 43, 122, 164, 238, 81, 210, 14,
14, 170, 143, 243, 190, 166, 139, 63, 156, 38, 111, 215, 139, 18, 192, 244, 186, 59, 102, 235, 52, 192, 241, 57, 49, 110, 171, 127, 190, 87, 156, 218, 151, 87, 122, 87, 41, 67, 172, 221,
243, 130, 139, 184, 108, 17, 40, 149, 119, 123, 179, 157, 47, 212, 162, 237, 172, 86, 27, 24, 50, 101, 153, 174, 195, 150, 150, 36, 138, 224, 54, 233, 87, 232, 44, 3, 14, 160, 51, 73,
223, 83, 59, 86, 140, 159, 189, 186, 143, 2, 244, 219, 147, 47, 64, 97, 61, 224, 73, 143, 173, 214, 66, 108, 140, 225, 160, 53, 181, 109, 103, 14, 252, 19, 227, 60, 108, 139, 54, 87,
52, 182, 60, 222, 245, 214, 7, 19, 151, 136, 244, 145, 71, 164, 118, 46, 190, 229, 68, 233, 46, 183, 157, 200, 106, 191, 28, 165, 62, 9, 40, 58, 189, 42, 132, 66, 43, 38, 17, 155,
199, 247, 39, 113, 153, 216, 170, 207, 102, 50, 205, 141, 3, 248, 221, 149, 214, 46, 182, 217, 178, 213, 0, 219, 159, 180, 0, 92, 244, 128, 220, 220, 117, 10, 232, 47, 133, 76, 207, 249,
188, 159, 99, 4, 157, 185, 250, 109, 196, 182, 70, 122, 61, 114, 234, 215, 55, 243, 181, 151, 182, 159, 162, 115, 252, 190, 93, 178, 29, 237, 216, 100, 152, 21, 137, 32, 25, 177, 50, 4,
50, 202, 159, 79, 119, 121, 214, 104, 212, 212, 49, 154, 79, 130, 179, 20, 197, 2, 152, 137, 180, 28, 52, 12, 116, 80, 124, 184, 0, 38, 112, 214, 157, 174, 45, 144, 202, 43, 224, 11,
129, 219, 221, 105, 232, 150, 75, 195, 15, 24, 9, 35, 146, 82, 20, 255, 136, 116, 210, 157, 205, 219, 120, 155, 185, 209, 250, 231, 52, 43, 66, 202, 76, 3, 32, 33, 134, 57, 116, 188,
242, 11, 130, 13, 27, 6, 122, 170, 153, 38, 25, 54, 12, 87, 140, 56, 0, 122, 8, 29, 39, 185, 10, 192, 171, 227, 140, 242, 70, 250, 70, 117, 223, 74, 55, 237, 182, 39, 176, 110,
117, 192, 225, 97, 112, 58, 252, 99, 236, 143, 197, 46, 188, 80, 102, 4, 250, 28, 93, 164, 238, 92, 231, 20, 48, 168, 208, 198, 244, 200, 212, 100, 148, 9, 109, 136, 186, 29, 219, 206,
252, 26, 101, 240, 21, 195, 229, 76, 49, 114, 152, 123, 178, 69, 138, 202, 240, 87, 70, 99, 85, 69, 192, 222, 253, 133, 185, 184, 17, 12, 6, 139, 20, 63, 129, 252, 13, 246, 161, 204,
134, 88, 55, 53, 40, 53, 141, 129, 197, 175, 162, 79, 142, 159, 117, 175, 68, 143, 124, 0, 41, 182, 67, 87, 209, 83, 12, 102, 140, 132, 189, 173, 143, 89, 212, 216, 147, 51, 118, 88,
41, 153, 86, 131, 235, 144, 67, 109, 172, 158, 208, 73, 134, 102, 126, 30, 205, 23, 227, 36, 9, 191, 119, 87, 42, 168, 13, 173, 245, 168, 119, 19, 210, 239, 227, 179, 44, 137, 125, 37,
248, 225, 34, 250, 104, 192, 179, 232, 116, 152, 46, 212, 45, 17, 37, 19, 162, 28, 230, 84, 58, 82, 71, 248, 205, 172, 30, 83, 137, 172, 252, 221, 61, 40, 227, 194, 6, 198, 200, 130,
151, 46, 191, 217, 149, 236, 18, 250, 130, 169, 117, 11, 137, 254, 204, 167, 11, 35, 142, 97, 182, 61, 208, 186, 177, 143, 97, 66, 187, 179, 208, 69, 242, 137, 87, 75, 116, 66, 205, 139,
70, 223, 151, 189, 175, 132, 135, 15, 231, 206, 97, 196, 21, 238, 243, 36, 242, 49, 192, 60, 109, 183, 42, 40, 119, 218, 163, 106, 6, 92, 214, 64, 212, 227, 48, 154, 79, 238, 183, 27,
211, 2, 171, 132, 140, 123, 111, 54, 48, 10, 125, 150, 33, 5, 114, 239, 200, 201, 6, 243, 159, 49, 132, 40, 172, 139, 213, 72, 170, 174, 101, 207, 45, 110, 78, 39, 134, 74, 104, 211,
178, 69, 255, 189, 169, 212, 123, 162, 184, 149, 248, 185, 30, 49, 65, 136, 54, 106, 46, 82, 181, 62, 53, 158, 208, 114, 130, 118, 6, 33, 122, 150, 152, 73, 9, 105, 28, 85, 161, 53,
54, 12, 17, 81, 124, 179, 46, 211, 135, 181, 180, 221, 19, 244, 68, 117, 250, 50, 105, 201, 188, 17, 150, 37, 98, 203, 216, 2, 28, 97, 193, 48, 235, 232, 146, 85, 198, 23, 45, 110,
162, 70, 84, 128, 158, 93, 143, 7, 1, 160, 216, 201, 133, 190, 210, 33, 215, 43, 36, 231, 151, 26, 247, 225, 230, 21, 73, 174, 110, 188, 197, 20, 42, 108, 163, 123, 128, 70, 247, 247,
221, 83, 115, 65, 73, 118, 211, 249, 143, 148, 191, 136, 46, 18, 46, 153, 31, 58, 150, 139, 39, 206, 179, 205, 172, 72, 32, 19, 56, 61, 162, 191, 241, 137, 160, 43, 137, 154, 48, 137,
83, 218, 104, 7, 14, 255, 54, 109, 213, 36, 44, 117, 159, 178, 157, 186, 243, 73, 211, 248, 154, 30, 105, 111, 38, 226, 104, 128, 170, 254, 11, 106, 140, 226, 240, 61, 159, 100, 88, 14,
209, 84, 251, 50, 24, 167, 83, 93, 64, 160, 30, 217, 173, 188, 9, 80, 230, 247, 249, 143, 42, 128, 32, 115, 186, 218, 55, 252, 28, 183, 183, 180, 49, 175, 0, 151, 1, 52, 80, 19,
170, 32, 250, 41, 47, 35, 13, 230, 221, 182, 1, 83, 156, 218, 131, 219, 65, 10, 216, 229, 3, 183, 221, 144, 199, 36, 151, 212, 181, 243, 24, 237, 152, 162, 96, 39, 137, 218, 221, 129,
11, 5, 202, 53, 149, 72, 149, 184, 164, 218, 113, 98, 173, 178, 243, 35, 248, 166, 35, 116, 48, 107, 193, 175, 124, 252, 234, 142, 182, 235, 133, 83, 211, 151, 67, 196, 45, 182, 198, 108,
130, 22, 159, 29, 11, 137, 46, 124, 60, 224, 163, 21, 7, 40, 169, 30, 212, 185, 62, 225, 78, 165, 130, 35, 242, 0, 190, 169, 146, 93, 11, 18, 115, 75, 74, 129, 49, 57, 71, 200,
230, 169, 29, 231, 168, 54, 174, 52, 129, 198, 219, 96, 155, 169, 85, 248, 3, 16, 116, 41, 242, 111, 83, 229, 176, 88, 244, 134, 205, 254, 120, 149, 185, 209, 219, 231, 52, 3, 66, 250,
76, 3, 23, 122, 136, 93, 116, 154, 220, 80, 198, 18, 9, 112, 66, 181, 146, 75, 64, 126, 21, 78, 211, 107, 13, 123, 43, 19, 45, 165, 20, 130, 208, 245, 231, 191, 40, 160, 71, 107,
189, 66, 11, 251, 238, 24, 150, 51, 107, 214, 204, 127, 16, 93, 192, 106, 244, 149, 218, 35, 183, 76, 61, 93, 251, 52, 123, 168, 137, 117, 195, 3, 112, 221, 141, 194, 150, 172, 212, 127,
159, 89, 64, 243, 135, 16, 243, 188, 230, 21, 34, 205, 110, 201, 197, 6, 42, 127, 159, 123, 128, 30, 147, 242, 205, 49, 121, 107, 60, 111, 164, 236, 165, 161, 180, 172, 56, 63, 21, 253,
28, 123, 151, 213, 47, 247, 177, 209, 140, 57, 109, 49, 79, 6, 198, 143, 207, 169, 230, 18, 237, 206, 113, 232, 68, 227, 114, 38, 18, 173, 92, 47, 221, 83, 34, 117, 156, 157, 186, 143,
161, 119, 225, 244, 180, 31, 28, 71, 48, 200, 95, 147, 131, 218, 16, 98, 189, 158, 161, 21, 203, 28, 70, 25, 209, 68, 198, 27, 102, 248, 125, 72, 53, 136, 96, 222, 252, 186, 30, 42,
146, 140, 230, 247, 60, 168, 81, 23, 174, 170, 20, 220, 17, 194, 165, 194, 15, 172, 62, 151, 28, 12, 38, 29, 191, 52, 156, 92, 58, 103, 4, 216, 239, 225, 57, 105, 137, 216, 138, 216,
107, 33, 235, 134, 49, 193, 239, 180, 236, 46, 158, 217, 149, 196, 18, 202, 130, 169, 72, 11, 137, 226, 224, 220, 11, 61, 245, 102, 246, 60, 226, 147, 162, 169, 81, 31, 207, 157, 204, 56,
195, 209, 92, 81, 49, 65, 237, 191, 113, 207, 144, 152, 163, 196, 178, 107, 230, 175, 88, 193, 20, 200, 224, 117, 136, 17, 161, 31, 55, 161, 55, 57, 0, 238, 189, 81, 18, 71, 157, 115,
202, 254, 57, 225, 45, 130, 166, 60, 184, 119, 148, 132, 238, 31, 52, 51, 55, 118, 97, 176, 115, 122, 119, 202, 200, 246, 2, 204, 207, 29, 149, 26, 228, 212, 232, 28, 236, 143, 66, 155,
3, 6, 72, 5, 146, 7, 28, 216, 221, 26, 221, 134, 205, 227, 86, 255, 248, 233, 235, 184, 30, 46, 78, 228, 97, 108, 20, 117, 150, 95, 50, 156, 235, 73, 134, 10, 8, 3, 102, 180,
172, 69, 32, 127, 45, 72, 215, 67, 13, 45, 51, 34, 23, 231, 87, 142, 171, 249, 236, 224, 81, 211, 58, 78, 241, 110, 56, 253, 141, 71, 243, 101, 49, 182, 172, 2, 20, 124, 206, 46,
238, 149, 199, 33, 157, 95, 39, 93, 170, 2, 104, 215, 238, 117, 215, 27, 10, 221, 208, 245, 240, 171, 143, 56, 189, 33, 94, 221, 151, 64, 247, 205, 230, 21, 70, 174, 110, 209, 197, 4,
42, 108, 179, 123, 128, 106, 156, 143, 205, 49, 87, 56, 60, 67, 164, 165, 165, 182, 168, 172, 9, 115, 44, 138, 119, 121, 192, 205, 111, 203, 213, 255, 179, 124, 57, 24, 50, 100, 184, 191,
190, 175, 167, 49, 244, 159, 18, 138, 110, 221, 32, 56, 52, 174, 115, 104, 212, 68, 1, 80, 202, 176, 176, 157, 143, 65, 231, 244, 141, 55, 117, 67, 23, 224, 73, 151, 173, 242, 80, 105,
149, 149, 192, 37, 172, 97, 100, 6, 220, 112, 203, 60, 29, 175, 73, 101, 53, 239, 104, 253, 165, 163, 51, 19, 208, 238, 129, 145, 63, 160, 63, 9, 186, 198, 32, 249, 42, 206, 146, 203,
9, 250, 27, 138, 114, 13, 28, 32, 128, 6, 250, 40, 58, 77, 3, 248, 250, 168, 36, 8, 244, 157, 150, 196, 87, 77, 222, 248, 42, 220, 171, 226, 151, 62, 191, 141, 213, 236, 17, 234,
143, 170, 80, 58, 137, 141, 235, 191, 28, 19, 247, 111, 246, 45, 242, 168, 167, 216, 71, 127, 204, 189, 194, 56, 243, 172, 85, 72, 29, 88, 237, 138, 48, 220, 184, 155, 162, 204, 163, 65,
240, 189, 121, 232, 23, 244, 225, 85, 170, 57, 161, 11, 39, 142, 82, 14, 51, 185, 154, 86, 119, 121, 214, 104, 212, 212, 49, 154, 79, 130, 179, 22, 254, 17, 147, 143, 158, 123, 43, 10,
116, 112, 47, 150, 28, 45, 115, 200, 242, 209, 30, 243, 151, 13, 187, 22, 184, 195, 211, 92, 184, 176, 96, 228, 19, 113, 12, 37, 156, 6, 76, 230, 221, 125, 255, 134, 205, 219, 120, 155,
185, 209, 250, 231, 52, 43, 110, 212, 100, 118, 54, 77, 253, 57, 35, 156, 246, 11, 211, 57, 6, 32, 94, 190, 138, 118, 16, 54, 112, 105, 130, 109, 17, 17, 76, 19, 43, 178, 13, 217,
144, 139, 151, 224, 81, 240, 91, 84, 205, 74, 54, 255, 230, 57, 163, 69, 98, 214, 248, 126, 20, 58, 198, 23, 235, 232, 182, 20, 188, 93, 54, 4, 164, 1, 93, 164, 182, 11, 231, 20,
45, 160, 215, 206, 178, 202, 210, 4, 148, 57, 65, 199, 139, 66, 199, 223, 230, 21, 100, 205, 110, 192, 229, 48, 49, 90, 155, 59, 246, 69, 147, 137, 244, 59, 122, 99, 58, 96, 243, 213,
243, 148, 168, 184, 16, 12, 75, 244, 119, 67, 178, 210, 111, 249, 221, 243, 151, 88, 55, 53, 40, 53, 141, 129, 197, 175, 162, 79, 142, 159, 117, 175, 68, 143, 124, 0, 41, 182, 67, 87,
209, 83, 12, 101, 207, 128, 145, 182, 249, 0, 219, 252, 148, 51, 73, 98, 1, 224, 91, 244, 173, 134, 19, 72, 139, 232, 211, 37, 174, 120, 5, 116, 220, 97, 224, 36, 42, 176, 55, 117,
117, 236, 9, 199, 169, 217, 3, 12, 224, 238, 227, 151, 45, 137, 83, 110, 170, 197, 40, 251, 7, 222, 144, 254, 125, 172, 12, 215, 9, 104, 7, 59, 166, 7, 191, 63, 22, 110, 91, 212,
211, 186, 53, 72, 136, 172, 252, 221, 61, 40, 227, 194, 119, 198, 200, 130, 151, 46, 191, 217, 149, 242, 61, 233, 162, 156, 6, 55, 173, 193, 247, 188, 0, 33, 246, 102, 188, 11, 205, 137,
157, 217, 44, 106, 144, 186, 140, 97, 206, 137, 118, 41, 107, 114, 210, 186, 80, 218, 176, 164, 136, 218, 137, 83, 221, 181, 69, 203, 23, 238, 242, 123, 162, 30, 196, 11, 20, 130, 55, 14,
32, 238, 190, 83, 7, 92, 188, 71, 212, 214, 16, 150, 19, 157, 147, 11, 242, 115, 166, 182, 238, 16, 107, 36, 109, 81, 47, 131, 49, 25, 119, 171, 200, 234, 70, 243, 207, 38, 149, 6,
228, 213, 247, 1, 155, 201, 81, 248, 47, 24, 117, 18, 146, 119, 104, 187, 169, 7, 163, 168, 148, 228, 27, 190, 185, 205, 196, 177, 12, 24, 55, 254, 100, 106, 23, 34, 147, 93, 61, 186,
235, 80, 194, 113, 47, 42, 37, 182, 138, 37, 58, 105, 21, 85, 188, 56, 10, 6, 61, 30, 54, 136, 14, 175, 215, 166, 185, 230, 50, 250, 76, 69, 210, 79, 54, 250, 185, 2, 163, 114,
60, 202, 192, 101, 43, 72, 237, 58, 225, 134, 157, 12, 188, 65, 102, 127, 250, 43, 85, 164, 238, 109, 227, 22, 48, 187, 251, 245, 133, 146, 143, 30, 208, 58, 112, 159, 159, 33, 250, 228,
194, 21, 35, 218, 110, 202, 197, 83, 52, 78, 184, 123, 160, 70, 156, 227, 244, 59, 65, 76, 58, 106, 243, 251, 145, 167, 192, 184, 108, 52, 40, 155, 119, 123, 146, 157, 47, 252, 162, 221,
172, 86, 44, 53, 40, 13, 176, 129, 195, 185, 164, 58, 176, 235, 114, 171, 110, 220, 97, 25, 14, 250, 51, 82, 220, 118, 5, 100, 198, 174, 130, 136, 190, 10, 133, 204, 141, 64, 86, 122,
28, 200, 95, 143, 136, 250, 104, 63, 130, 135, 161, 53, 135, 70, 85, 35, 254, 68, 213, 25, 30, 152, 54, 120, 114, 182, 53, 222, 245, 139, 7, 3, 208, 238, 227, 145, 63, 144, 63, 19,
186, 198, 37, 249, 42, 173, 146, 218, 15, 145, 73, 166, 107, 58, 5, 91, 212, 124, 157, 63, 8, 125, 35, 226, 231, 178, 28, 85, 188, 139, 150, 173, 81, 22, 219, 220, 53, 196, 213, 236,
242, 22, 165, 173, 200, 234, 58, 205, 130, 130, 3, 11, 137, 218, 221, 129, 11, 5, 202, 53, 149, 72, 149, 184, 164, 218, 113, 98, 164, 178, 243, 35, 211, 209, 32, 100, 29, 60, 237, 169,
113, 172, 183, 164, 239, 216, 135, 108, 221, 174, 67, 245, 51, 168, 249, 111, 153, 11, 196, 39, 20, 189, 53, 42, 10, 232, 192, 86, 6, 106, 214, 74, 212, 212, 30, 154, 79, 157, 179, 27,
254, 17, 184, 136, 230, 96, 18, 31, 86, 115, 97, 131, 49, 9, 115, 218, 200, 234, 34, 205, 200, 19, 191, 58, 164, 246, 128, 1, 155, 189, 23, 248, 3, 6, 118, 41, 146, 123, 28, 202,
221, 125, 162, 152, 135, 218, 4, 180, 218, 149, 199, 234, 25, 63, 109, 217, 100, 15, 23, 65, 162, 10, 48, 206, 237, 70, 198, 26, 22, 47, 63, 148, 250, 38, 36, 66, 111, 51, 140, 94,
45, 28, 1, 92, 39, 179, 50, 221, 144, 253, 144, 224, 50, 226, 57, 68, 243, 74, 33, 238, 152, 34, 244, 44, 51, 155, 240, 85, 107, 85, 215, 56, 151, 143, 175, 46, 188, 100, 102, 93,
253, 69, 8, 215, 168, 116, 211, 4, 48, 187, 141, 213, 133, 152, 143, 30, 148, 95, 64, 210, 181, 25, 236, 194, 230, 80, 58, 214, 21, 239, 212, 37, 42, 80, 236, 123, 189, 109, 169, 195,
221, 59, 64, 54, 12, 73, 248, 233, 165, 133, 164, 183, 8, 108, 41, 162, 53, 103, 172, 231, 5, 212, 221, 158, 136, 125, 17, 21, 24, 33, 141, 191, 191, 151, 134, 27, 181, 206, 2, 141,
87, 222, 77, 59, 114, 160, 119, 79, 211, 118, 22, 21, 172, 190, 145, 211, 128, 86, 250, 201, 173, 31, 106, 71, 63, 153, 78, 243, 138, 219, 115, 101, 168, 159, 193, 26, 187, 85, 126, 29,
218, 112, 208, 24, 22, 139, 67, 112, 53, 170, 48, 199, 169, 221, 50, 23, 223, 253, 194, 240, 63, 170, 63, 54, 186, 217, 36, 249, 42, 246, 211, 194, 15, 145, 62, 167, 5, 107, 5, 13,
209, 52, 225, 71, 60, 124, 4, 216, 192, 172, 5, 115, 236, 216, 176, 164, 46, 76, 220, 230, 19, 184, 240, 150, 252, 15, 193, 170, 180, 204, 109, 197, 251, 220, 83, 4, 185, 200, 200, 171,
18, 94, 242, 73, 179, 60, 225, 132, 191, 189, 69, 31, 149, 184, 195, 73, 253, 137, 104, 109, 57, 105, 206, 145, 127, 160, 145, 188, 244, 229, 158, 109, 211, 204, 125, 217, 16, 180, 245, 41,
162, 30, 168, 11, 20, 169, 55, 0, 119, 218, 193, 23, 39, 84, 171, 76, 149, 167, 1, 128, 49, 173, 128, 6, 207, 2, 224, 154, 158, 99, 43, 47, 109, 10, 122, 150, 32, 7, 82, 233,
200, 218, 19, 225, 177, 2, 172, 51, 187, 216, 225, 116, 186, 168, 19, 206, 10, 24, 118, 39, 158, 84, 103, 216, 191, 26, 193, 134, 169, 227, 86, 255, 248, 233, 235, 184, 30, 46, 78, 228,
113, 108, 20, 122, 134, 29, 17, 141, 235, 80, 198, 113, 47, 112, 37, 175, 138, 37, 20, 33, 110, 93, 151, 52, 33, 48, 8, 38, 10, 141, 85, 210, 189, 168, 230, 228, 55, 165, 0, 28,
195, 98, 39, 250, 140, 89, 163, 108, 51, 203, 235, 127, 29, 73, 238, 99, 156, 179, 192, 49, 205, 82, 102, 93, 250, 43, 93, 184, 178, 81, 227, 1, 44, 187, 208, 245, 133, 200, 202, 8,
148, 38, 109, 199, 139, 46, 211, 231, 198, 81, 121, 181, 21, 242, 241, 72, 49, 113, 136, 127, 246, 122, 183, 237, 244, 49, 90, 82, 55, 48, 224, 255, 177, 182, 168, 225, 109, 51, 42, 135,
43, 103, 175, 144, 34, 247, 161, 200, 202, 98, 7, 0, 50, 98, 166, 217, 254, 151, 254, 81, 151, 252, 113, 191, 68, 202, 72, 38, 3, 254, 71, 109, 241, 47, 1, 23, 173, 147, 229, 172,
254, 112, 231, 244, 173, 16, 110, 97, 8, 206, 126, 151, 173, 221, 28, 124, 182, 194, 196, 30, 184, 6, 0, 24, 252, 96, 254, 102, 105, 155, 114, 80, 76, 224, 31, 241, 141, 128, 8, 41,
212, 254, 230, 249, 71, 164, 118, 46, 190, 229, 68, 233, 46, 183, 157, 200, 106, 156, 54, 175, 13, 103, 45, 95, 136, 5, 176, 97, 8, 77, 28, 238, 230, 234, 31, 110, 137, 218, 157, 241,
50, 48, 233, 249, 107, 224, 171, 130, 202, 49, 186, 184, 184, 195, 45, 137, 254, 170, 90, 61, 137, 139, 235, 173, 119, 57, 206, 84, 129, 30, 238, 131, 183, 218, 76, 31, 144, 216, 159, 92,
224, 137, 101, 108, 60, 112, 210, 207, 127, 214, 144, 134, 165, 238, 172, 67, 208, 204, 118, 247, 12, 237, 198, 114, 168, 96, 165, 6, 20, 243, 14, 117, 21, 238, 181, 125, 7, 126, 171, 73,
132, 195, 44, 168, 45, 164, 132, 22, 241, 119, 154, 150, 149, 16, 111, 30, 124, 75, 112, 179, 49, 45, 83, 226, 231, 174, 3, 205, 170, 45, 178, 10, 143, 198, 249, 88, 234, 150, 75, 232,
3, 115, 9, 44, 235, 84, 73, 236, 221, 93, 196, 152, 176, 128, 64, 129, 196, 249, 250, 187, 16, 46, 49, 204, 76, 30, 32, 71, 245, 1, 51, 157, 237, 120, 216, 13, 38, 20, 66, 187,
134, 86, 58, 89, 21, 105, 130, 109, 119, 17, 15, 19, 38, 189, 81, 146, 215, 253, 158, 230, 85, 222, 4, 101, 190, 101, 105, 237, 140, 90, 252, 102, 86, 151, 205, 90, 2, 101, 176, 47,
210, 159, 146, 88, 200, 115, 34, 114, 130, 74, 121, 139, 150, 96, 232, 37, 52, 171, 143, 189, 253, 180, 198, 41, 144, 26, 76, 215, 143, 14, 205, 199, 164, 54, 121, 213, 22, 254, 179, 49,
119, 41, 137, 35, 148, 74, 147, 131, 205, 77, 111, 83, 76, 75, 198, 204, 166, 234, 144, 129, 10, 0, 62, 139, 60, 56, 154, 215, 5, 220, 174, 220, 142, 62, 38, 9, 79, 111, 223, 220,
254, 151, 190, 47, 153, 196, 111, 173, 66, 219, 72, 28, 55, 182, 119, 108, 253, 73, 71, 22, 135, 180, 130, 146, 190, 89, 244, 225, 137, 13, 106, 88, 20, 224, 73, 156, 134, 214, 20, 105,
140, 234, 255, 20, 134, 113, 126, 30, 188, 23, 254, 59, 48, 187, 73, 68, 79, 170, 16, 250, 137, 185, 111, 53, 223, 206, 240, 177, 63, 240, 63, 19, 252, 250, 26, 230, 106, 170, 182, 184,
40, 145, 58, 211, 14, 37, 44, 17, 191, 54, 147, 59, 27, 82, 70, 234, 222, 168, 39, 114, 244, 146, 172, 207, 104, 33, 216, 236, 6, 198, 200, 130, 151, 46, 184, 171, 149, 236, 18, 250,
130, 129, 69, 58, 137, 141, 246, 169, 45, 5, 211, 52, 130, 43, 242, 254, 130, 137, 127, 31, 182, 198, 247, 97, 211, 166, 95, 44, 61, 98, 206, 170, 124, 182, 188, 179, 136, 215, 156, 116,
221, 145, 109, 238, 16, 238, 160, 51, 242, 58, 155, 31, 55, 186, 38, 26, 35, 238, 128, 19, 23, 124, 157, 98, 136, 188, 0, 146, 85, 230, 147, 26, 188, 123, 153, 184, 157, 105, 3, 105,
125, 108, 115, 187, 10, 5, 117, 253, 145, 249, 5, 225, 200, 53, 174, 44, 128, 213, 247, 1, 155, 201, 116, 194, 3, 6, 77, 5, 146, 116, 118, 233, 221, 101, 252, 191, 176, 131, 31, 249,
211, 233, 232, 168, 116, 24, 81, 249, 60, 1, 45, 85, 182, 30, 111, 178, 253, 70, 216, 50, 85, 32, 66, 174, 160, 42, 56, 66, 108, 104, 171, 53, 0, 45, 17, 80, 38, 232, 33, 166,
174, 169, 133, 162, 45, 219, 56, 84, 231, 51, 55, 137, 184, 31, 177, 85, 108, 182, 201, 113, 15, 109, 178, 25, 151, 174, 187, 48, 140, 31, 39, 113, 129, 0, 107, 219, 239, 125, 254, 0,
29, 132, 216, 227, 242, 182, 235, 31, 156, 85, 112, 159, 201, 67, 211, 194, 179, 59, 98, 198, 45, 233, 197, 68, 99, 92, 184, 123, 128, 70, 247, 207, 227, 83, 93, 109, 40, 106, 164, 164,
137, 225, 152, 156, 14, 12, 84, 128, 10, 107, 152, 157, 30, 214, 181, 152, 179, 95, 122, 53, 40, 13, 176, 129, 254, 244, 146, 14, 239, 254, 46, 147, 68, 232, 117, 38, 23, 165, 71, 114,
214, 89, 12, 83, 152, 215, 189, 187, 177, 80, 232, 204, 239, 59, 11, 84, 112, 224, 13, 241, 253, 240, 73, 96, 162, 131, 237, 28, 168, 2, 127, 15, 248, 68, 169, 54, 48, 250, 119, 90,
110, 239, 9, 199, 169, 133, 19, 34, 146, 230, 223, 174, 45, 176, 103, 42, 141, 166, 9, 192, 37, 204, 146, 237, 35, 145, 14, 172, 9, 8, 5, 31, 175, 14, 130, 84, 58, 125, 1, 155,
205, 201, 40, 104, 137, 170, 176, 217, 87, 79, 227, 220, 49, 227, 175, 131, 138, 106, 183, 167, 159, 204, 1, 228, 185, 171, 126, 61, 137, 245, 198, 160, 45, 19, 139, 111, 172, 72, 202, 249,
162, 186, 108, 104, 150, 184, 236, 107, 196, 172, 117, 86, 29, 111, 181, 197, 127, 220, 140, 134, 156, 228, 138, 127, 252, 145, 69, 244, 25, 245, 249, 43, 165, 23, 159, 43, 106, 172, 93, 46,
10, 219, 150, 98, 13, 106, 188, 114, 212, 195, 12, 177, 12, 190, 157, 43, 254, 17, 184, 143, 158, 112, 119, 45, 114, 80, 64, 187, 0, 10, 48, 208, 239, 174, 49, 198, 191, 51, 224, 21,
187, 196, 195, 105, 236, 169, 75, 252, 31, 100, 11, 0, 253, 75, 80, 224, 181, 25, 249, 152, 171, 135, 4, 134, 192, 204, 192, 136, 28, 0, 110, 246, 61, 54, 49, 113, 175, 30, 19, 207,
241, 70, 134, 47, 78, 16, 37, 137, 138, 66, 8, 33, 110, 41, 147, 79, 33, 48, 78, 83, 113, 232, 14, 189, 145, 227, 224, 187, 12, 224, 22, 90, 231, 51, 11, 212, 173, 9, 243, 80,
76, 137, 204, 127, 20, 67, 207, 26, 227, 191, 140, 6, 156, 68, 54, 121, 157, 66, 91, 223, 233, 1, 156, 62, 48, 187, 253, 254, 240, 207, 212, 3, 210, 8, 113, 252, 157, 25, 236, 200,
199, 21, 120, 207, 110, 201, 197, 6, 42, 94, 176, 59, 156, 22, 176, 234, 244, 38, 86, 75, 50, 114, 249, 250, 145, 133, 196, 156, 38, 17, 18, 132, 18, 56, 172, 143, 51, 212, 161, 194,
167, 117, 25, 21, 15, 33, 130, 166, 195, 183, 134, 18, 183, 251, 21, 136, 71, 203, 81, 22, 54, 168, 55, 80, 146, 47, 1, 117, 144, 179, 237, 158, 178, 118, 208, 249, 240, 25, 71, 29,
61, 224, 94, 128, 173, 200, 81, 66, 140, 227, 197, 20, 152, 109, 13, 24, 184, 64, 229, 14, 103, 130, 75, 14, 107, 150, 8, 209, 242, 156, 53, 42, 225, 255, 236, 243, 31, 168, 39, 13,
188, 167, 55, 190, 40, 234, 145, 225, 106, 191, 74, 163, 14, 111, 38, 60, 175, 59, 133, 103, 60, 38, 2, 202, 222, 217, 97, 6, 181, 187, 163, 172, 104, 13, 168, 194, 119, 227, 200, 149,
243, 106, 188, 166, 191, 244, 101, 243, 166, 199, 64, 15, 182, 200, 208, 187, 48, 62, 129, 52, 130, 71, 226, 147, 132, 181, 89, 127, 204, 142, 250, 116, 196, 154, 75, 104, 9, 73, 206, 145,
65, 212, 190, 236, 180, 151, 166, 121, 241, 215, 2, 234, 8, 244, 249, 119, 145, 56, 197, 11, 20, 169, 55, 42, 112, 192, 181, 103, 13, 72, 203, 27, 136, 225, 62, 190, 45, 189, 166, 6,
207, 4, 232, 207, 235, 92, 43, 19, 112, 108, 113, 186, 113, 26, 92, 208, 148, 203, 24, 193, 173, 11, 183, 51, 187, 233, 201, 118, 183, 156, 83, 206, 39, 100, 73, 114, 141, 109, 73, 191,
166, 94, 244, 146, 204, 198, 80, 174, 185, 209, 194, 241, 52, 46, 110, 218, 98, 107, 22, 34, 146, 34, 111, 169, 242, 68, 239, 121, 85, 117, 69, 180, 152, 124, 32, 77, 21, 94, 146, 94,
47, 48, 54, 50, 112, 188, 33, 218, 208, 156, 146, 168, 21, 226, 38, 126, 195, 97, 9, 250, 182, 89, 162, 123, 49, 188, 247, 88, 20, 73, 178, 23, 227, 158, 175, 48, 189, 83, 48, 5,
191, 27, 82, 164, 150, 114, 143, 29, 1, 168, 215, 183, 163, 168, 203, 7, 175, 67, 121, 254, 166, 18, 252, 232, 234, 39, 119, 233, 105, 240, 211, 54, 78, 108, 179, 123, 128, 106, 156, 143,
205, 49, 87, 56, 60, 67, 164, 213, 172, 183, 176, 129, 41, 104, 84, 134, 14, 123, 200, 245, 47, 198, 209, 159, 182, 95, 25, 53, 40, 38, 176, 173, 242, 244, 161, 78, 153, 252, 117, 182,
49, 139, 125, 56, 52, 136, 112, 125, 199, 120, 1, 79, 202, 139, 166, 152, 190, 93, 216, 217, 190, 61, 107, 68, 61, 224, 73, 148, 240, 242, 19, 36, 220, 197, 160, 20, 134, 69, 95, 120,
205, 23, 254, 6, 23, 138, 75, 101, 51, 182, 108, 241, 245, 157, 51, 84, 205, 206, 236, 145, 63, 160, 63, 54, 163, 160, 72, 255, 27, 194, 151, 225, 113, 251, 8, 208, 54, 29, 30, 82,
148, 45, 144, 102, 41, 38, 48, 238, 205, 225, 37, 11, 152, 189, 172, 172, 61, 79, 223, 197, 19, 232, 245, 158, 253, 119, 195, 144, 183, 236, 48, 244, 173, 171, 70, 40, 236, 254, 143, 186,
11, 28, 204, 53, 129, 60, 227, 170, 164, 218, 94, 87, 180, 158, 135, 89, 225, 154, 121, 39, 60, 76, 193, 184, 96, 224, 174, 230, 182, 205, 244, 104, 227, 189, 88, 196, 45, 237, 216, 85,
172, 37, 151, 12, 112, 186, 82, 14, 119, 218, 201, 101, 38, 92, 169, 27, 164, 212, 48, 134, 63, 179, 150, 20, 243, 46, 144, 204, 158, 67, 43, 54, 55, 1, 83, 131, 49, 33, 115, 171,
226, 249, 50, 231, 180, 87, 149, 11, 162, 199, 221, 72, 167, 178, 82, 195, 0, 17, 107, 124, 167, 101, 20, 242, 167, 125, 192, 128, 205, 207, 3, 184, 211, 233, 217, 239, 40, 121, 78, 200,
49, 15, 40, 65, 162, 35, 10, 200, 237, 72, 241, 111, 54, 20, 33, 144, 189, 66, 29, 105, 21, 97, 145, 68, 13, 48, 35, 18, 54, 150, 13, 168, 145, 154, 156, 220, 25, 252, 2, 124,
189, 110, 102, 208, 147, 18, 244, 93, 108, 151, 209, 80, 51, 60, 239, 60, 244, 158, 158, 83, 169, 112, 123, 81, 152, 41, 101, 190, 154, 75, 234, 42, 60, 170, 208, 181, 137, 171, 210, 4,
173, 57, 111, 193, 201, 49, 134, 226, 237, 52, 80, 200, 47, 209, 198, 46, 106, 122, 154, 39, 241, 86, 169, 246, 213, 59, 76, 74, 79, 69, 195, 170, 243, 137, 176, 184, 16, 32, 93, 174,
119, 123, 170, 139, 47, 249, 142, 205, 130, 62, 26, 102, 40, 13, 223, 160, 223, 187, 250, 12, 183, 236, 111, 152, 74, 251, 32, 19, 112, 128, 125, 52, 151, 101, 6, 90, 173, 177, 231, 183,
138, 68, 231, 222, 147, 15, 28, 68, 20, 250, 116, 156, 170, 253, 19, 109, 172, 226, 160, 35, 137, 5, 90, 123, 185, 106, 201, 36, 28, 255, 43, 117, 104, 150, 23, 213, 142, 159, 54, 19,
192, 132, 198, 240, 63, 240, 63, 47, 186, 171, 26, 249, 42, 222, 147, 223, 2, 172, 58, 163, 14, 43, 37, 17, 131, 52, 187, 72, 10, 100, 2, 214, 241, 161, 125, 52, 255, 200, 228, 188,
94, 75, 173, 233, 100, 178, 164, 249, 138, 45, 180, 182, 188, 151, 17, 221, 185, 163, 94, 93, 148, 201, 195, 188, 116, 10, 202, 87, 134, 27, 147, 133, 215, 163, 69, 98, 147, 197, 220, 68,
241, 144, 32, 78, 104, 66, 242, 155, 53, 182, 129, 158, 139, 247, 163, 116, 207, 141, 71, 227, 26, 234, 164, 95, 145, 31, 167, 5, 40, 182, 44, 45, 16, 219, 169, 78, 53, 109, 135, 111,
183, 199, 3, 155, 70, 150, 161, 71, 205, 2, 149, 167, 244, 124, 116, 25, 42, 79, 67, 135, 3, 8, 124, 216, 238, 210, 36, 208, 142, 83, 172, 30, 189, 152, 249, 72, 157, 189, 107, 251,
116, 30, 120, 32, 146, 102, 83, 248, 149, 28, 172, 199, 191, 243, 67, 190, 219, 140, 194, 152, 107, 125, 105, 206, 102, 106, 58, 83, 143, 90, 19, 179, 221, 112, 130, 11, 74, 3, 103, 146,
143, 70, 66, 95, 30, 32, 137, 60, 38, 34, 72, 32, 19, 149, 28, 170, 134, 184, 134, 244, 76, 243, 61, 25, 217, 48, 99, 221, 145, 36, 137, 80, 92, 178, 211, 92, 22, 59, 252, 104,
240, 144, 128, 10, 155, 17, 96, 125, 134, 55, 2, 166, 155, 86, 203, 54, 50, 152, 224, 254, 144, 158, 156, 7, 146, 53, 82, 245, 155, 38, 204, 253, 196, 72, 82, 199, 20, 163, 247, 19,
110, 127, 163, 28, 190, 71, 136, 214, 195, 56, 3, 49, 31, 51, 252, 239, 178, 187, 200, 166, 6, 33, 29, 154, 29, 71, 131, 243, 44, 167, 212, 147, 211, 102, 55, 60, 55, 38, 164, 168,
249, 137, 146, 50, 170, 193, 112, 183, 65, 129, 112, 29, 50, 137, 76, 85, 208, 105, 68, 18, 173, 178, 145, 138, 253, 120, 214, 228, 146, 75, 112, 100, 60, 145, 127, 182, 144, 214, 118, 113,
156, 205, 253, 64, 145, 121, 103, 24, 202, 72, 195, 55, 46, 139, 77, 118, 111, 186, 51, 187, 141, 190, 6, 73, 246, 132, 236, 150, 21, 138, 78, 22, 154, 247, 64, 195, 108, 192, 221, 185,
40, 136, 14, 166, 112, 47, 45, 19, 221, 6, 162, 101, 16, 96, 68, 255, 238, 196, 9, 83, 140, 170, 178, 198, 127, 32, 174, 209, 45, 246, 200, 157, 149, 49, 185, 134, 164, 233, 24, 223,
142, 157, 124, 10, 151, 128, 254, 218, 43, 32, 195, 87, 165, 27, 208, 252, 149, 222, 127, 94, 209, 185, 210, 72, 207, 130, 33, 105, 12, 78, 226, 151, 96, 248, 180, 191, 183, 227, 165, 111,
220, 215, 6, 233, 19, 237, 218, 47, 242, 63, 182, 62, 54, 151, 28, 52, 12, 239, 178, 77, 1, 121, 208, 66, 220, 246, 47, 155, 75, 175, 130, 35, 216, 40, 226, 157, 148, 103, 35, 44,
46, 67, 88, 160, 55, 24, 84, 239, 228, 245, 17, 231, 150, 23, 164, 5, 128, 208, 197, 28, 151, 160, 21, 202, 112, 93, 111, 114, 140, 94, 70, 193, 131, 86, 226, 197, 155, 194, 64, 150,
198, 218, 218, 231, 13, 60, 101, 254, 98, 9, 21, 76, 148, 53, 41, 200, 202, 68, 218, 3, 74, 45, 83, 228, 147, 70, 33, 124, 49, 105, 168, 88, 17, 44, 42, 14, 49, 186, 16, 221,
138, 250, 163, 160, 7, 228, 91, 30, 239, 112, 1, 138, 140, 81, 182, 47, 97, 147, 238, 80, 51, 55, 243, 35, 236, 179, 177, 9, 207, 65, 6, 85, 132, 54, 116, 165, 174, 92, 213, 39,
34, 152, 195, 200, 176, 134, 240, 123, 180, 46, 111, 246, 209, 21, 197, 199, 202, 37, 118, 217, 17, 248, 240, 5, 72, 97, 180, 61, 130, 88, 133, 214, 211, 43, 5, 49, 39, 70, 236, 179,
190, 185, 222, 138, 25, 55, 52, 137, 110, 81, 163, 194, 32, 247, 165, 147, 180, 118, 35, 99, 55, 27, 173, 222, 229, 177, 171, 45, 166, 131, 5, 149, 95, 253, 124, 34, 53, 139, 87, 85,
201, 111, 12, 87, 201, 210, 146, 205, 154, 87, 158, 197, 146, 16, 70, 72, 10, 220, 91, 167, 188, 214, 17, 79, 138, 234, 207, 27, 181, 102, 66, 25, 216, 121, 212, 103, 110, 188, 52, 78,
103, 182, 27, 223, 158, 188, 39, 73, 246, 230, 251, 130, 61, 190, 92, 119, 164, 247, 33, 190, 49, 219, 147, 199, 22, 139, 19, 131, 34, 41, 14, 18, 156, 25, 155, 37, 25, 80, 68, 193,
253, 176, 2, 15, 158, 169, 190, 179, 99, 63, 182, 240, 117, 214, 209, 138, 148, 24, 150, 203, 186, 192, 19, 202, 164, 154, 3, 31, 184, 218, 220, 167, 31, 80, 206, 98, 157, 21, 206, 228,
214, 167, 69, 114, 136, 134, 223, 104, 241, 173, 32, 74, 30, 120, 229, 189, 51, 210, 190, 158, 137, 247, 240, 116, 234, 178, 96, 227, 42, 209, 206, 102, 175, 43, 188, 35, 56, 172, 13, 1,
12, 238, 189, 77, 46, 121, 173, 66, 170, 220, 49, 137, 16, 130, 149, 37, 209, 43, 189, 188, 185, 26, 7, 109, 93, 93, 83, 197, 119, 100, 118, 208, 149, 221, 23, 225, 172, 32, 133, 5,
242, 215, 198, 95, 177, 176, 105, 156, 32, 90, 95, 52, 133, 92, 82, 220, 157, 24, 210, 199, 179, 239, 112, 187, 230, 244, 195, 151, 62, 37, 67, 138, 48, 15, 32, 98, 149, 27, 22, 163,
239, 104, 227, 3, 63, 45, 109, 236, 172, 33, 52, 63, 61, 112, 211, 85, 49, 62, 35, 86, 34, 181, 62, 157, 180, 160, 178, 218, 7, 192, 61, 99, 196, 122, 34, 215, 158, 93, 239, 41,
42, 170, 222, 120, 124, 85, 204, 55, 246, 159, 165, 14, 141, 64, 63, 91, 160, 71, 116, 165, 174, 107, 232, 94, 22, 217, 247, 198, 179, 205, 156, 122, 138, 40, 84, 250, 141, 16, 237, 246,
187, 41, 107, 203, 11, 187, 183, 79, 54, 97, 142, 97, 178, 119, 241, 242, 220, 43, 84, 109, 53, 68, 229, 206, 243, 131, 158, 171, 58, 44, 83, 132, 124, 108, 191, 242, 124, 167, 183, 147,
211, 68, 35, 99, 42, 120, 186, 222, 249, 144, 161, 50, 157, 204, 28, 189, 124, 150, 74, 35, 38, 182, 105, 85, 201, 111, 68, 113, 201, 214, 155, 151, 164, 65, 220, 198, 167, 23, 67, 99,
10, 155, 108, 167, 151, 233, 74, 126, 129, 198, 218, 22, 169, 90, 69, 4, 202, 76, 213, 18, 5, 139, 99, 106, 93, 234, 27, 223, 246, 217, 34, 73, 246, 241, 217, 130, 11, 163, 34, 22,
154, 199, 39, 254, 102, 250, 149, 238, 4, 143, 33, 135, 40, 24, 60, 19, 167, 32, 172, 73, 27, 64, 62, 202, 184, 238, 9, 76, 165, 137, 148, 236, 113, 63, 195, 205, 17, 189, 232, 143,
198, 22, 131, 182, 186, 159, 21, 132, 154, 137, 71, 93, 150, 234, 247, 188, 115, 12, 239, 50, 143, 42, 200, 137, 179, 162, 116, 82, 155, 192, 128, 122, 231, 146, 73, 79, 55, 122, 238, 157,
96, 243, 233, 186, 252, 236, 162, 12, 150, 203, 66, 194, 20, 194, 253, 68, 228, 61, 163, 62, 43, 243, 84, 25, 22, 248, 177, 99, 42, 72, 220, 76, 138, 191, 57, 128, 40, 177, 182, 60,
232, 113, 225, 188, 147, 27, 39, 55, 49, 75, 83, 197, 125, 12, 108, 238, 247, 168, 36, 225, 173, 32, 224, 58, 175, 215, 215, 91, 133, 142, 66, 152, 118, 76, 8, 45, 141, 125, 72, 233,
131, 125, 228, 180, 199, 249, 109, 138, 178, 147, 208, 153, 10, 48, 117, 132, 51, 31, 47, 39, 151, 64, 40, 201, 215, 118, 198, 107, 53, 46, 126, 229, 186, 87, 55, 93, 25, 122, 143, 63,
49, 30, 42, 41, 13, 234, 48, 136, 220, 252, 229, 241, 28, 218, 53, 99, 205, 119, 4, 135, 179, 61, 235, 102, 48, 187, 195, 70, 22, 92, 213, 33, 200, 183, 128, 50, 203, 80, 29, 117,
132, 42, 100, 190, 152, 114, 144, 39, 113, 157, 233, 200, 252, 149, 156, 123, 150, 38, 68, 221, 139, 24, 224, 224, 202, 58, 86, 220, 19, 248, 224, 15, 61, 84, 158, 33, 170, 88, 169, 214,
211, 36, 5, 49, 74, 70, 198, 251, 190, 171, 128, 184, 61, 23, 40, 135, 19, 124, 140, 207, 112, 249, 145, 147, 174, 122, 15, 127, 43, 3, 131, 222, 178, 160, 232, 52, 150, 238, 50, 181,
95, 138, 82, 18, 9, 152, 73, 67, 201, 104, 45, 112, 157, 222, 182, 197, 184, 123, 198, 154, 234, 12, 92, 71, 10, 208, 118, 167, 141, 233, 126, 126, 212, 252, 186, 0, 198, 120, 78, 4,
230, 68, 200, 111, 25, 255, 111, 106, 72, 181, 104, 210, 181, 174, 38, 48, 206, 140, 226, 129, 46, 190, 115, 49, 255, 218, 59, 191, 59, 219, 156, 249, 23, 159, 40, 165, 19, 116, 43, 26,
176, 52, 153, 117, 56, 120, 21, 235, 253, 212, 48, 127, 143, 137, 252, 236, 99, 45, 232, 240, 61, 184, 236, 158, 239, 45, 144, 130, 188, 151, 53, 151, 242, 187, 107, 92, 136, 218, 209, 157,
15, 34, 146, 87, 175, 57, 232, 130, 170, 182, 70, 94, 168, 142, 217, 120, 220, 144, 32, 43, 23, 120, 199, 189, 51, 253, 190, 158, 139, 247, 163, 116, 234, 206, 96, 227, 45, 209, 162, 68,
178, 98, 163, 40, 20, 224, 12, 57, 40, 206, 210, 118, 54, 120, 170, 66, 163, 230, 49, 182, 15, 238, 128, 95, 232, 50, 129, 198, 138, 103, 33, 50, 74, 109, 92, 194, 3, 30, 74, 172,
246, 242, 26, 242, 170, 40, 160, 11, 187, 250, 211, 25, 135, 207, 71, 152, 118, 17, 94, 114, 190, 126, 69, 251, 157, 125, 229, 137, 148, 196, 95, 161, 232, 238, 252, 136, 27, 112, 69, 132,
84, 35, 47, 39, 141, 35, 29, 201, 215, 10, 223, 107, 6, 46, 65, 229, 145, 68, 33, 63, 109, 47, 138, 100, 3, 58, 8, 60, 44, 177, 34, 172, 128, 134, 150, 218, 40, 160, 38, 72,
253, 123, 105, 221, 179, 62, 242, 105, 52, 188, 233, 120, 49, 66, 236, 35, 236, 172, 165, 84, 179, 16, 123, 5, 162, 70, 85, 153, 175, 83, 144, 61, 7, 216, 238, 230, 163, 165, 207, 2,
138, 8, 124, 250, 144, 26, 192, 185, 230, 51, 123, 174, 111, 177, 238, 6, 96, 107, 174, 48, 146, 89, 163, 139, 220, 36, 94, 109, 44, 102, 230, 168, 170, 252, 178, 153, 54, 104, 8, 164,
31, 57, 184, 195, 44, 242, 163, 249, 151, 104, 33, 38, 40, 53, 182, 170, 186, 137, 190, 36, 148, 193, 32, 149, 84, 137, 44, 29, 53, 185, 77, 76, 242, 44, 7, 69, 209, 161, 177, 204,
162, 95, 254, 129, 146, 32, 17, 99, 51, 197, 82, 189, 144, 233, 15, 126, 143, 245, 229, 60, 189, 15, 78, 52, 194, 68, 213, 55, 16, 139, 124, 85, 87, 160, 105, 255, 143, 154, 34, 33,
193, 141, 237, 186, 27, 189, 117, 100, 136, 230, 32, 191, 22, 160, 203, 180, 29, 171, 44, 158, 119, 107, 21, 9, 163, 27, 157, 82, 16, 70, 53, 152, 237, 205, 20, 90, 234, 165, 188, 209,
46, 44, 219, 140, 118, 255, 237, 141, 151, 50, 180, 203, 143, 224, 55, 201, 152, 135, 91, 12, 136, 244, 200, 199, 28, 49, 219, 108, 149, 43, 237, 159, 170, 164, 108, 126, 164, 194, 231, 93,
231, 151, 124, 118, 57, 56, 213, 168, 84, 170, 237, 157, 244, 233, 160, 116, 247, 132, 125, 248, 46, 195, 162, 104, 250, 97, 152, 13, 41, 187, 79, 47, 1, 216, 189, 69, 1, 109, 131, 108,
168, 220, 45, 184, 75, 156, 135, 35, 178, 123, 150, 198, 168, 26, 62, 25, 64, 73, 84, 157, 23, 2, 78, 238, 234, 213, 66, 249, 157, 17, 155, 25, 158, 192, 249, 73, 190, 144, 73, 251,
8, 31, 9, 54, 243, 88, 99, 164, 131, 100, 186, 180, 148, 194, 3, 138, 164, 210, 208, 136, 103, 112, 69, 230, 106, 27, 49, 109, 147, 64, 19, 189, 255, 95, 242, 1, 71, 2, 123, 143,
174, 106, 21, 88, 54, 87, 212, 56, 17, 17, 28, 14, 49, 153, 21, 185, 130, 157, 154, 166, 38, 228, 0, 90, 225, 106, 100, 237, 141, 89, 161, 100, 74, 192, 203, 91, 15, 65, 230, 55,
149, 172, 194, 39, 168, 83, 57, 78, 249, 54, 8, 190, 153, 9, 232, 34, 12, 198, 218, 183, 177, 205, 197, 122, 189, 39, 95, 129, 180, 48, 195, 249, 217, 10, 96, 223, 51, 207, 214, 58,
60, 117, 191, 33, 129, 72, 188, 248, 151, 4, 65, 49, 58, 51, 238, 238, 252, 189, 198, 171, 14, 61, 14, 152, 2, 120, 181, 236, 0, 167, 162, 147, 129, 56, 24, 8, 63, 4, 191, 168,
193, 245, 148, 31, 166, 198, 2, 149, 95, 253, 124, 34, 53, 139, 87, 85, 201, 106, 50, 113, 169, 137, 189, 177, 174, 121, 253, 253, 240, 60, 84, 91, 118, 231, 97, 174, 168, 205, 64, 126,
220, 222, 217, 38, 134, 65, 65, 42, 187, 8, 235, 44, 50, 139, 99, 90, 72, 189, 53, 209, 171, 132, 5, 20, 194, 251, 226, 169, 24, 150, 65, 43, 164, 246, 59, 191, 102, 219, 140, 249,
23, 253, 40, 165, 35, 116, 49, 26, 214, 25, 183, 91, 16, 79, 58, 193, 185, 245, 100, 80, 182, 137, 182, 173, 99, 40, 232, 141, 117, 250, 204, 157, 138, 40, 180, 182, 150, 159, 100, 132,
253, 181, 71, 93, 140, 151, 200, 222, 55, 35, 254, 101, 157, 21, 241, 228, 189, 160, 80, 82, 136, 177, 231, 73, 243, 161, 107, 79, 50, 57, 238, 189, 51, 210, 190, 158, 137, 247, 240, 116,
234, 178, 96, 227, 42, 209, 191, 105, 184, 18, 222, 28, 57, 191, 47, 54, 34, 252, 186, 118, 61, 40, 161, 93, 214, 196, 57, 132, 16, 146, 157, 94, 187, 43, 136, 153, 178, 7, 118, 49,
74, 11, 112, 159, 33, 125, 84, 242, 247, 222, 4, 225, 147, 76, 190, 13, 129, 230, 198, 91, 177, 143, 73, 193, 51, 113, 9, 117, 240, 126, 126, 164, 141, 100, 250, 132, 207, 196, 91, 148,
193, 237, 190, 234, 50, 9, 102, 209, 96, 43, 107, 120, 188, 43, 19, 151, 215, 125, 129, 113, 31, 45, 109, 141, 152, 60, 20, 88, 5, 92, 212, 66, 41, 126, 62, 53, 35, 238, 43, 170,
180, 160, 178, 218, 7, 192, 61, 86, 196, 49, 98, 252, 190, 1, 137, 41, 119, 173, 182, 96, 124, 109, 194, 55, 200, 168, 145, 9, 205, 82, 96, 126, 145, 42, 80, 154, 174, 107, 150, 94,
38, 173, 223, 176, 128, 149, 208, 32, 138, 0, 112, 227, 154, 79, 204, 185, 237, 86, 103, 199, 57, 235, 213, 61, 76, 95, 239, 23, 235, 104, 169, 236, 232, 25, 5, 76, 23, 104, 251, 179,
189, 130, 155, 141, 103, 110, 44, 254, 49, 62, 136, 226, 12, 217, 220, 220, 174, 84, 1, 23, 70, 120, 196, 222, 233, 175, 161, 24, 147, 237, 28, 158, 78, 200, 65, 50, 119, 150, 69, 93,
239, 76, 44, 113, 142, 129, 133, 165, 184, 84, 133, 129, 141, 54, 113, 3, 31, 249, 118, 151, 160, 246, 11, 72, 191, 196, 252, 61, 145, 14, 91, 52, 222, 98, 200, 52, 46, 189, 86, 123,
74, 151, 1, 221, 252, 174, 39, 33, 223, 229, 251, 235, 85, 144, 92, 43, 146, 240, 59, 191, 21, 223, 147, 249, 23, 160, 8, 165, 115, 116, 23, 26, 175, 24, 153, 117, 75, 112, 31, 235,
253, 246, 33, 14, 151, 170, 134, 211, 125, 11, 203, 240, 118, 252, 204, 233, 142, 45, 205, 203, 201, 230, 7, 210, 175, 144, 1, 9, 158, 213, 193, 157, 39, 95, 215, 94, 190, 48, 245, 187,
202, 212, 35, 102, 135, 199, 228, 73, 188, 204, 62, 74, 6, 120, 239, 189, 84, 252, 190, 158, 235, 248, 150, 116, 234, 184, 122, 227, 18, 209, 250, 87, 185, 2, 189, 37, 55, 186, 20, 32,
115, 255, 160, 109, 5, 120, 171, 102, 168, 233, 59, 155, 28, 135, 181, 61, 232, 12, 166, 145, 141, 76, 42, 22, 51, 74, 40, 196, 114, 11, 67, 244, 200, 247, 61, 148, 202, 32, 141, 6,
175, 215, 253, 109, 133, 154, 105, 235, 51, 113, 96, 114, 134, 71, 92, 225, 136, 70, 190, 167, 199, 194, 124, 251, 164, 148, 240, 184, 104, 112, 108, 233, 51, 31, 47, 39, 151, 64, 40, 201,
215, 10, 154, 43, 6, 1, 69, 149, 249, 80, 27, 37, 16, 122, 135, 104, 63, 1, 29, 19, 13, 234, 55, 191, 140, 135, 178, 164, 51, 164, 77, 116, 185, 101, 43, 138, 136, 12, 166, 115,
124, 152, 237, 93, 52, 104, 212, 34, 142, 186, 194, 39, 203, 65, 13, 106, 178, 39, 100, 190, 137, 109, 238, 52, 12, 167, 195, 254, 175, 184, 143, 10, 189, 9, 80, 134, 155, 6, 204, 231,
179, 87, 34, 245, 13, 163, 238, 40, 79, 115, 238, 97, 142, 88, 179, 253, 237, 19, 5, 49, 74, 70, 252, 179, 190, 169, 222, 138, 54, 107, 16, 138, 106, 125, 183, 232, 124, 209, 220, 241,
180, 74, 17, 60, 42, 103, 196, 213, 230, 148, 186, 21, 184, 157, 50, 159, 72, 192, 124, 38, 30, 139, 112, 115, 238, 113, 50, 90, 153, 173, 154, 200, 186, 103, 214, 150, 166, 60, 77, 27,
0, 243, 94, 151, 244, 208, 80, 126, 212, 252, 229, 60, 152, 122, 76, 52, 194, 69, 218, 55, 26, 174, 77, 19, 106, 161, 18, 252, 156, 140, 55, 52, 243, 196, 242, 247, 9, 159, 90, 109,
224, 242, 39, 254, 14, 175, 189, 185, 6, 185, 32, 171, 11, 41, 43, 35, 176, 24, 237, 124, 15, 120, 21, 235, 197, 183, 20, 102, 151, 169, 163, 179, 70, 26, 178, 204, 113, 232, 192, 172,
142, 9, 135, 164, 145, 207, 44, 132, 145, 178, 71, 27, 136, 218, 211, 189, 15, 42, 222, 103, 134, 58, 151, 168, 148, 222, 92, 102, 209, 184, 236, 59, 197, 166, 107, 46, 104, 57, 247, 189,
51, 253, 190, 158, 139, 247, 163, 116, 234, 206, 96, 227, 25, 238, 223, 87, 142, 57, 130, 2, 8, 181, 42, 29, 46, 250, 141, 77, 30, 92, 131, 98, 156, 221, 0, 180, 75, 189, 150, 59,
236, 12, 229, 183, 167, 81, 23, 53, 118, 106, 79, 154, 14, 8, 67, 238, 233, 173, 39, 198, 182, 8, 167, 40, 129, 201, 198, 27, 181, 144, 16, 234, 51, 126, 9, 117, 157, 126, 92, 164,
144, 70, 186, 180, 187, 132, 96, 138, 186, 210, 232, 188, 55, 26, 93, 132, 48, 13, 20, 77, 151, 95, 47, 172, 147, 14, 247, 118, 54, 35, 92, 149, 250, 123, 68, 33, 7, 47, 208, 107,
13, 58, 35, 1, 44, 177, 10, 141, 208, 131, 183, 195, 85, 255, 22, 68, 250, 116, 40, 221, 145, 93, 242, 47, 107, 147, 233, 91, 49, 36, 242, 29, 200, 170, 155, 14, 185, 65, 51, 90,
134, 22, 116, 220, 152, 112, 247, 59, 40, 179, 238, 233, 136, 176, 244, 123, 206, 38, 83, 230, 164, 17, 248, 249, 199, 87, 88, 249, 57, 254, 178, 47, 109, 47, 174, 33, 146, 92, 244, 214,
211, 79, 102, 49, 63, 70, 238, 179, 173, 160, 150, 187, 112, 111, 47, 148, 8, 124, 179, 239, 20, 209, 131, 204, 138, 102, 102, 9, 40, 13, 178, 136, 229, 250, 182, 55, 179, 254, 112, 177,
93, 206, 72, 64, 17, 133, 66, 85, 201, 107, 68, 113, 147, 214, 190, 189, 253, 120, 214, 228, 146, 32, 16, 99, 10, 231, 108, 167, 168, 250, 22, 127, 208, 152, 229, 91, 189, 7, 127, 9,
230, 86, 198, 23, 108, 165, 109, 15, 64, 181, 8, 252, 146, 181, 1, 73, 246, 132, 217, 130, 24, 245, 87, 109, 147, 247, 59, 191, 10, 223, 158, 249, 23, 139, 8, 165, 22, 24, 45, 62,
175, 38, 178, 101, 79, 96, 44, 224, 196, 245, 97, 125, 235, 131, 178, 251, 125, 77, 174, 192, 3, 188, 214, 182, 138, 52, 152, 182, 178, 159, 57, 132, 154, 153, 71, 93, 179, 244, 243, 222,
55, 2, 128, 111, 167, 21, 208, 242, 179, 182, 116, 83, 164, 130, 240, 66, 192, 212, 100, 122, 19, 97, 203, 166, 84, 201, 139, 130, 174, 235, 173, 77, 234, 133, 13, 227, 29, 209, 218, 107,
224, 3, 130, 42, 57, 149, 28, 52, 12, 239, 178, 77, 1, 121, 208, 66, 168, 213, 16, 155, 15, 132, 184, 94, 216, 0, 226, 173, 148, 65, 3, 22, 52, 67, 74, 197, 28, 41, 124, 236,
145, 249, 32, 246, 169, 76, 236, 13, 174, 208, 227, 75, 174, 154, 16, 135, 51, 92, 108, 117, 148, 84, 106, 217, 136, 110, 207, 180, 141, 209, 3, 249, 226, 136, 208, 148, 62, 35, 85, 132,
51, 17, 47, 39, 144, 64, 10, 201, 215, 111, 154, 43, 21, 1, 101, 149, 186, 33, 20, 88, 18, 51, 168, 104, 16, 43, 51, 86, 10, 137, 21, 138, 211, 137, 162, 218, 15, 207, 2, 30,
253, 114, 4, 206, 140, 81, 175, 46, 124, 200, 237, 4, 20, 55, 243, 20, 236, 190, 177, 7, 144, 100, 32, 73, 132, 54, 116, 165, 237, 14, 194, 94, 22, 164, 213, 198, 177, 205, 197, 122,
189, 39, 95, 129, 180, 92, 205, 233, 187, 50, 34, 204, 109, 207, 222, 73, 83, 97, 174, 37, 130, 24, 182, 143, 192, 63, 109, 86, 47, 102, 213, 173, 191, 185, 190, 247, 26, 107, 48, 138,
106, 70, 148, 242, 0, 167, 165, 147, 180, 118, 35, 99, 55, 27, 173, 222, 249, 245, 176, 85, 167, 145, 32, 177, 73, 235, 92, 29, 33, 248, 70, 83, 201, 109, 45, 113, 139, 212, 191, 189,
154, 86, 214, 228, 240, 47, 118, 99, 10, 237, 118, 167, 168, 233, 74, 122, 162, 223, 224, 20, 139, 122, 92, 52, 194, 83, 218, 55, 54, 174, 99, 117, 52, 159, 28, 210, 245, 219, 16, 12,
230, 211, 141, 246, 45, 177, 120, 21, 164, 160, 64, 244, 52, 209, 146, 222, 23, 128, 45, 165, 112, 5, 48, 19, 180, 29, 162, 34, 40, 88, 56, 157, 196, 242, 27, 85, 158, 187, 240, 241,
76, 28, 232, 194, 30, 231, 198, 144, 243, 11, 165, 183, 150, 159, 100, 132, 253, 181, 71, 93, 140, 151, 253, 223, 110, 88, 222, 69, 128, 58, 200, 130, 189, 132, 123, 66, 177, 175, 254, 121,
195, 148, 32, 85, 52, 97, 238, 159, 46, 219, 154, 158, 171, 156, 168, 77, 224, 181, 94, 227, 42, 209, 191, 105, 161, 10, 129, 2, 28, 224, 30, 52, 12, 238, 140, 16, 61, 40, 141, 18,
160, 220, 49, 168, 72, 157, 189, 42, 191, 10, 171, 168, 156, 91, 124, 115, 116, 104, 32, 197, 50, 63, 124, 213, 228, 168, 6, 148, 152, 84, 177, 51, 129, 230, 214, 91, 238, 158, 124, 203,
13, 70, 9, 117, 240, 126, 76, 164, 144, 86, 186, 180, 151, 132, 64, 138, 164, 215, 223, 146, 103, 6, 60, 230, 84, 8, 40, 97, 144, 2, 61, 200, 228, 125, 219, 12, 21, 35, 38, 138,
157, 73, 34, 88, 110, 112, 212, 88, 18, 121, 22, 84, 35, 238, 43, 170, 180, 160, 178, 218, 7, 192, 61, 99, 196, 122, 30, 221, 178, 1, 177, 87, 108, 177, 234, 120, 7, 109, 198, 16,
149, 187, 153, 9, 204, 100, 29, 117, 228, 11, 100, 138, 153, 64, 203, 40, 12, 165, 250, 229, 190, 204, 231, 42, 206, 22, 84, 134, 132, 16, 246, 200, 179, 90, 107, 245, 43, 163, 203, 6,
80, 99, 177, 103, 130, 29, 245, 131, 235, 50, 119, 112, 39, 100, 208, 250, 160, 145, 153, 252, 53, 28, 83, 182, 106, 127, 152, 237, 14, 247, 183, 147, 211, 68, 35, 99, 42, 120, 186, 222,
249, 144, 254, 21, 180, 194, 43, 172, 55, 244, 92, 54, 38, 151, 73, 40, 146, 115, 25, 68, 167, 214, 167, 197, 253, 87, 255, 221, 166, 11, 76, 90, 119, 134, 127, 135, 171, 142, 111, 92,
128, 198, 218, 23, 134, 127, 122, 32, 187, 100, 210, 19, 18, 159, 71, 5, 55, 183, 8, 253, 130, 160, 53, 8, 231, 210, 240, 249, 6, 232, 32, 61, 189, 199, 52, 231, 112, 179, 211, 245,
23, 160, 65, 165, 28, 108, 21, 28, 140, 21, 154, 84, 59, 35, 63, 230, 185, 199, 55, 127, 139, 220, 173, 234, 113, 63, 193, 134, 2, 200, 210, 233, 148, 110, 140, 172, 201, 151, 0, 209,
175, 160, 89, 24, 158, 213, 253, 162, 115, 27, 211, 103, 172, 21, 206, 157, 211, 132, 112, 124, 143, 130, 130, 126, 185, 200, 86, 79, 8, 57, 209, 189, 84, 252, 190, 158, 235, 248, 150, 116,
234, 184, 87, 214, 18, 203, 217, 94, 146, 24, 199, 38, 22, 129, 28, 21, 16, 232, 140, 113, 0, 121, 182, 68, 135, 229, 6, 226, 14, 148, 182, 60, 232, 113, 136, 132, 168, 106, 124, 11,
114, 85, 126, 177, 19, 61, 124, 245, 247, 179, 58, 244, 141, 87, 178, 30, 253, 240, 203, 127, 165, 144, 101, 251, 8, 69, 9, 45, 129, 9, 106, 248, 214, 66, 252, 179, 132, 192, 64, 190,
207, 146, 252, 148, 61, 15, 74, 230, 51, 49, 31, 110, 160, 4, 119, 161, 224, 127, 140, 35, 6, 47, 101, 150, 135, 66, 18, 88, 103, 109, 157, 97, 55, 24, 62, 8, 119, 185, 41, 178,
170, 231, 225, 243, 51, 220, 19, 72, 196, 70, 30, 243, 230, 33, 168, 95, 95, 182, 207, 88, 28, 72, 221, 35, 239, 186, 147, 89, 203, 16, 63, 85, 186, 4, 115, 165, 189, 14, 230, 94,
22, 209, 213, 198, 162, 205, 231, 122, 189, 8, 36, 241, 205, 47, 229, 200, 202, 33, 103, 221, 57, 251, 205, 4, 83, 111, 177, 49, 173, 73, 169, 148, 237, 19, 5, 49, 74, 70, 252, 179,
190, 169, 222, 138, 54, 107, 16, 138, 106, 97, 148, 242, 8, 167, 212, 155, 128, 105, 103, 41, 41, 25, 133, 180, 189, 175, 191, 53, 156, 145, 51, 238, 95, 192, 124, 34, 30, 139, 52, 85,
201, 43, 50, 113, 153, 214, 155, 189, 154, 95, 214, 228, 166, 47, 64, 99, 118, 155, 79, 151, 151, 209, 115, 83, 202, 237, 225, 25, 164, 70, 109, 59, 234, 68, 255, 25, 26, 174, 49, 85,
117, 186, 18, 204, 241, 149, 7, 84, 247, 218, 134, 129, 20, 165, 44, 109, 164, 255, 59, 191, 59, 219, 156, 249, 23, 159, 40, 165, 19, 116, 43, 26, 176, 24, 162, 116, 75, 97, 64, 156,
242, 212, 58, 83, 143, 146, 244, 202, 100, 1, 222, 231, 32, 184, 203, 158, 148, 44, 155, 182, 149, 207, 21, 239, 242, 146, 125, 55, 143, 238, 151, 187, 43, 2, 146, 96, 137, 17, 213, 130,
148, 222, 112, 102, 156, 142, 217, 66, 231, 144, 32, 79, 104, 57, 247, 189, 51, 253, 190, 151, 139, 156, 244, 72, 253, 133, 100, 226, 60, 205, 162, 93, 175, 57, 163, 126, 20, 143, 23, 52,
23, 209, 189, 102, 42, 121, 149, 0, 170, 201, 97, 155, 8, 189, 219, 60, 236, 53, 153, 150, 165, 103, 39, 106, 127, 65, 72, 131, 124, 60, 115, 238, 247, 245, 4, 225, 201, 76, 167, 13,
129, 203, 198, 91, 153, 207, 72, 230, 29, 106, 122, 5, 157, 94, 16, 237, 141, 93, 229, 197, 184, 240, 96, 135, 232, 238, 252, 136, 27, 112, 69, 132, 84, 35, 47, 39, 141, 35, 29, 201,
215, 118, 140, 43, 53, 1, 69, 191, 169, 36, 55, 124, 25, 74, 178, 91, 17, 57, 27, 22, 16, 186, 48, 157, 180, 169, 178, 218, 81, 192, 38, 99, 196, 71, 30, 221, 179, 62, 242, 105,
52, 188, 233, 120, 49, 66, 214, 35, 228, 179, 172, 14, 207, 100, 37, 8, 162, 66, 98, 221, 185, 64, 229, 89, 7, 164, 254, 199, 135, 205, 241, 122, 202, 9, 94, 194, 178, 0, 220, 249,
217, 87, 64, 223, 56, 163, 209, 13, 80, 72, 174, 33, 146, 92, 244, 214, 211, 79, 102, 56, 63, 102, 223, 236, 251, 185, 147, 171, 9, 63, 15, 131, 15, 126, 176, 215, 49, 205, 163, 249,
138, 53, 98, 99, 78, 46, 152, 159, 228, 133, 139, 49, 167, 238, 21, 149, 116, 247, 124, 34, 118, 182, 69, 85, 201, 107, 68, 113, 147, 214, 190, 189, 253, 120, 130, 228, 175, 75, 71, 30,
60, 221, 123, 133, 143, 144, 118, 69, 160, 199, 216, 38, 153, 95, 78, 3, 194, 113, 232, 57, 14, 138, 97, 73, 74, 137, 28, 223, 166, 217, 6, 73, 246, 132, 217, 130, 24, 245, 87, 109,
154, 246, 40, 195, 59, 247, 166, 249, 125, 129, 82, 169, 8, 47, 93, 36, 140, 121, 154, 83, 28, 69, 51, 193, 222, 197, 32, 15, 235, 169, 172, 179, 112, 3, 182, 240, 45, 188, 240, 157,
138, 52, 152, 182, 178, 159, 57, 132, 254, 181, 126, 24, 139, 128, 254, 136, 115, 32, 141, 69, 242, 21, 232, 166, 182, 195, 112, 102, 164, 179, 132, 66, 231, 212, 86, 79, 56, 57, 203, 189,
84, 245, 190, 158, 189, 248, 141, 12, 234, 206, 6, 194, 31, 238, 217, 41, 228, 10, 133, 24, 62, 237, 33, 4, 22, 253, 131, 118, 2, 106, 208, 77, 168, 199, 57, 180, 75, 135, 153, 40,
191, 123, 166, 189, 236, 7, 41, 17, 107, 1, 112, 159, 21, 1, 79, 242, 247, 202, 36, 225, 169, 76, 155, 13, 158, 231, 198, 91, 234, 139, 119, 193, 51, 92, 106, 117, 140, 126, 15, 164,
221, 86, 250, 132, 187, 192, 86, 148, 193, 218, 168, 234, 56, 9, 82, 209, 119, 58, 107, 120, 143, 22, 10, 151, 215, 125, 248, 26, 45, 108, 36, 149, 186, 33, 20, 88, 61, 97, 137, 66,
41, 58, 72, 53, 115, 238, 23, 170, 211, 168, 178, 218, 43, 188, 38, 93, 242, 112, 20, 252, 178, 12, 253, 107, 105, 144, 195, 118, 10, 63, 230, 31, 236, 179, 218, 9, 144, 82, 37, 13,
179, 3, 115, 165, 237, 14, 194, 94, 22, 164, 213, 198, 177, 205, 197, 122, 189, 39, 36, 241, 142, 47, 197, 200, 202, 10, 103, 205, 42, 251, 240, 87, 117, 81, 177, 103, 241, 90, 133, 148,
211, 9, 64, 74, 6, 102, 255, 213, 188, 133, 130, 187, 16, 41, 48, 132, 31, 107, 189, 232, 62, 200, 173, 230, 180, 118, 56, 99, 29, 19, 181, 222, 178, 137, 132, 21, 179, 157, 117, 238,
95, 253, 124, 34, 53, 139, 87, 85, 201, 106, 50, 113, 169, 214, 129, 189, 147, 87, 254, 233, 146, 15, 80, 99, 119, 220, 72, 167, 177, 209, 74, 82, 179, 250, 225, 2, 138, 89, 67, 58,
224, 108, 248, 7, 21, 248, 102, 13, 79, 156, 111, 209, 171, 172, 6, 43, 198, 142, 133, 130, 29, 136, 85, 10, 165, 246, 33, 221, 18, 255, 203, 191, 117, 162, 49, 212, 111, 47, 13, 89,
156, 25, 226, 72, 40, 88, 76, 246, 205, 233, 0, 15, 158, 169, 190, 179, 99, 63, 182, 240, 117, 250, 204, 157, 138, 40, 166, 162, 174, 233, 19, 255, 164, 181, 64, 11, 184, 201, 244, 168,
46, 35, 142, 98, 188, 46, 157, 130, 156, 187, 113, 93, 182, 197, 215, 88, 243, 148, 68, 70, 107, 102, 205, 159, 106, 245, 233, 186, 166, 150, 141, 115, 151, 204, 12, 227, 41, 182, 217, 43,
248, 10, 153, 33, 57, 191, 5, 25, 38, 238, 193, 77, 55, 120, 166, 108, 156, 225, 48, 181, 51, 157, 191, 52, 216, 123, 186, 188, 184, 26, 119, 46, 48, 108, 83, 183, 17, 2, 110, 226,
236, 223, 69, 214, 147, 76, 190, 13, 129, 230, 198, 91, 177, 143, 73, 193, 51, 113, 9, 117, 133, 116, 115, 193, 210, 109, 190, 149, 200, 130, 71, 157, 186, 250, 161, 146, 111, 12, 105, 211,
84, 31, 49, 101, 188, 56, 118, 200, 142, 116, 132, 55, 21, 2, 59, 136, 157, 56, 58, 99, 107, 86, 130, 88, 61, 126, 54, 23, 23, 234, 18, 218, 174, 135, 154, 224, 59, 192, 64, 88,
184, 117, 38, 213, 149, 61, 239, 82, 60, 177, 222, 120, 6, 64, 252, 11, 194, 152, 190, 86, 205, 70, 97, 73, 134, 42, 116, 165, 174, 107, 232, 94, 22, 217, 247, 198, 179, 205, 156, 122,
211, 39, 76, 253, 171, 16, 215, 249, 202, 10, 83, 211, 23, 205, 241, 10, 97, 122, 142, 33, 189, 28, 133, 248, 253, 8, 1, 74, 10, 125, 237, 236, 136, 145, 218, 246, 38, 104, 23, 161,
106, 120, 184, 242, 124, 167, 183, 147, 211, 68, 35, 99, 42, 120, 186, 222, 160, 168, 230, 61, 188, 237, 38, 149, 48, 192, 120, 56, 114, 249, 102, 94, 221, 70, 60, 102, 139, 161, 231, 189,
140, 102, 227, 152, 166, 55, 20, 95, 47, 134, 105, 134, 141, 213, 29, 72, 156, 230, 242, 60, 132, 115, 92, 24, 216, 110, 230, 103, 18, 159, 51, 110, 64, 183, 16, 164, 178, 214, 38, 52,
194, 228, 208, 130, 46, 165, 117, 101, 248, 223, 9, 191, 21, 223, 147, 249, 23, 160, 8, 165, 115, 116, 23, 26, 175, 52, 189, 91, 26, 89, 66, 152, 185, 244, 9, 104, 174, 137, 146, 168,
127, 22, 246, 192, 1, 246, 231, 157, 232, 51, 185, 203, 138, 211, 55, 138, 142, 196, 83, 2, 178, 204, 157, 131, 116, 88, 233, 85, 190, 27, 240, 152, 211, 162, 123, 124, 203, 199, 222, 111,
223, 208, 33, 116, 15, 126, 237, 151, 97, 240, 190, 191, 245, 218, 183, 115, 193, 175, 64, 239, 6, 227, 214, 88, 157, 5, 182, 44, 42, 243, 18, 10, 40, 255, 151, 74, 3, 121, 145, 31,
168, 201, 31, 137, 81, 173, 182, 2, 232, 14, 166, 183, 147, 26, 47, 31, 106, 12, 47, 153, 54, 119, 74, 226, 215, 203, 38, 225, 153, 76, 129, 13, 158, 226, 198, 91, 137, 139, 20, 193,
51, 26, 120, 5, 150, 111, 117, 251, 142, 106, 229, 169, 209, 218, 76, 182, 200, 200, 245, 173, 55, 11, 64, 132, 52, 8, 110, 39, 244, 32, 40, 181, 204, 106, 204, 43, 9, 114, 69, 183,
132, 65, 72, 88, 58, 55, 183, 68, 114, 30, 21, 19, 8, 177, 85, 157, 211, 135, 178, 218, 51, 207, 64, 99, 196, 77, 4, 221, 139, 62, 239, 105, 64, 146, 195, 95, 35, 123, 232, 42,
196, 158, 134, 46, 146, 82, 29, 111, 132, 42, 93, 166, 146, 82, 157, 95, 34, 222, 241, 211, 142, 206, 212, 122, 208, 38, 95, 209, 187, 47, 198, 200, 202, 4, 70, 209, 112, 254, 238, 11,
79, 72, 168, 32, 173, 31, 158, 131, 192, 83, 82, 118, 36, 67, 237, 250, 190, 169, 181, 138, 47, 0, 3, 153, 31, 100, 201, 213, 116, 175, 168, 198, 208, 102, 35, 0, 18, 49, 129, 167,
178, 168, 180, 49, 240, 198, 50, 149, 95, 192, 124, 34, 30, 139, 52, 85, 201, 43, 50, 113, 153, 137, 164, 177, 174, 88, 253, 253, 166, 13, 94, 100, 29, 203, 97, 188, 165, 142, 124, 115,
220, 214, 229, 91, 152, 109, 0, 54, 234, 68, 242, 57, 25, 255, 79, 91, 79, 146, 61, 240, 246, 173, 43, 72, 243, 240, 216, 163, 41, 244, 63, 106, 145, 255, 59, 205, 59, 160, 176, 185,
38, 159, 51, 165, 29, 41, 43, 89, 150, 13, 162, 100, 41, 80, 39, 193, 253, 246, 2, 15, 151, 169, 179, 179, 99, 49, 182, 240, 46, 216, 214, 179, 232, 115, 158, 162, 198, 151, 96, 204,
164, 146, 126, 32, 145, 226, 151, 158, 110, 8, 146, 72, 175, 46, 139, 130, 189, 161, 127, 1, 206, 134, 230, 91, 243, 146, 40, 86, 27, 78, 182, 203, 106, 172, 225, 251, 145, 157, 239, 116,
240, 166, 95, 195, 25, 182, 223, 121, 174, 22, 194, 2, 37, 176, 19, 8, 34, 187, 141, 16, 117, 77, 207, 89, 160, 185, 6, 165, 47, 190, 204, 91, 230, 14, 189, 159, 148, 71, 117, 55,
93, 114, 77, 197, 52, 32, 102, 211, 200, 198, 3, 195, 146, 42, 160, 15, 129, 203, 246, 91, 181, 141, 17, 224, 13, 29, 72, 117, 157, 126, 92, 164, 144, 70, 186, 180, 187, 132, 96, 138,
164, 236, 161, 156, 37, 6, 78, 255, 93, 35, 40, 33, 169, 88, 33, 145, 147, 106, 247, 19, 20, 118, 119, 187, 187, 36, 33, 72, 106, 40, 158, 104, 63, 63, 62, 52, 19, 177, 33, 184,
160, 168, 179, 160, 57, 241, 18, 70, 184, 75, 34, 209, 167, 46, 242, 120, 52, 204, 212, 82, 48, 85, 240, 42, 200, 179, 155, 50, 185, 115, 14, 78, 228, 57, 100, 182, 240, 108, 199, 0,
22, 179, 235, 215, 135, 205, 245, 122, 162, 38, 32, 128, 185, 57, 193, 191, 217, 87, 66, 223, 19, 208, 178, 47, 80, 72, 174, 33, 146, 92, 244, 214, 211, 79, 102, 49, 63, 70, 238, 179,
243, 134, 169, 171, 54, 111, 7, 152, 8, 106, 139, 232, 0, 200, 130, 233, 209, 102, 24, 5, 60, 120, 152, 155, 249, 245, 226, 61, 134, 204, 12, 236, 93, 209, 88, 69, 48, 149, 111, 40,
240, 43, 25, 120, 147, 214, 130, 189, 157, 122, 254, 129, 176, 63, 71, 72, 118, 226, 105, 171, 168, 234, 11, 115, 188, 252, 225, 0, 157, 0, 100, 38, 236, 115, 252, 103, 59, 255, 66, 95,
93, 181, 8, 248, 239, 141, 1, 50, 246, 132, 217, 130, 24, 245, 87, 109, 147, 247, 59, 191, 10, 223, 158, 249, 31, 129, 10, 174, 22, 112, 28, 29, 151, 46, 135, 117, 12, 99, 56, 235,
185, 245, 9, 111, 140, 146, 247, 243, 114, 48, 222, 206, 107, 237, 247, 142, 142, 52, 129, 208, 199, 207, 57, 132, 154, 153, 71, 93, 179, 244, 243, 222, 55, 2, 128, 111, 167, 57, 210, 130,
191, 149, 32, 95, 168, 160, 210, 88, 231, 151, 73, 79, 111, 62, 175, 187, 96, 225, 177, 181, 139, 206, 146, 79, 253, 138, 93, 242, 28, 178, 206, 105, 250, 3, 129, 2, 57, 149, 28, 52,
12, 239, 178, 77, 1, 121, 208, 66, 168, 213, 49, 188, 75, 156, 185, 94, 200, 17, 159, 159, 167, 71, 22, 44, 119, 119, 97, 197, 32, 12, 124, 238, 247, 202, 36, 225, 169, 76, 155, 13,
158, 231, 198, 91, 234, 139, 119, 193, 29, 78, 96, 116, 138, 111, 67, 164, 172, 117, 186, 152, 177, 251, 99, 149, 164, 210, 251, 136, 29, 26, 65, 245, 83, 29, 40, 101, 147, 0, 119, 200,
215, 111, 241, 43, 45, 1, 70, 157, 141, 118, 56, 88, 61, 97, 137, 66, 41, 58, 72, 53, 115, 238, 23, 170, 211, 168, 178, 218, 49, 207, 19, 99, 185, 68, 100, 220, 230, 45, 142, 83,
48, 151, 233, 31, 51, 76, 243, 42, 198, 132, 177, 44, 207, 64, 35, 110, 147, 37, 96, 133, 172, 1, 204, 42, 113, 198, 213, 244, 177, 167, 197, 38, 214, 60, 64, 241, 198, 4, 195, 249,
217, 10, 96, 223, 104, 163, 247, 13, 79, 97, 174, 33, 130, 88, 133, 214, 211, 43, 88, 47, 6, 69, 253, 246, 252, 130, 151, 153, 53, 46, 8, 138, 19, 112, 148, 202, 20, 232, 166, 147,
148, 78, 36, 5, 19, 103, 190, 188, 186, 245, 181, 21, 155, 198, 2, 143, 107, 223, 125, 62, 53, 139, 81, 85, 146, 47, 59, 89, 138, 133, 190, 159, 147, 118, 158, 192, 240, 47, 22, 99,
52, 237, 117, 175, 148, 209, 65, 98, 212, 233, 229, 60, 139, 122, 92, 52, 194, 83, 218, 55, 54, 174, 99, 85, 72, 236, 28, 223, 158, 132, 117, 43, 236, 143, 194, 248, 81, 190, 92, 115,
134, 246, 59, 199, 102, 245, 145, 195, 4, 153, 19, 174, 5, 47, 44, 33, 214, 117, 164, 100, 79, 65, 19, 246, 184, 217, 24, 127, 244, 160, 190, 179, 99, 63, 182, 240, 117, 250, 204, 157,
138, 40, 180, 182, 150, 159, 100, 132, 253, 181, 64, 91, 184, 201, 225, 159, 15, 90, 223, 101, 148, 21, 149, 170, 156, 220, 112, 91, 204, 196, 246, 66, 197, 133, 91, 70, 22, 94, 205, 177,
108, 245, 142, 158, 142, 192, 240, 95, 221, 174, 96, 227, 42, 209, 191, 105, 161, 10, 129, 2, 28, 224, 30, 52, 12, 197, 201, 71, 51, 79, 129, 66, 170, 220, 16, 155, 28, 225, 182, 94,
216, 123, 186, 140, 185, 112, 19, 21, 97, 83, 124, 189, 50, 96, 48, 234, 231, 247, 90, 225, 142, 86, 158, 87, 130, 209, 230, 91, 238, 158, 73, 135, 10, 95, 11, 54, 240, 126, 118, 164,
171, 110, 253, 184, 144, 240, 12, 138, 221, 214, 228, 181, 107, 46, 113, 211, 118, 61, 41, 96, 177, 4, 43, 201, 215, 87, 140, 43, 29, 1, 98, 149, 145, 33, 27, 76, 112, 40, 130, 84,
13, 36, 52, 14, 23, 177, 18, 223, 129, 167, 237, 166, 7, 217, 32, 123, 196, 48, 31, 220, 157, 46, 239, 43, 117, 160, 195, 70, 45, 64, 252, 35, 236, 186, 190, 9, 187, 65, 96, 85,
134, 42, 116, 165, 174, 83, 211, 60, 12, 173, 204, 210, 179, 204, 231, 42, 206, 22, 84, 134, 132, 16, 246, 200, 179, 90, 107, 245, 43, 163, 203, 9, 80, 97, 151, 12, 130, 29, 133, 242,
151, 75, 124, 49, 10, 51, 227, 183, 168, 128, 171, 247, 53, 45, 83, 138, 106, 120, 184, 242, 124, 167, 183, 147, 211, 68, 35, 99, 41, 53, 179, 217, 189, 160, 158, 21, 188, 237, 43, 143,
96, 192, 125, 34, 45, 128, 52, 40, 241, 46, 76, 116, 170, 161, 160, 205, 185, 98, 217, 151, 138, 1, 118, 68, 60, 218, 113, 240, 146, 142, 65, 79, 208, 200, 199, 23, 186, 15, 67, 58,
194, 65, 232, 57, 49, 189, 112, 85, 116, 156, 104, 223, 189, 157, 19, 50, 246, 241, 217, 130, 11, 245, 117, 109, 147, 216, 59, 191, 21, 223, 147, 249, 4, 159, 31, 212, 19, 47, 20, 26,
151, 5, 135, 117, 76, 69, 61, 135, 253, 205, 21, 15, 153, 184, 140, 251, 109, 28, 255, 193, 2, 225, 198, 179, 226, 42, 185, 162, 137, 235, 49, 235, 142, 187, 124, 57, 180, 208, 146, 170,
110, 27, 241, 47, 140, 21, 146, 137, 202, 139, 69, 1, 166, 192, 231, 62, 223, 208, 104, 123, 23, 102, 213, 202, 113, 251, 129, 158, 235, 248, 150, 116, 234, 184, 122, 227, 18, 209, 162, 105,
250, 22, 222, 44, 39, 234, 18, 54, 40, 249, 169, 105, 3, 120, 171, 29, 140, 201, 0, 137, 81, 160, 182, 60, 232, 113, 159, 200, 238, 74, 47, 109, 106, 92, 83, 197, 125, 12, 108, 238,
247, 168, 36, 225, 153, 76, 129, 13, 158, 226, 217, 121, 177, 202, 67, 156, 20, 70, 111, 14, 240, 111, 72, 196, 142, 21, 199, 201, 207, 194, 124, 138, 164, 215, 208, 136, 55, 112, 52, 132,
51, 31, 47, 39, 151, 64, 40, 201, 215, 10, 196, 43, 46, 45, 126, 183, 249, 103, 48, 76, 25, 66, 128, 57, 47, 36, 11, 18, 8, 177, 45, 140, 211, 135, 141, 218, 28, 208, 24, 100,
211, 107, 56, 247, 134, 34, 244, 94, 64, 131, 203, 93, 107, 63, 215, 46, 196, 232, 218, 9, 148, 65, 29, 85, 132, 35, 116, 165, 189, 14, 230, 94, 22, 209, 213, 198, 162, 205, 231, 122,
208, 38, 36, 222, 154, 21, 255, 200, 191, 15, 38, 168, 13, 187, 206, 5, 49, 47, 151, 31, 253, 24, 189, 143, 211, 36, 68, 49, 29, 70, 187, 214, 142, 178, 222, 138, 54, 107, 16, 138,
106, 97, 148, 242, 8, 167, 137, 147, 180, 102, 35, 99, 18, 27, 163, 181, 249, 144, 224, 31, 158, 194, 55, 243, 117, 207, 44, 7, 43, 187, 67, 115, 146, 80, 54, 113, 202, 141, 155, 155,
189, 7, 214, 198, 148, 31, 109, 99, 10, 208, 118, 167, 141, 233, 126, 126, 212, 252, 229, 60, 152, 109, 114, 21, 224, 109, 212, 44, 16, 134, 87, 69, 42, 163, 111, 255, 241, 191, 38, 73,
230, 238, 226, 140, 48, 180, 83, 44, 145, 235, 33, 216, 39, 207, 172, 190, 8, 160, 59, 182, 20, 53, 20, 24, 128, 45, 162, 35, 20, 120, 60, 230, 242, 180, 8, 80, 179, 139, 139, 211,
110, 26, 203, 240, 55, 204, 240, 177, 232, 111, 188, 146, 159, 144, 22, 240, 137, 146, 72, 10, 143, 218, 227, 189, 55, 58, 253, 111, 252, 21, 212, 255, 214, 149, 103, 86, 179, 173, 220, 104,
197, 146, 91, 74, 8, 122, 240, 151, 49, 200, 173, 229, 246, 214, 235, 77, 150, 206, 96, 175, 45, 245, 165, 41, 154, 102, 169, 2, 37, 176, 19, 7, 34, 187, 189, 110, 3, 92, 144, 66,
160, 185, 4, 184, 49, 144, 150, 29, 191, 33, 171, 202, 170, 26, 46, 109, 54, 114, 82, 182, 42, 63, 105, 242, 215, 217, 4, 225, 201, 76, 167, 13, 129, 203, 198, 91, 153, 143, 101, 193,
51, 92, 110, 116, 140, 111, 108, 217, 144, 106, 230, 197, 177, 156, 5, 139, 186, 204, 203, 147, 55, 47, 50, 140, 84, 33, 41, 39, 133, 61, 15, 180, 147, 5, 207, 112, 6, 2, 108, 158,
135, 93, 16, 84, 46, 92, 177, 66, 13, 58, 35, 0, 115, 182, 38, 218, 189, 134, 154, 211, 19, 241, 55, 70, 211, 77, 54, 134, 179, 62, 144, 105, 107, 172, 255, 80, 49, 66, 236, 35,
236, 172, 190, 9, 151, 65, 51, 85, 134, 70, 116, 165, 137, 83, 226, 89, 12, 198, 137, 198, 167, 134, 145, 123, 139, 43, 67, 217, 199, 79, 230, 249, 230, 33, 123, 220, 50, 231, 198, 41,
97, 125, 168, 26, 165, 89, 247, 242, 211, 79, 96, 49, 55, 102, 192, 198, 136, 230, 134, 249, 9, 52, 1, 153, 8, 111, 176, 232, 10, 247, 212, 225, 211, 93, 38, 39, 45, 120, 205, 222,
229, 137, 190, 55, 148, 157, 112, 229, 48, 129, 120, 38, 51, 173, 103, 66, 223, 43, 25, 18, 147, 214, 181, 189, 250, 119, 233, 228, 146, 32, 16, 99, 10, 231, 108, 167, 144, 233, 15, 126,
143, 245, 186, 50, 172, 80, 97, 8, 202, 96, 214, 48, 27, 175, 110, 110, 97, 180, 60, 192, 166, 129, 12, 73, 236, 235, 207, 131, 19, 232, 70, 49, 132, 161, 52, 190, 108, 192, 210, 192,
6, 170, 20, 142, 22, 112, 28, 89, 168, 29, 153, 117, 28, 112, 59, 214, 238, 206, 122, 92, 158, 139, 183, 254, 92, 20, 234, 227, 42, 237, 240, 147, 148, 40, 140, 172, 149, 254, 24, 240,
189, 153, 64, 59, 232, 136, 233, 188, 116, 58, 221, 53, 162, 57, 213, 242, 138, 154, 76, 94, 178, 154, 217, 121, 195, 150, 97, 79, 107, 98, 203, 200, 115, 173, 142, 130, 160, 231, 161, 80,
234, 133, 122, 227, 55, 209, 206, 105, 250, 3, 129, 2, 57, 149, 28, 52, 40, 238, 151, 11, 46, 114, 172, 66, 149, 237, 6, 128, 75, 239, 179, 46, 226, 55, 159, 200, 168, 112, 22, 30,
106, 85, 77, 197, 61, 119, 96, 225, 247, 202, 76, 225, 186, 5, 153, 75, 158, 231, 246, 91, 181, 151, 116, 230, 32, 25, 13, 37, 178, 119, 83, 164, 131, 100, 186, 180, 148, 194, 3, 138,
164, 210, 208, 136, 103, 120, 53, 219, 60, 50, 45, 38, 147, 55, 115, 194, 200, 73, 141, 43, 19, 114, 98, 187, 248, 96, 40, 37, 116, 105, 214, 100, 3, 39, 21, 75, 115, 238, 9, 170,
191, 169, 152, 253, 7, 228, 0, 26, 219, 50, 26, 221, 178, 6, 242, 87, 96, 172, 213, 95, 0, 93, 171, 55, 203, 153, 222, 22, 185, 100, 6, 90, 132, 54, 8, 139, 169, 81, 139, 29,
124, 177, 224, 205, 172, 176, 230, 122, 208, 15, 95, 217, 185, 56, 247, 248, 194, 36, 33, 232, 104, 163, 247, 13, 79, 97, 174, 33, 130, 88, 133, 214, 211, 43, 5, 49, 10, 102, 194, 245,
188, 230, 190, 138, 25, 115, 85, 160, 117, 127, 181, 230, 48, 209, 166, 147, 150, 92, 36, 30, 45, 58, 160, 162, 228, 133, 229, 79, 168, 198, 114, 143, 119, 247, 92, 46, 28, 155, 70, 98,
241, 101, 56, 120, 138, 177, 176, 189, 186, 65, 214, 199, 182, 42, 126, 91, 10, 237, 1, 167, 143, 233, 72, 124, 211, 220, 224, 60, 139, 122, 92, 52, 194, 83, 218, 55, 54, 174, 99, 85,
72, 236, 61, 241, 146, 164, 18, 35, 194, 230, 226, 244, 74, 136, 81, 22, 253, 198, 55, 195, 52, 175, 130, 248, 125, 144, 40, 221, 35, 24, 61, 24, 208, 3, 161, 71, 16, 37, 25, 202,
190, 242, 7, 8, 137, 146, 167, 183, 104, 23, 224, 192, 9, 195, 212, 161, 138, 43, 135, 217, 174, 151, 103, 221, 169, 151, 3, 6, 178, 151, 200, 157, 42, 47, 219, 53, 188, 57, 207, 130,
156, 212, 87, 99, 150, 175, 215, 117, 243, 132, 71, 79, 30, 98, 238, 181, 46, 219, 154, 188, 175, 192, 240, 116, 234, 178, 96, 227, 42, 209, 191, 105, 161, 10, 129, 2, 28, 232, 7, 58,
22, 254, 174, 16, 46, 77, 141, 103, 128, 187, 39, 226, 57, 157, 167, 39, 232, 13, 147, 191, 158, 89, 7, 21, 93, 12, 88, 167, 119, 23, 118, 172, 246, 250, 69, 225, 147, 76, 190, 13,
129, 230, 198, 91, 177, 143, 73, 193, 51, 113, 84, 11, 133, 125, 67, 228, 210, 109, 250, 138, 198, 193, 68, 166, 160, 237, 223, 231, 29, 28, 72, 239, 48, 55, 32, 112, 190, 8, 119, 176,
239, 80, 219, 9, 50, 18, 87, 238, 145, 106, 20, 88, 5, 92, 212, 66, 103, 101, 115, 68, 100, 255, 68, 176, 215, 249, 136, 176, 67, 183, 86, 20, 233, 59, 50, 207, 239, 12, 134, 77,
125, 137, 170, 95, 115, 91, 220, 17, 227, 237, 130, 10, 180, 115, 96, 106, 191, 38, 87, 170, 145, 125, 236, 24, 60, 198, 241, 208, 241, 156, 210, 63, 151, 11, 95, 159, 169, 16, 192, 201,
187, 84, 83, 169, 9, 230, 207, 83, 107, 113, 171, 60, 166, 89, 168, 139, 142, 18, 82, 102, 11, 96, 253, 209, 254, 183, 132, 152, 20, 50, 47, 248, 106, 58, 184, 230, 11, 170, 137, 196,
208, 105, 100, 3, 10, 0, 193, 161, 241, 134, 182, 70, 172, 198, 2, 153, 96, 150, 120, 66, 28, 151, 71, 41, 212, 114, 12, 67, 159, 139, 153, 145, 161, 24, 255, 133, 235, 45, 76, 29,
125, 204, 0, 128, 147, 237, 105, 93, 175, 213, 204, 57, 136, 127, 99, 103, 239, 75, 219, 14, 10, 173, 82, 104, 87, 188, 15, 166, 189, 174, 10, 23, 210, 141, 228, 244, 40, 151, 85, 51,
130, 220, 3, 195, 26, 161, 151, 201, 45, 252, 65, 136, 14, 103, 6, 18, 132, 1, 184, 115, 78, 78, 5, 205, 200, 192, 63, 110, 232, 170, 141, 216, 77, 21, 205, 130, 45, 197, 183, 136,
149, 109, 182, 134, 135, 222, 100, 243, 175, 194, 126, 10, 176, 241, 234, 212, 28, 26, 235, 118, 180, 54, 235, 157, 128, 160, 91, 106, 147, 207, 231, 117, 184, 148, 126, 77, 57, 126, 244, 132,
92, 178, 161, 229, 149, 220, 145, 97, 194, 177, 124, 225, 48, 223, 162, 121, 254, 59, 135, 58, 50, 169, 87, 62, 4, 184, 179, 69, 1, 120, 214, 113, 156, 233, 3, 138, 58, 231, 186, 0,
188, 4, 128, 153, 238, 103, 5, 57, 110, 118, 41, 158, 34, 46, 110, 195, 151, 183, 26, 205, 155, 80, 179, 12, 159, 225, 243, 69, 237, 145, 85, 237, 40, 28, 87, 119, 162, 111, 81, 198,
188, 105, 222, 129, 173, 251, 6, 159, 187, 237, 211, 169, 109, 112, 53, 251, 102, 15, 15, 82, 150, 5, 113, 137, 144, 109, 244, 23, 85, 8, 101, 137, 159, 100, 4, 95, 7, 45, 167, 68,
7, 24, 72, 44, 5, 168, 75, 141, 173, 227, 145, 250, 41, 197, 28, 97, 164, 104, 19, 134, 239, 89, 137, 110, 78, 206, 243, 96, 52, 55, 182, 17, 206, 175, 148, 50, 187, 20, 100, 122,
242, 35, 5, 180, 169, 98, 243, 56, 39, 208, 211, 241, 183, 188, 229, 125, 129, 11, 95, 255, 166, 16, 251, 195, 242, 13, 67, 205, 54, 228, 225, 25, 48, 54, 155, 4, 244, 91, 128, 216,
253, 9, 91, 112, 25, 68, 243, 228, 162, 150, 186, 252, 105, 62, 86, 159, 8, 101, 187, 209, 118, 254, 213, 243, 171, 77, 31, 32, 17, 25, 142, 220, 189, 180, 132, 18, 236, 209, 119, 172,
81, 238, 44, 44, 19, 170, 77, 98, 208, 95, 24, 88, 189, 161, 134, 148, 254, 92, 212, 255, 174, 44, 108, 21, 33, 223, 111, 128, 252, 254, 28, 90, 159, 218, 166, 57, 178, 110, 6, 62,
193, 74, 221, 36, 59, 173, 101, 19, 87, 138, 14, 229, 128, 188, 10, 23, 211, 251, 228, 151, 79, 173, 127, 4, 242, 254, 25, 237, 56, 202, 171, 195, 1, 134, 26, 136, 18, 105, 17, 68,
208, 56, 151, 103, 28, 91, 12, 237, 228, 218, 63, 15, 156, 143, 151, 209, 54, 21, 201, 226, 39, 206, 213, 146, 213, 111, 144, 131, 179, 229, 38, 138, 175, 129, 92, 47, 141, 205, 221, 173,
38, 17, 254, 52, 247, 74, 221, 128, 220, 212, 81, 1, 213, 180, 231, 117, 211, 161, 97, 108, 62, 92, 222, 191, 48, 170, 137, 164, 147, 215, 156, 89, 149, 134, 98, 232, 70, 183, 172, 42,
141, 37, 194, 29, 112, 129, 51, 34, 20, 249, 163, 81, 125, 122, 173, 115, 161, 201, 100, 161, 49, 132, 156, 24, 188, 49, 185, 144, 181, 66, 5, 106, 78, 94, 83, 185, 28, 123, 75, 212,
235, 201, 22, 244, 142, 95, 144, 5, 177, 233, 218, 72, 184, 169, 74, 193, 50, 94, 15, 61, 163, 84, 67, 239, 173, 71, 226, 183, 180, 254, 127, 142, 216, 230, 199, 230, 16, 120, 105, 243,
67, 19, 56, 91, 173, 94, 49, 169, 231, 77, 244, 45, 85, 45, 101, 150, 158, 100, 4, 96, 40, 40, 208, 62, 10, 46, 11, 5, 62, 240, 47, 158, 159, 227, 145, 249, 77, 227, 50, 3,
227, 51, 104, 223, 171, 15, 145, 104, 52, 143, 170, 88, 8, 88, 182, 41, 206, 229, 158, 1, 187, 69, 96, 19, 147, 35, 8, 129, 155, 8, 215, 0, 50, 139, 193, 233, 182, 140, 246, 126,
157, 1, 95, 212, 147, 67, 197, 212, 239, 91, 114, 215, 9, 210, 241, 77, 85, 105, 149, 50, 242, 105, 190, 214, 200, 52, 114, 106, 78, 62, 248, 245, 170, 134, 185, 251, 52, 104, 47, 154,
9, 127, 158, 224, 11, 180, 178, 236, 182, 92, 39, 1, 19, 7, 176, 175, 226, 167, 191, 10, 146, 209, 115, 180, 86, 206, 108, 65, 55, 156, 105, 109, 208, 79, 68, 86, 182, 144, 251, 154,
131, 28, 245, 196, 170, 79, 98, 29, 10, 205, 91, 136, 150, 211, 28, 98, 132, 213, 194, 39, 143, 4, 99, 125, 234, 17, 250, 51, 106, 190, 101, 69, 124, 159, 43, 211, 246, 163, 112, 47,
253, 217, 223, 181, 56, 182, 97, 10, 154, 231, 28, 247, 24, 220, 214, 233, 52, 248, 31, 166, 14, 12, 30, 15, 143, 36, 229, 35, 48, 99, 50, 230, 251, 168, 28, 115, 185, 143, 146, 196,
64, 47, 182, 216, 21, 233, 182, 136, 232, 48, 183, 149, 204, 198, 101, 237, 167, 170, 124, 87, 176, 222, 209, 129, 55, 46, 254, 83, 180, 29, 147, 242, 183, 149, 112, 5, 172, 148, 253, 66,
254, 148, 62, 102, 30, 112, 233, 137, 111, 170, 137, 133, 181, 233, 156, 124, 151, 206, 4, 207, 48, 236, 191, 87, 131, 31, 164, 7, 19, 185, 86, 34, 115, 223, 176, 92, 113, 86, 168, 73,
145, 220, 108, 148, 48, 146, 188, 34, 211, 7, 176, 201, 137, 113, 3, 110, 111, 9, 79, 179, 49, 119, 111, 212, 225, 211, 22, 204, 168, 81, 161, 77, 142, 195, 213, 91, 146, 144, 92, 229,
53, 98, 80, 45, 162, 88, 109, 186, 163, 85, 254, 138, 205, 251, 76, 168, 230, 201, 235, 150, 15, 120, 114, 203, 92, 42, 61, 97, 177, 21, 124, 201, 232, 77, 154, 51, 74, 52, 118, 234,
188, 105, 11, 116, 55, 40, 137, 106, 1, 17, 29, 34, 12, 183, 43, 135, 169, 245, 226, 201, 20, 227, 6, 104, 206, 110, 18, 220, 152, 56, 128, 73, 109, 191, 223, 80, 34, 99, 205, 41,
147, 243, 158, 24, 184, 118, 29, 77, 133, 70, 115, 168, 133, 114, 243, 91, 50, 163, 225, 176, 146, 155, 207, 2, 182, 32, 84, 226, 205, 34, 241, 195, 220, 17, 114, 199, 54, 197, 179, 57,
77, 113, 233, 55, 147, 122, 177, 214, 221, 9, 103, 53, 9, 78, 216, 211, 146, 134, 161, 137, 21, 108, 47, 175, 49, 75, 171, 197, 119, 211, 188, 218, 180, 77, 3, 99, 76, 61, 129, 165,
219, 178, 183, 19, 244, 233, 53, 181, 84, 205, 46, 34, 49, 253, 72, 40, 193, 115, 67, 97, 181, 146, 224, 203, 170, 28, 213, 199, 166, 16, 83, 67, 1, 196, 107, 136, 244, 237, 103, 78,
163, 223, 204, 71, 172, 122, 100, 22, 220, 66, 208, 53, 102, 250, 116, 19, 42, 188, 62, 206, 177, 181, 54, 23, 146, 251, 228, 167, 79, 136, 85, 13, 167, 244, 25, 247, 8, 209, 171, 195,
60, 134, 26, 173, 18, 5, 86, 38, 159, 117, 189, 117, 39, 127, 70, 249, 164, 245, 59, 81, 173, 142, 156, 210, 96, 86, 248, 245, 40, 205, 222, 143, 204, 48, 159, 143, 167, 225, 17, 217,
248, 190, 93, 61, 149, 129, 209, 163, 12, 15, 213, 107, 175, 42, 150, 130, 163, 185, 86, 9, 146, 199, 248, 122, 254, 212, 84, 117, 18, 114, 229, 138, 93, 237, 157, 224, 189, 254, 182, 127,
196, 145, 118, 178, 71, 234, 208, 111, 134, 21, 153, 26, 107, 147, 75, 52, 43, 224, 178, 108, 8, 74, 188, 122, 180, 197, 3, 178, 7, 186, 186, 0, 248, 114, 128, 201, 177, 7, 9, 46,
51, 117, 74, 187, 61, 2, 115, 168, 220, 169, 77, 210, 148, 45, 230, 37, 142, 199, 208, 89, 156, 159, 92, 237, 53, 126, 87, 45, 135, 73, 74, 206, 211, 103, 226, 182, 205, 251, 100, 175,
242, 207, 190, 171, 38, 43, 78, 243, 105, 111, 52, 102, 178, 95, 40, 168, 215, 100, 192, 14, 14, 51, 109, 172, 255, 96, 4, 120, 28, 89, 182, 102, 18, 121, 65, 61, 37, 143, 20, 159,
163, 174, 176, 193, 15, 223, 4, 107, 185, 78, 96, 196, 136, 6, 252, 109, 100, 143, 204, 125, 8, 102, 182, 53, 147, 138, 188, 24, 203, 110, 109, 106, 251, 18, 99, 155, 141, 122, 253, 22,
54, 167, 139, 211, 245, 148, 229, 4, 215, 52, 125, 159, 169, 37, 251, 195, 207, 44, 114, 242, 9, 190, 182, 49, 111, 105, 242, 56, 180, 125, 241, 221, 232, 47, 102, 98, 70, 112, 199, 209,
178, 183, 200, 156, 57, 14, 20, 159, 110, 77, 190, 231, 20, 167, 215, 220, 188, 127, 16, 101, 61, 45, 204, 222, 198, 178, 254, 13, 235, 219, 38, 234, 114, 195, 99, 14, 44, 255, 105, 93,
220, 79, 68, 16, 202, 157, 158, 159, 253, 84, 203, 233, 168, 48, 111, 122, 18, 249, 82, 140, 162, 251, 75, 76, 128, 220, 225, 42, 135, 91, 6, 62, 189, 12, 250, 38, 25, 153, 77, 89,
109, 141, 15, 226, 181, 131, 19, 3, 209, 239, 223, 146, 79, 173, 125, 27, 179, 193, 72, 183, 108, 251, 161, 191, 114, 143, 45, 170, 117, 38, 42, 1, 174, 1, 250, 92, 44, 126, 57, 229,
236, 199, 56, 84, 185, 161, 173, 211, 85, 60, 210, 214, 114, 205, 182, 137, 247, 13, 183, 216, 177, 227, 30, 207, 254, 178, 7, 43, 152, 194, 210, 174, 36, 31, 214, 77, 247, 54, 211, 135,
128, 195, 120, 95, 169, 179, 140, 122, 242, 132, 112, 77, 29, 39, 207, 137, 127, 182, 157, 189, 247, 219, 130, 20, 205, 145, 99, 204, 70, 234, 172, 77, 161, 37, 194, 34, 13, 232, 52, 122,
41, 223, 207, 71, 46, 80, 221, 4, 215, 218, 39, 138, 11, 147, 186, 91, 254, 25, 181, 191, 238, 78, 116, 4, 78, 117, 88, 133, 19, 22, 114, 222, 151, 234, 30, 203, 148, 23, 131, 77,
155, 132, 253, 111, 174, 174, 82, 193, 4, 29, 94, 16, 163, 116, 109, 251, 173, 29, 222, 191, 173, 223, 6, 167, 217, 239, 162, 169, 109, 112, 53, 211, 105, 19, 104, 112, 135, 23, 49, 169,
243, 109, 244, 23, 85, 8, 101, 137, 179, 95, 20, 72, 48, 121, 163, 122, 11, 120, 42, 42, 20, 189, 62, 138, 173, 227, 163, 250, 39, 216, 37, 29, 242, 96, 122, 242, 184, 89, 178, 115,
71, 203, 232, 99, 38, 103, 207, 58, 231, 155, 196, 6, 171, 79, 123, 69, 134, 66, 125, 128, 244, 106, 150, 36, 119, 130, 225, 192, 170, 205, 144, 17, 128, 32, 70, 130, 205, 57, 199, 217,
218, 8, 114, 205, 9, 230, 241, 22, 48, 105, 149, 35, 252, 88, 188, 242, 202, 56, 92, 49, 24, 85, 253, 228, 162, 150, 186, 252, 105, 62, 86, 159, 8, 101, 187, 209, 118, 254, 213, 243,
174, 70, 100, 26, 57, 63, 191, 175, 189, 244, 182, 48, 175, 228, 61, 191, 76, 205, 43, 36, 115, 171, 77, 109, 235, 88, 68, 23, 188, 142, 178, 136, 141, 107, 196, 225, 234, 18, 117, 29,
112, 153, 117, 176, 177, 238, 85, 62, 137, 216, 230, 34, 153, 83, 99, 34, 189, 77, 230, 38, 26, 241, 80, 106, 104, 146, 27, 229, 147, 222, 119, 76, 213, 242, 209, 136, 79, 241, 98, 13,
174, 244, 59, 161, 8, 202, 171, 195, 1, 134, 26, 136, 18, 105, 17, 90, 160, 60, 153, 101, 36, 97, 45, 199, 185, 198, 35, 115, 145, 216, 157, 245, 52, 42, 170, 230, 6, 228, 182, 152,
199, 11, 185, 178, 141, 150, 36, 230, 158, 163, 103, 45, 178, 215, 193, 191, 50, 3, 251, 70, 174, 22, 215, 174, 212, 155, 38, 6, 136, 180, 210, 84, 248, 214, 71, 76, 20, 93, 181, 151,
42, 233, 236, 130, 135, 155, 130, 97, 233, 183, 121, 208, 41, 224, 217, 70, 147, 62, 194, 29, 112, 180, 86, 62, 115, 166, 146, 92, 2, 78, 173, 90, 171, 233, 3, 226, 7, 150, 186, 94,
200, 114, 128, 147, 238, 66, 5, 106, 78, 94, 83, 185, 28, 123, 75, 212, 235, 201, 22, 244, 168, 61, 140, 5, 170, 225, 215, 77, 231, 128, 19, 193, 50, 126, 13, 15, 157, 85, 82, 196,
174, 66, 222, 189, 187, 220, 108, 175, 188, 235, 198, 148, 110, 56, 53, 137, 79, 19, 56, 33, 239, 59, 62, 150, 237, 15, 247, 34, 13, 14, 112, 150, 158, 116, 4, 103, 13, 74, 212, 63,
106, 46, 15, 62, 0, 166, 2, 158, 159, 136, 145, 254, 85, 241, 28, 29, 236, 81, 101, 135, 183, 5, 252, 77, 111, 143, 170, 88, 8, 88, 182, 41, 206, 229, 158, 3, 184, 81, 29, 102,
178, 70, 83, 158, 232, 19, 240, 36, 48, 173, 221, 222, 178, 152, 209, 26, 188, 27, 95, 255, 198, 22, 208, 190, 233, 59, 115, 255, 47, 239, 246, 53, 71, 105, 176, 50, 137, 78, 243, 214,
146, 37, 1, 120, 39, 82, 226, 209, 146, 189, 186, 252, 15, 53, 53, 175, 45, 126, 150, 234, 32, 239, 144, 147, 172, 93, 100, 41, 9, 47, 131, 216, 238, 150, 182, 75, 169, 231, 53, 137,
81, 206, 108, 65, 55, 156, 105, 109, 208, 79, 68, 104, 191, 144, 251, 154, 131, 28, 136, 196, 170, 79, 98, 3, 52, 232, 111, 252, 252, 236, 28, 61, 173, 218, 166, 36, 209, 121, 6, 62,
224, 80, 186, 61, 54, 187, 61, 77, 124, 128, 43, 217, 158, 163, 13, 76, 212, 206, 135, 247, 52, 168, 85, 22, 161, 254, 59, 219, 48, 255, 140, 253, 52, 156, 47, 183, 125, 52, 86, 18,
212, 56, 229, 64, 70, 96, 59, 229, 233, 199, 54, 8, 168, 172, 177, 211, 64, 60, 210, 134, 114, 233, 182, 136, 232, 48, 183, 149, 204, 198, 101, 228, 128, 185, 0, 36, 244, 244, 193, 220,
3, 26, 136, 51, 131, 6, 243, 187, 182, 152, 39, 104, 169, 189, 252, 105, 207, 133, 97, 71, 12, 65, 171, 148, 83, 178, 173, 174, 178, 246, 149, 97, 211, 174, 124, 183, 10, 228, 236, 68,
159, 42, 155, 28, 13, 189, 60, 6, 32, 231, 145, 83, 17, 123, 212, 69, 161, 185, 18, 136, 10, 142, 177, 56, 251, 50, 181, 132, 182, 17, 5, 9, 96, 79, 112, 155, 115, 11, 111, 227,
233, 211, 22, 204, 168, 81, 161, 77, 142, 195, 253, 91, 146, 144, 92, 229, 53, 98, 80, 45, 162, 109, 93, 164, 143, 26, 204, 223, 134, 131, 114, 163, 164, 228, 165, 140, 16, 24, 50, 206,
42, 15, 114, 37, 243, 56, 15, 184, 198, 68, 242, 3, 77, 114, 109, 147, 161, 56, 24, 88, 44, 40, 137, 122, 118, 26, 72, 37, 5, 165, 75, 141, 163, 227, 145, 161, 11, 223, 50, 3,
255, 66, 7, 214, 231, 5, 175, 115, 80, 128, 243, 103, 52, 100, 182, 53, 148, 132, 175, 43, 187, 78, 2, 14, 160, 42, 115, 157, 169, 86, 221, 94, 6, 216, 232, 233, 245, 149, 229, 125,
174, 11, 95, 253, 166, 67, 251, 195, 197, 54, 114, 202, 9, 163, 241, 22, 92, 105, 149, 24, 244, 93, 176, 242, 247, 76, 92, 70, 24, 86, 250, 211, 155, 145, 186, 131, 59, 12, 52, 171,
18, 65, 144, 199, 33, 236, 213, 243, 129, 70, 100, 5, 57, 45, 129, 190, 201, 178, 144, 19, 244, 194, 53, 150, 80, 206, 108, 26, 51, 162, 105, 109, 150, 55, 52, 16, 174, 136, 179, 137,
179, 66, 245, 248, 236, 26, 97, 67, 1, 196, 94, 136, 169, 242, 15, 83, 179, 224, 227, 4, 178, 90, 125, 62, 224, 26, 250, 61, 25, 190, 77, 102, 124, 188, 15, 206, 128, 223, 10, 23,
146, 251, 228, 167, 79, 136, 85, 13, 167, 193, 1, 248, 40, 222, 221, 245, 51, 226, 58, 173, 54, 38, 17, 5, 181, 59, 190, 118, 51, 93, 12, 199, 188, 194, 3, 113, 171, 187, 134, 173,
82, 59, 210, 197, 23, 195, 182, 136, 149, 18, 183, 151, 204, 159, 101, 211, 167, 185, 0, 10, 156, 192, 209, 190, 19, 56, 248, 83, 137, 72, 151, 248, 166, 157, 98, 90, 213, 181, 132, 62,
254, 176, 88, 86, 12, 127, 205, 174, 77, 182, 156, 190, 138, 224, 188, 10, 138, 152, 4, 227, 70, 212, 222, 42, 159, 37, 168, 54, 24, 234, 32, 30, 17, 166, 146, 79, 2, 110, 173, 90,
215, 233, 3, 178, 7, 186, 186, 0, 248, 114, 128, 201, 238, 91, 5, 106, 97, 94, 83, 199, 52, 0, 110, 195, 214, 212, 25, 242, 180, 12, 227, 22, 174, 197, 253, 106, 178, 200, 85, 255,
2, 68, 90, 45, 140, 20, 118, 242, 211, 125, 226, 199, 180, 249, 114, 142, 198, 240, 162, 171, 109, 41, 53, 228, 78, 19, 104, 94, 131, 24, 49, 169, 204, 77, 244, 119, 85, 52, 101, 150,
179, 100, 4, 72, 40, 75, 133, 105, 6, 14, 11, 30, 0, 181, 20, 131, 163, 148, 226, 214, 57, 195, 63, 3, 248, 101, 6, 250, 231, 41, 252, 77, 127, 143, 170, 125, 8, 86, 182, 41,
239, 229, 158, 43, 184, 97, 29, 102, 156, 57, 120, 186, 147, 107, 234, 0, 51, 174, 232, 211, 245, 170, 229, 26, 128, 11, 95, 159, 139, 52, 192, 190, 187, 81, 104, 242, 9, 190, 241, 77,
64, 105, 149, 33, 137, 71, 188, 242, 213, 55, 92, 105, 24, 96, 253, 209, 142, 153, 169, 172, 20, 108, 32, 159, 8, 110, 155, 199, 61, 221, 181, 157, 129, 98, 60, 102, 41, 0, 163, 190,
194, 250, 144, 78, 175, 193, 50, 185, 111, 200, 87, 66, 55, 255, 73, 109, 151, 90, 69, 114, 174, 174, 161, 151, 134, 116, 130, 129, 232, 40, 73, 3, 49, 232, 111, 172, 252, 143, 28, 61,
163, 218, 166, 35, 209, 91, 6, 62, 189, 12, 250, 38, 53, 158, 116, 14, 61, 156, 27, 166, 246, 187, 1, 76, 146, 133, 199, 166, 56, 142, 44, 101, 130, 171, 1, 236, 116, 172, 179, 195,
1, 159, 59, 180, 45, 41, 81, 46, 132, 3, 179, 115, 25, 109, 33, 156, 237, 168, 101, 90, 235, 137, 240, 229, 81, 29, 238, 159, 125, 238, 182, 182, 225, 48, 156, 141, 135, 207, 30, 207,
253, 129, 8, 55, 244, 235, 150, 129, 36, 24, 243, 105, 137, 20, 222, 187, 151, 190, 58, 82, 173, 165, 238, 105, 248, 175, 122, 76, 30, 96, 201, 183, 127, 182, 174, 164, 174, 245, 130, 20,
205, 145, 99, 204, 70, 234, 172, 77, 161, 37, 194, 34, 19, 143, 86, 62, 46, 176, 146, 103, 46, 83, 131, 73, 148, 186, 3, 178, 19, 252, 129, 20, 237, 115, 187, 173, 153, 27, 9, 13,
92, 78, 83, 161, 49, 37, 112, 168, 144, 239, 77, 205, 148, 1, 174, 69, 159, 225, 208, 72, 146, 178, 92, 207, 35, 99, 115, 33, 165, 10, 81, 198, 188, 105, 222, 129, 173, 251, 6, 159,
187, 237, 211, 169, 109, 112, 53, 211, 105, 19, 104, 112, 169, 45, 33, 203, 207, 86, 132, 23, 57, 48, 113, 153, 128, 103, 70, 120, 41, 90, 214, 122, 1, 2, 72, 42, 6, 171, 62, 138,
173, 187, 175, 163, 73, 248, 60, 102, 196, 103, 19, 216, 140, 42, 158, 110, 78, 136, 204, 109, 30, 123, 182, 57, 241, 243, 150, 35, 200, 99, 2, 77, 249, 58, 103, 193, 166, 96, 208, 39,
44, 147, 232, 179, 245, 140, 229, 125, 129, 11, 95, 255, 166, 16, 251, 195, 185, 54, 114, 205, 9, 230, 241, 5, 64, 109, 155, 33, 150, 73, 188, 232, 220, 79, 71, 105, 78, 106, 214, 175,
186, 186, 186, 139, 45, 20, 17, 133, 42, 65, 144, 239, 52, 169, 143, 250, 134, 102, 52, 32, 38, 27, 163, 199, 229, 172, 130, 11, 146, 220, 55, 181, 125, 206, 92, 50, 44, 142, 53, 84,
146, 116, 68, 119, 182, 159, 153, 183, 129, 28, 201, 219, 175, 44, 98, 3, 10, 196, 111, 128, 252, 254, 28, 90, 159, 218, 166, 57, 178, 110, 6, 62, 193, 74, 167, 41, 54, 176, 48, 106,
65, 236, 109, 161, 244, 182, 0, 13, 213, 240, 250, 183, 75, 242, 86, 13, 254, 228, 59, 201, 42, 254, 214, 245, 45, 175, 65, 144, 117, 29, 87, 25, 215, 116, 178, 103, 38, 98, 2, 199,
184, 200, 55, 87, 184, 138, 131, 236, 111, 28, 205, 198, 47, 206, 180, 136, 255, 115, 183, 172, 135, 230, 2, 151, 154, 163, 67, 88, 140, 139, 234, 220, 61, 92, 244, 71, 178, 42, 240, 158,
176, 163, 111, 6, 166, 180, 210, 57, 211, 161, 90, 53, 104, 57, 171, 154, 67, 182, 157, 229, 177, 231, 130, 20, 209, 189, 99, 232, 70, 183, 172, 42, 141, 37, 194, 7, 41, 162, 53, 6,
16, 162, 163, 125, 55, 101, 208, 30, 159, 185, 25, 159, 51, 150, 135, 0, 255, 16, 153, 172, 177, 77, 48, 46, 81, 81, 125, 157, 9, 38, 75, 206, 149, 246, 76, 247, 148, 85, 131, 56,
170, 139, 248, 73, 145, 148, 72, 206, 18, 109, 80, 46, 162, 118, 77, 196, 181, 105, 222, 146, 200, 245, 6, 159, 179, 207, 211, 184, 109, 112, 73, 243, 67, 56, 41, 81, 171, 86, 115, 149,
145, 90, 248, 116, 59, 22, 109, 150, 161, 116, 4, 124, 104, 32, 130, 84, 51, 17, 47, 84, 15, 172, 85, 147, 183, 188, 224, 254, 79, 205, 50, 3, 227, 110, 7, 242, 231, 5, 252, 77,
111, 143, 170, 88, 8, 88, 182, 41, 206, 229, 158, 79, 144, 81, 29, 102, 178, 22, 103, 180, 155, 8, 234, 0, 114, 174, 232, 227, 245, 176, 229, 26, 137, 62, 70, 218, 189, 30, 199, 201,
242, 16, 67, 243, 10, 239, 198, 42, 49, 67, 191, 100, 158, 68, 188, 221, 230, 44, 124, 106, 78, 84, 214, 173, 168, 191, 180, 251, 11, 45, 42, 171, 1, 100, 205, 221, 11, 234, 174, 236,
181, 77, 99, 58, 61, 47, 177, 190, 249, 146, 150, 46, 176, 242, 53, 147, 86, 206, 113, 70, 9, 172, 66, 109, 208, 79, 68, 104, 191, 144, 251, 154, 131, 28, 245, 196, 170, 79, 98, 3,
52, 232, 111, 252, 244, 142, 67, 50, 142, 216, 167, 39, 166, 0, 13, 33, 254, 27, 250, 51, 106, 190, 111, 14, 118, 128, 118, 191, 178, 189, 39, 76, 199, 254, 228, 136, 59, 136, 87, 51,
165, 201, 62, 188, 47, 160, 151, 212, 60, 131, 0, 190, 113, 49, 17, 1, 208, 60, 153, 103, 70, 96, 12, 229, 228, 199, 56, 15, 185, 186, 173, 211, 64, 29, 252, 242, 32, 237, 220, 188,
232, 5, 148, 148, 177, 236, 123, 205, 191, 165, 26, 7, 169, 246, 239, 175, 44, 24, 128, 51, 131, 29, 210, 157, 177, 175, 32, 117, 153, 143, 133, 74, 254, 212, 33, 106, 62, 88, 220, 132,
67, 246, 177, 146, 239, 255, 174, 20, 234, 138, 99, 206, 50, 178, 187, 109, 155, 37, 161, 7, 57, 129, 47, 117, 116, 191, 182, 111, 2, 89, 173, 113, 161, 233, 3, 161, 58, 132, 186, 0,
253, 4, 128, 169, 238, 125, 5, 13, 97, 77, 116, 185, 7, 41, 112, 212, 235, 175, 68, 151, 187, 86, 230, 12, 141, 225, 250, 86, 244, 175, 96, 229, 106, 122, 80, 14, 243, 7, 74, 199,
143, 121, 197, 223, 159, 214, 99, 142, 196, 212, 228, 189, 108, 124, 116, 234, 48, 50, 24, 45, 244, 92, 10, 186, 231, 126, 133, 1, 81, 2, 67, 175, 154, 100, 6, 108, 18, 40, 139, 74,
54, 26, 65, 37, 47, 167, 79, 128, 176, 171, 130, 243, 73, 242, 7, 107, 207, 73, 96, 214, 231, 25, 252, 86, 67, 158, 223, 110, 32, 125, 182, 41, 147, 243, 158, 24, 184, 118, 29, 77,
133, 22, 103, 220, 166, 121, 234, 0, 50, 216, 232, 235, 241, 174, 238, 29, 173, 14, 36, 210, 207, 15, 252, 191, 254, 86, 99, 199, 49, 198, 214, 24, 71, 33, 190, 50, 147, 100, 177, 220,
225, 36, 71, 101, 24, 94, 172, 228, 137, 150, 186, 172, 105, 26, 86, 159, 125, 101, 187, 194, 118, 220, 213, 243, 129, 70, 100, 5, 57, 45, 129, 190, 201, 178, 144, 25, 172, 145, 119, 174,
79, 206, 104, 26, 115, 157, 102, 126, 213, 95, 38, 77, 188, 145, 176, 132, 159, 24, 201, 129, 154, 34, 98, 3, 45, 196, 111, 136, 252, 210, 28, 90, 143, 218, 166, 28, 178, 96, 6, 62,
224, 26, 250, 61, 25, 190, 77, 102, 55, 159, 21, 251, 136, 223, 55, 23, 209, 251, 221, 166, 26, 245, 37, 40, 130, 244, 59, 247, 8, 209, 171, 195, 60, 134, 26, 173, 18, 5, 17, 90,
181, 60, 153, 118, 51, 111, 12, 229, 237, 200, 56, 84, 136, 188, 150, 245, 100, 23, 210, 222, 13, 195, 245, 182, 146, 52, 183, 154, 164, 228, 61, 241, 179, 182, 30, 4, 235, 225, 253, 129,
0, 44, 137, 108, 239, 48, 240, 158, 173, 155, 32, 117, 177, 163, 217, 74, 200, 162, 92, 78, 37, 70, 181, 191, 71, 178, 188, 176, 147, 223, 130, 2, 255, 189, 91, 225, 9, 177, 206, 44,
138, 37, 194, 26, 112, 150, 86, 62, 22, 166, 146, 79, 2, 110, 173, 90, 215, 233, 3, 178, 7, 186, 186, 0, 248, 114, 128, 139, 186, 26, 3, 63, 119, 117, 91, 198, 111, 40, 83, 212,
253, 201, 23, 203, 155, 38, 161, 15, 165, 156, 137, 96, 141, 180, 81, 237, 116, 30, 86, 125, 147, 124, 11, 211, 160, 105, 236, 194, 144, 209, 127, 167, 204, 219, 211, 142, 5, 35, 73, 207,
76, 15, 118, 45, 156, 33, 113, 150, 243, 112, 244, 8, 8, 52, 38, 155, 170, 36, 11, 127, 37, 94, 137, 122, 18, 121, 72, 61, 5, 167, 75, 158, 143, 227, 145, 213, 77, 195, 50, 3,
196, 110, 7, 250, 231, 41, 252, 77, 81, 145, 232, 89, 29, 107, 245, 17, 244, 178, 148, 26, 184, 97, 101, 102, 190, 22, 87, 157, 183, 107, 145, 0, 54, 166, 206, 208, 170, 186, 253, 47,
220, 35, 62, 234, 152, 52, 241, 190, 179, 44, 62, 242, 45, 190, 177, 18, 111, 105, 176, 33, 239, 88, 157, 214, 199, 73, 71, 107, 19, 93, 251, 236, 161, 191, 165, 148, 12, 60, 86, 167,
31, 83, 152, 148, 118, 212, 147, 196, 128, 70, 100, 105, 61, 63, 129, 190, 191, 146, 144, 25, 244, 253, 53, 137, 84, 206, 108, 34, 55, 255, 105, 109, 150, 93, 94, 114, 174, 182, 255, 145,
187, 116, 130, 248, 239, 33, 98, 122, 11, 250, 80, 168, 150, 231, 103, 100, 160, 225, 241, 38, 204, 6, 1, 125, 226, 68, 197, 26, 59, 178, 111, 122, 105, 144, 15, 166, 189, 174, 10, 23,
210, 141, 228, 173, 79, 173, 85, 106, 128, 244, 59, 195, 7, 172, 171, 195, 11, 156, 26, 176, 45, 13, 1, 46, 142, 22, 180, 127, 10, 67, 32, 156, 179, 180, 28, 84, 147, 144, 173, 234,
99, 59, 210, 214, 114, 205, 182, 136, 157, 48, 183, 134, 204, 228, 101, 228, 175, 185, 0, 59, 152, 194, 209, 141, 36, 36, 207, 105, 239, 21, 213, 129, 176, 155, 96, 94, 137, 154, 217, 122,
211, 211, 32, 77, 29, 120, 230, 185, 70, 221, 157, 189, 247, 219, 130, 20, 205, 145, 99, 204, 70, 242, 191, 77, 158, 35, 133, 59, 28, 155, 19, 60, 7, 216, 175, 67, 33, 111, 173, 103,
128, 218, 48, 156, 45, 155, 186, 39, 187, 52, 128, 141, 190, 110, 29, 100, 54, 13, 108, 196, 28, 120, 43, 218, 237, 201, 4, 233, 178, 81, 133, 37, 184, 138, 217, 121, 158, 144, 96, 249,
106, 30, 83, 54, 135, 119, 77, 197, 128, 28, 254, 186, 205, 212, 69, 168, 160, 150, 235, 141, 37, 35, 99, 211, 105, 12, 41, 39, 172, 62, 49, 207, 203, 109, 247, 44, 15, 116, 33, 147,
167, 100, 0, 119, 38, 83, 203, 89, 45, 2, 48, 12, 13, 184, 9, 130, 164, 227, 145, 250, 11, 160, 50, 3, 250, 66, 7, 216, 141, 49, 134, 74, 85, 180, 172, 96, 38, 120, 192, 109,
231, 172, 147, 34, 187, 21, 29, 86, 147, 57, 103, 163, 237, 76, 243, 20, 42, 191, 140, 253, 170, 165, 238, 29, 176, 11, 86, 255, 135, 37, 220, 245, 248, 43, 37, 245, 38, 250, 253, 5,
111, 50, 149, 26, 244, 23, 140, 214, 144, 83, 92, 49, 24, 85, 253, 211, 142, 150, 186, 252, 105, 62, 86, 159, 8, 80, 175, 220, 9, 169, 174, 250, 174, 61, 60, 127, 85, 35, 140, 129,
160, 240, 224, 41, 240, 231, 113, 181, 105, 204, 108, 59, 49, 156, 60, 126, 208, 95, 28, 90, 174, 190, 182, 137, 161, 66, 245, 232, 135, 57, 117, 118, 39, 207, 15, 178, 244, 199, 15, 62,
144, 193, 166, 57, 178, 110, 6, 62, 193, 26, 250, 21, 25, 142, 77, 102, 65, 236, 27, 161, 244, 222, 19, 76, 211, 241, 243, 148, 72, 173, 122, 57, 154, 244, 69, 161, 42, 239, 151, 212,
11, 132, 27, 176, 46, 106, 32, 68, 180, 60, 250, 39, 36, 84, 14, 199, 253, 203, 52, 115, 184, 164, 245, 254, 52, 40, 245, 238, 23, 222, 182, 184, 232, 59, 150, 135, 179, 238, 36, 132,
175, 181, 98, 95, 185, 244, 209, 160, 113, 27, 248, 98, 171, 73, 247, 158, 180, 155, 96, 102, 141, 199, 217, 122, 184, 176, 32, 95, 30, 114, 171, 149, 107, 182, 157, 229, 177, 231, 130, 20,
209, 189, 99, 232, 70, 183, 172, 42, 141, 35, 191, 29, 107, 150, 79, 52, 4, 243, 178, 20, 8, 110, 133, 103, 189, 217, 3, 232, 11, 174, 196, 32, 249, 4, 180, 205, 180, 64, 29, 47,
115, 123, 110, 186, 10, 31, 75, 168, 205, 218, 54, 238, 207, 41, 184, 11, 255, 195, 253, 109, 231, 130, 92, 229, 34, 109, 80, 46, 162, 118, 77, 196, 188, 102, 205, 170, 154, 254, 112, 159,
230, 230, 227, 181, 18, 122, 82, 250, 97, 19, 16, 65, 170, 62, 0, 186, 228, 15, 210, 39, 81, 19, 87, 172, 185, 87, 5, 108, 104, 126, 213, 72, 10, 46, 18, 84, 47, 174, 45, 131,
188, 163, 175, 218, 56, 212, 3, 77, 236, 79, 96, 228, 145, 0, 242, 41, 64, 163, 224, 3, 35, 65, 202, 109, 198, 185, 186, 79, 144, 81, 29, 102, 178, 22, 103, 180, 155, 8, 234, 0,
114, 174, 232, 227, 170, 143, 233, 46, 142, 32, 70, 201, 139, 33, 208, 191, 250, 21, 66, 174, 54, 248, 201, 77, 78, 111, 149, 63, 166, 103, 168, 139, 195, 77, 120, 115, 19, 65, 214, 254,
155, 234, 161, 183, 20, 53, 20, 171, 125, 124, 152, 243, 9, 248, 138, 196, 137, 116, 100, 53, 61, 110, 135, 165, 229, 146, 250, 41, 133, 231, 60, 141, 77, 207, 112, 65, 55, 156, 105, 109,
208, 79, 68, 104, 191, 144, 251, 154, 131, 28, 245, 215, 136, 87, 85, 97, 60, 240, 111, 136, 243, 209, 73, 121, 174, 158, 224, 41, 144, 101, 6, 60, 194, 83, 255, 61, 59, 144, 118, 122,
117, 137, 16, 250, 235, 155, 48, 15, 211, 138, 237, 142, 17, 245, 37, 46, 141, 193, 1, 189, 44, 245, 171, 217, 39, 156, 18, 137, 33, 107, 29, 1, 208, 57, 153, 39, 70, 103, 63, 207,
190, 172, 56, 15, 185, 186, 173, 211, 64, 60, 210, 134, 114, 233, 182, 136, 232, 5, 163, 152, 179, 145, 30, 237, 128, 194, 80, 30, 135, 244, 243, 130, 3, 62, 250, 113, 247, 77, 221, 129,
159, 139, 96, 85, 201, 156, 210, 84, 188, 187, 97, 41, 29, 61, 200, 136, 116, 218, 142, 190, 158, 246, 172, 97, 232, 145, 82, 196, 78, 177, 247, 41, 146, 28, 135, 126, 13, 160, 84, 62,
15, 229, 146, 94, 46, 74, 143, 73, 141, 205, 31, 169, 39, 129, 129, 56, 164, 108, 166, 137, 181, 125, 111, 13, 97, 91, 54, 179, 51, 41, 54, 255, 235, 196, 31, 146, 166, 51, 161, 77,
142, 195, 253, 91, 146, 144, 92, 229, 53, 98, 80, 45, 162, 88, 109, 186, 163, 85, 254, 138, 205, 251, 124, 168, 230, 250, 235, 233, 29, 112, 77, 203, 113, 110, 28, 38, 162, 24, 28, 150,
206, 116, 129, 39, 21, 8, 68, 149, 131, 42, 50, 106, 22, 75, 139, 106, 63, 38, 60, 19, 9, 168, 92, 130, 139, 227, 145, 161, 11, 223, 50, 3, 255, 66, 7, 214, 231, 88, 252, 42,
111, 155, 245, 125, 53, 95, 192, 41, 148, 155, 148, 12, 207, 119, 22, 15, 155, 70, 125, 161, 146, 121, 215, 0, 49, 186, 241, 214, 170, 154, 208, 57, 177, 4, 113, 217, 179, 30, 255, 220,
207, 86, 41, 213, 9, 249, 208, 79, 127, 84, 190, 51, 144, 126, 190, 214, 206, 9, 103, 53, 9, 83, 253, 174, 138, 229, 169, 160, 26, 51, 42, 252, 38, 123, 187, 194, 118, 220, 213, 243,
129, 70, 100, 5, 57, 45, 129, 190, 201, 181, 225, 50, 240, 208, 33, 181, 96, 150, 46, 64, 35, 247, 73, 110, 150, 47, 90, 20, 173, 181, 251, 139, 130, 24, 201, 192, 176, 13, 83, 7,
17, 228, 75, 165, 240, 143, 74, 111, 220, 156, 242, 56, 147, 5, 69, 46, 202, 18, 240, 13, 110, 140, 70, 76, 48, 236, 21, 187, 252, 223, 113, 23, 210, 243, 194, 147, 16, 244, 91, 105,
168, 201, 1, 253, 55, 203, 144, 195, 119, 250, 42, 173, 18, 43, 17, 93, 181, 20, 177, 118, 51, 111, 12, 229, 237, 200, 56, 123, 185, 220, 173, 209, 92, 60, 210, 224, 16, 195, 182, 136,
149, 18, 183, 151, 204, 159, 101, 211, 167, 185, 0, 10, 156, 241, 150, 190, 9, 24, 234, 67, 244, 22, 198, 224, 162, 164, 87, 81, 174, 154, 227, 61, 238, 211, 37, 86, 18, 114, 206, 138,
84, 209, 225, 226, 149, 213, 170, 79, 252, 196, 115, 183, 70, 234, 208, 111, 134, 57, 152, 26, 107, 180, 30, 52, 43, 231, 169, 113, 44, 74, 189, 103, 178, 225, 19, 149, 54, 150, 128, 38,
227, 15, 163, 189, 238, 88, 5, 23, 109, 115, 92, 204, 39, 123, 104, 201, 242, 234, 15, 209, 184, 61, 151, 18, 135, 218, 252, 65, 152, 179, 71, 252, 46, 69, 10, 29, 245, 75, 77, 217,
174, 104, 244, 162, 152, 131, 31, 159, 202, 237, 208, 245, 8, 26, 65, 213, 115, 3, 12, 120, 134, 58, 7, 191, 235, 109, 227, 48, 78, 31, 71, 150, 179, 100, 4, 72, 40, 89, 137, 122,
18, 121, 72, 61, 5, 167, 75, 147, 163, 251, 133, 250, 8, 222, 50, 29, 250, 122, 29, 198, 134, 33, 135, 120, 68, 189, 171, 85, 8, 86, 243, 41, 147, 237, 148, 40, 148, 77, 123, 76,
133, 18, 26, 151, 239, 125, 148, 91, 106, 132, 232, 221, 129, 149, 197, 46, 143, 92, 36, 217, 152, 64, 252, 201, 187, 14, 101, 214, 110, 233, 179, 83, 51, 127, 149, 4, 139, 71, 145, 216,
232, 24, 92, 112, 11, 85, 217, 245, 161, 128, 169, 190, 52, 19, 51, 150, 52, 71, 187, 231, 118, 244, 213, 196, 128, 70, 100, 105, 61, 63, 129, 190, 201, 149, 156, 19, 236, 238, 44, 137,
111, 253, 93, 69, 111, 191, 60, 98, 144, 69, 69, 114, 174, 137, 251, 181, 254, 67, 255, 199, 171, 20, 117, 69, 6, 224, 117, 138, 243, 248, 74, 104, 143, 224, 192, 72, 155, 118, 7, 6,
225, 12, 219, 43, 53, 138, 116, 89, 100, 159, 43, 219, 166, 214, 49, 1, 210, 249, 228, 166, 75, 181, 89, 51, 138, 163, 26, 195, 7, 173, 171, 253, 11, 170, 73, 144, 111, 104, 17, 1,
188, 60, 153, 83, 70, 109, 12, 229, 236, 199, 56, 84, 185, 220, 235, 196, 81, 50, 241, 159, 125, 218, 203, 180, 149, 109, 151, 129, 180, 151, 2, 228, 142, 150, 0, 10, 237, 212, 222, 212,
28, 90, 254, 72, 245, 70, 222, 187, 151, 182, 89, 9, 150, 134, 199, 62, 196, 200, 120, 121, 52, 125, 244, 203, 68, 244, 142, 226, 241, 200, 172, 10, 247, 143, 119, 204, 78, 213, 198, 77,
161, 62, 194, 30, 19, 190, 45, 30, 61, 176, 146, 71, 2, 105, 173, 113, 156, 233, 3, 138, 58, 231, 186, 0, 252, 58, 166, 147, 234, 94, 117, 13, 78, 116, 116, 187, 51, 7, 50, 203,
203, 216, 22, 198, 144, 76, 227, 21, 159, 255, 133, 22, 176, 168, 20, 193, 49, 124, 80, 119, 179, 11, 102, 160, 172, 106, 222, 182, 183, 209, 123, 133, 237, 251, 195, 154, 44, 46, 114, 138,
100, 58, 50, 112, 135, 37, 49, 195, 207, 85, 248, 20, 7, 116, 96, 180, 152, 100, 4, 59, 44, 75, 137, 122, 48, 26, 72, 44, 5, 168, 75, 141, 159, 171, 226, 165, 44, 230, 33, 29,
204, 74, 98, 215, 134, 26, 252, 91, 92, 136, 253, 100, 111, 87, 213, 53, 198, 171, 188, 9, 185, 65, 60, 77, 249, 16, 103, 156, 237, 23, 225, 56, 29, 141, 244, 225, 246, 138, 229, 96,
176, 62, 82, 232, 177, 21, 208, 191, 196, 33, 66, 200, 108, 195, 197, 15, 67, 105, 224, 35, 252, 23, 144, 218, 202, 56, 83, 49, 50, 40, 247, 228, 187, 145, 186, 252, 105, 62, 86, 159,
8, 101, 187, 209, 118, 254, 213, 243, 174, 61, 20, 32, 38, 38, 176, 173, 226, 181, 155, 18, 166, 236, 55, 149, 77, 247, 65, 49, 35, 141, 105, 78, 146, 113, 38, 104, 157, 183, 152, 183,
253, 84, 130, 225, 175, 57, 17, 102, 52, 145, 99, 179, 141, 220, 126, 110, 137, 221, 192, 49, 206, 127, 6, 46, 222, 26, 211, 43, 105, 145, 82, 102, 65, 144, 15, 219, 128, 138, 48, 43,
227, 203, 228, 151, 79, 146, 85, 13, 174, 244, 59, 161, 8, 202, 171, 195, 1, 186, 11, 211, 46, 62, 32, 68, 160, 99, 135, 88, 28, 103, 14, 193, 160, 183, 126, 95, 136, 156, 242, 254,
83, 60, 223, 238, 47, 225, 183, 153, 239, 41, 193, 134, 141, 198, 2, 210, 161, 177, 7, 5, 232, 222, 208, 212, 28, 95, 235, 99, 239, 44, 213, 174, 220, 190, 112, 106, 156, 144, 159, 122,
184, 178, 32, 127, 6, 74, 171, 204, 52, 178, 235, 251, 169, 250, 144, 16, 210, 134, 119, 232, 61, 183, 162, 86, 174, 100, 181, 29, 112, 225, 86, 103, 124, 190, 171, 116, 61, 89, 133, 30,
144, 220, 108, 226, 7, 145, 186, 39, 252, 19, 189, 144, 172, 73, 5, 106, 78, 94, 83, 185, 28, 123, 75, 212, 235, 201, 22, 244, 168, 61, 183, 57, 177, 194, 214, 73, 171, 172, 81, 135,
6, 2, 111, 33, 169, 119, 86, 225, 130, 125, 219, 219, 171, 228, 1, 142, 230, 199, 254, 179, 18, 26, 82, 137, 48, 13, 46, 65, 131, 21, 49, 169, 231, 77, 244, 45, 85, 45, 101, 150,
158, 100, 4, 96, 40, 117, 137, 122, 118, 98, 56, 15, 39, 144, 75, 135, 181, 188, 155, 187, 8, 248, 37, 29, 197, 107, 51, 243, 171, 38, 163, 120, 52, 150, 219, 88, 8, 88, 182, 41,
206, 229, 158, 3, 184, 81, 29, 102, 178, 22, 103, 180, 155, 8, 234, 0, 50, 198, 206, 180, 174, 176, 157, 26, 188, 11, 37, 130, 147, 62, 131, 195, 211, 84, 71, 243, 53, 253, 179, 12,
85, 105, 224, 50, 131, 87, 181, 216, 230, 23, 64, 69, 24, 51, 253, 209, 146, 150, 186, 191, 12, 20, 86, 159, 117, 71, 187, 211, 118, 167, 213, 196, 174, 109, 20, 35, 41, 1, 198, 190,
249, 250, 144, 11, 244, 228, 119, 154, 105, 206, 125, 65, 53, 254, 73, 126, 200, 89, 35, 119, 191, 144, 183, 154, 159, 28, 212, 232, 183, 14, 98, 21, 39, 250, 90, 134, 147, 233, 73, 104,
157, 213, 194, 59, 143, 95, 6, 46, 223, 12, 242, 29, 105, 185, 60, 122, 96, 144, 15, 246, 189, 130, 10, 23, 214, 141, 228, 247, 79, 180, 85, 106, 175, 244, 59, 193, 7, 255, 171, 190,
2, 252, 27, 221, 1, 21, 43, 94, 139, 60, 254, 103, 61, 96, 5, 207, 185, 247, 56, 121, 168, 143, 137, 217, 67, 42, 193, 199, 14, 250, 182, 235, 234, 48, 148, 171, 145, 230, 101, 137,
160, 194, 98, 30, 237, 193, 234, 161, 55, 90, 136, 113, 247, 39, 213, 134, 142, 155, 98, 65, 198, 182, 210, 93, 210, 146, 32, 71, 30, 112, 171, 137, 111, 182, 157, 145, 247, 251, 130, 20,
234, 145, 99, 196, 70, 198, 172, 120, 130, 42, 168, 4, 104, 180, 53, 34, 55, 223, 170, 111, 21, 118, 173, 102, 161, 223, 31, 163, 22, 132, 193, 0, 196, 115, 171, 170, 234, 28, 6, 110,
96, 94, 33, 219, 10, 29, 80, 234, 210, 174, 22, 238, 184, 9, 230, 83, 253, 139, 214, 88, 244, 175, 117, 199, 51, 125, 80, 52, 177, 88, 21, 186, 151, 105, 193, 158, 206, 211, 6, 159,
209, 237, 211, 157, 109, 35, 53, 211, 96, 19, 104, 45, 135, 7, 49, 169, 145, 109, 244, 112, 13, 115, 82, 233, 142, 98, 22, 37, 109, 95, 130, 122, 60, 2, 72, 45, 47, 140, 45, 168,
160, 186, 230, 249, 63, 242, 28, 97, 237, 96, 11, 141, 239, 31, 134, 117, 67, 150, 219, 103, 107, 99, 182, 41, 147, 243, 158, 24, 184, 118, 29, 77, 133, 22, 103, 220, 166, 121, 234, 0,
114, 138, 206, 227, 161, 154, 246, 40, 172, 32, 35, 137, 177, 28, 241, 195, 220, 17, 114, 228, 106, 163, 224, 22, 78, 75, 182, 55, 138, 93, 168, 139, 194, 56, 83, 106, 50, 62, 225, 211,
155, 150, 186, 172, 105, 26, 86, 159, 125, 101, 187, 194, 118, 220, 213, 254, 176, 93, 34, 56, 13, 45, 129, 190, 201, 178, 144, 19, 244, 194, 53, 155, 97, 222, 108, 57, 0, 186, 43, 78,
212, 88, 60, 108, 183, 181, 185, 144, 155, 67, 137, 237, 234, 15, 70, 111, 1, 196, 99, 141, 172, 236, 96, 72, 183, 234, 237, 58, 142, 91, 110, 40, 253, 12, 199, 15, 11, 129, 80, 79,
74, 129, 31, 219, 146, 188, 17, 49, 212, 245, 199, 181, 10, 150, 92, 63, 254, 218, 52, 237, 10, 202, 188, 222, 48, 159, 1, 160, 8, 105, 16, 90, 181, 127, 229, 115, 13, 92, 12, 203,
200, 200, 103, 120, 168, 184, 173, 242, 81, 23, 223, 222, 112, 251, 243, 152, 194, 100, 195, 180, 175, 232, 101, 211, 167, 185, 0, 10, 156, 192, 209, 190, 44, 44, 136, 115, 247, 39, 147, 142,
182, 132, 91, 65, 136, 150, 211, 63, 230, 161, 127, 86, 12, 110, 233, 154, 127, 222, 238, 225, 163, 199, 129, 113, 220, 152, 83, 184, 19, 179, 217, 74, 155, 52, 179, 26, 112, 150, 86, 62,
22, 166, 146, 79, 2, 110, 173, 90, 215, 233, 3, 190, 76, 174, 173, 56, 211, 6, 128, 146, 186, 26, 6, 104, 84, 77, 40, 198, 61, 96, 114, 168, 151, 201, 27, 243, 151, 94, 140, 57,
158, 156, 208, 106, 141, 141, 92, 203, 110, 92, 8, 52, 163, 89, 105, 184, 176, 73, 198, 161, 199, 195, 7, 159, 198, 200, 211, 233, 38, 48, 78, 207, 86, 43, 41, 32, 239, 95, 118, 150,
226, 12, 244, 119, 85, 52, 101, 150, 179, 100, 4, 72, 40, 89, 137, 122, 18, 36, 56, 16, 20, 153, 20, 147, 143, 188, 160, 223, 76, 223, 60, 97, 242, 110, 58, 250, 239, 35, 135, 89,
77, 210, 192, 103, 48, 92, 220, 112, 243, 229, 191, 23, 199, 67, 63, 91, 191, 29, 67, 151, 136, 9, 209, 36, 51, 174, 206, 211, 242, 133, 207, 14, 160, 84, 58, 129, 157, 26, 195, 201,
255, 81, 99, 242, 45, 190, 220, 77, 97, 118, 169, 17, 139, 71, 188, 242, 213, 55, 92, 105, 24, 96, 253, 209, 254, 150, 186, 148, 52, 34, 52, 133, 60, 124, 175, 231, 119, 241, 183, 157,
175, 85, 3, 29, 61, 63, 133, 190, 237, 185, 130, 45, 175, 157, 33, 184, 64, 200, 123, 46, 43, 168, 72, 126, 253, 127, 24, 25, 157, 172, 178, 151, 158, 97, 212, 248, 178, 27, 76, 29,
35, 224, 13, 177, 163, 148, 102, 98, 143, 213, 230, 64, 156, 103, 112, 6, 193, 16, 240, 54, 7, 155, 54, 77, 75, 188, 15, 166, 189, 174, 10, 23, 210, 141, 228, 173, 79, 173, 85, 51,
167, 220, 54, 161, 44, 208, 171, 212, 1, 143, 65, 189, 46, 112, 83, 50, 181, 56, 180, 83, 61, 35, 12, 205, 252, 228, 7, 90, 239, 190, 189, 229, 77, 79, 242, 218, 1, 217, 208, 180,
149, 38, 182, 141, 204, 207, 123, 243, 174, 157, 65, 91, 177, 233, 144, 212, 28, 26, 243, 86, 171, 28, 198, 187, 179, 157, 108, 9, 201, 159, 254, 105, 228, 173, 32, 127, 15, 111, 176, 132,
76, 222, 160, 164, 174, 245, 130, 20, 205, 145, 99, 204, 70, 234, 172, 77, 161, 37, 194, 34, 19, 150, 81, 125, 113, 203, 181, 69, 1, 77, 143, 121, 191, 201, 54, 156, 48, 228, 188, 0,
255, 27, 128, 147, 186, 112, 35, 56, 102, 1, 41, 130, 20, 38, 119, 222, 227, 239, 26, 203, 175, 80, 187, 69, 159, 255, 137, 108, 244, 168, 94, 199, 18, 111, 75, 21, 141, 118, 118, 233,
164, 29, 222, 168, 159, 143, 6, 252, 255, 237, 194, 164, 14, 7, 53, 211, 105, 19, 104, 112, 135, 23, 49, 169, 243, 109, 244, 23, 85, 8, 71, 137, 159, 100, 4, 59, 44, 75, 137, 122,
48, 26, 72, 44, 5, 168, 75, 128, 159, 251, 133, 213, 73, 240, 50, 7, 196, 104, 122, 216, 145, 42, 150, 123, 127, 181, 245, 122, 11, 65, 243, 41, 246, 239, 166, 3, 154, 127, 96, 122,
187, 53, 125, 163, 176, 117, 225, 57, 51, 133, 225, 179, 245, 146, 229, 29, 128, 32, 103, 201, 136, 6, 192, 201, 198, 87, 97, 247, 26, 177, 207, 25, 64, 109, 178, 35, 252, 104, 188, 249,
253, 46, 118, 76, 25, 68, 211, 174, 142, 234, 134, 189, 21, 10, 53, 142, 115, 76, 174, 147, 107, 204, 183, 218, 157, 92, 16, 32, 76, 38, 141, 175, 221, 132, 156, 18, 169, 219, 12, 150,
77, 200, 46, 65, 10, 249, 98, 76, 196, 115, 5, 104, 188, 211, 187, 183, 224, 64, 132, 225, 244, 73, 84, 107, 119, 228, 8, 190, 147, 209, 28, 122, 132, 218, 228, 19, 178, 118, 6, 6,
238, 101, 186, 41, 102, 173, 118, 10, 125, 144, 15, 229, 128, 188, 10, 23, 211, 251, 228, 151, 79, 146, 85, 13, 174, 193, 54, 165, 55, 247, 128, 191, 49, 175, 42, 146, 45, 15, 1, 27,
206, 46, 229, 101, 57, 69, 12, 255, 250, 203, 22, 80, 136, 208, 163, 243, 54, 51, 193, 226, 15, 186, 235, 153, 142, 51, 192, 172, 141, 150, 61, 234, 142, 154, 123, 88, 232, 224, 234, 175,
35, 63, 244, 87, 247, 44, 204, 158, 176, 168, 34, 102, 141, 134, 217, 67, 248, 155, 102, 53, 23, 114, 171, 154, 67, 182, 157, 229, 177, 231, 130, 20, 209, 189, 99, 232, 78, 208, 250, 110,
162, 28, 166, 29, 61, 178, 52, 122, 124, 250, 141, 23, 107, 115, 173, 65, 145, 233, 18, 227, 49, 150, 193, 0, 252, 22, 250, 153, 137, 90, 47, 101, 76, 117, 105, 182, 55, 26, 117, 195,
205, 245, 65, 151, 154, 95, 144, 25, 137, 233, 227, 1, 139, 138, 118, 229, 34, 25, 80, 21, 128, 84, 71, 196, 181, 110, 222, 189, 154, 227, 100, 171, 220, 235, 248, 183, 61, 11, 53, 228,
97, 19, 104, 65, 131, 21, 49, 169, 231, 77, 244, 45, 57, 19, 39, 174, 165, 92, 63, 108, 111, 74, 158, 96, 15, 43, 72, 40, 112, 168, 13, 159, 137, 170, 173, 218, 8, 248, 49, 111,
216, 122, 34, 242, 231, 27, 252, 109, 67, 189, 245, 96, 116, 63, 189, 54, 242, 183, 158, 6, 203, 86, 51, 76, 189, 42, 26, 129, 171, 96, 204, 42, 36, 167, 150, 176, 173, 176, 143, 26,
137, 34, 35, 198, 169, 62, 204, 195, 184, 26, 120, 252, 7, 252, 241, 77, 85, 105, 149, 50, 137, 87, 188, 242, 195, 55, 92, 69, 24, 78, 160, 245, 170, 191, 161, 251, 12, 62, 0, 133,
9, 62, 176, 192, 3, 248, 178, 196, 188, 105, 100, 53, 24, 47, 198, 190, 178, 185, 155, 42, 236, 207, 61, 165, 113, 254, 108, 65, 55, 156, 105, 109, 208, 79, 68, 104, 191, 144, 251, 154,
131, 67, 131, 215, 178, 55, 117, 29, 52, 250, 80, 141, 150, 138, 103, 100, 181, 225, 241, 21, 204, 90, 71, 6, 223, 12, 199, 53, 53, 189, 70, 15, 97, 156, 48, 206, 178, 223, 44, 89,
175, 193, 191, 202, 23, 161, 52, 50, 164, 231, 81, 166, 119, 176, 220, 184, 101, 227, 89, 208, 119, 118, 68, 78, 197, 126, 245, 45, 67, 55, 68, 133, 171, 236, 35, 30, 247, 192, 247, 169,
37, 82, 185, 133, 109, 175, 186, 251, 149, 117, 220, 192, 138, 207, 49, 210, 193, 211, 17, 78, 255, 212, 203, 143, 36, 5, 153, 91, 176, 15, 251, 148, 186, 128, 92, 121, 146, 155, 253, 69,
194, 143, 88, 114, 51, 65, 219, 197, 55, 185, 228, 244, 160, 218, 136, 66, 211, 138, 113, 231, 15, 227, 158, 60, 235, 115, 209, 60, 58, 172, 17, 62, 43, 169, 151, 77, 40, 21, 129, 69,
129, 134, 95, 188, 17, 180, 149, 0, 171, 28, 190, 138, 128, 68, 13, 48, 105, 85, 117, 189, 13, 35, 104, 196, 151, 188, 72, 128, 133, 86, 228, 80, 235, 130, 128, 2, 255, 201, 16, 128,
101, 24, 12, 104, 228, 13, 16, 167, 197, 27, 185, 208, 205, 155, 20, 254, 184, 143, 177, 236, 106, 100, 36, 136, 41, 121, 96, 56, 228, 94, 114, 215, 133, 13, 130, 108, 94, 118, 44, 240,
235, 38, 93, 46, 109, 52, 196, 58, 105, 105, 75, 86, 104, 255, 85, 210, 201, 236, 228, 163, 82, 183, 76, 0, 171, 49, 96, 146, 255, 89, 246, 48, 37, 200, 181, 20, 118, 63, 249, 81,
175, 176, 154, 3, 159, 75, 116, 99, 175, 44, 93, 130, 179, 84, 237, 37, 12, 133, 213, 232, 155, 199, 148, 107, 216, 76, 44, 131, 197, 87, 221, 234, 171, 60, 117, 193, 51, 228, 232, 16,
76, 80, 144, 56, 168, 67, 155, 131, 149, 92, 11, 32, 79, 50, 163, 188, 191, 187, 148, 160, 127, 52, 11, 175, 36, 101, 217, 251, 32, 192, 187, 244, 172, 69, 57, 25, 18, 59, 189, 165,
231, 175, 152, 18, 150, 196, 40, 149, 90, 129, 40, 84, 121, 239, 91, 127, 250, 112, 25, 76, 146, 174, 157, 181, 167, 95, 221, 241, 231, 72, 4, 6, 101, 155, 25, 161, 170, 219, 46, 103,
138, 207, 244, 28, 222, 104, 80, 19, 212, 106, 216, 50, 51, 129, 77, 80, 105, 181, 16, 248, 168, 166, 40, 36, 157, 143, 149, 253, 94, 239, 39, 108, 242, 163, 69, 174, 114, 184, 209, 188,
115, 248, 79, 205, 127, 127, 8, 4, 134, 45, 185, 48, 33, 115, 43, 229, 194, 239, 24, 119, 179, 132, 168, 213, 76, 48, 245, 253, 40, 198, 219, 227, 145, 124, 200, 192, 147, 198, 32, 212,
229, 149, 93, 1, 176, 202, 140, 179, 33, 54, 230, 77, 141, 19, 200, 130, 172, 128, 121, 92, 183, 155, 216, 69, 231, 188, 41, 45, 127, 39, 164, 205, 52, 185, 242, 244, 244, 129, 241, 18,
175, 144, 90, 227, 31, 235, 180, 67, 175, 12, 174, 7, 51, 180, 8, 5, 12, 229, 176, 109, 13, 86, 187, 19, 211, 172, 104, 240, 5, 250, 198, 91, 179, 111, 241, 211, 234, 24, 124, 112,
37, 8, 47, 204, 104, 111, 41, 170, 145, 171, 89, 128, 211, 81, 229, 75, 231, 147, 130, 24, 239, 212, 4, 159, 115, 17, 68, 127, 228, 83, 75, 232, 132, 64, 181, 175, 154, 232, 88, 133,
231, 234, 253, 178, 22, 1, 91, 132, 50, 121, 100, 52, 231, 48, 32, 164, 250, 117, 217, 44, 18, 14, 93, 176, 130, 90, 56, 71, 0, 32, 210, 6, 41, 38, 26, 5, 40, 255, 59, 143,
186, 147, 138, 252, 55, 251, 24, 64, 231, 74, 24, 210, 179, 4, 141, 85, 76, 176, 245, 107, 124, 54, 164, 102, 133, 244, 198, 87, 203, 23, 102, 28, 224, 83, 5, 216, 232, 1, 148, 69,
126, 201, 213, 235, 167, 158, 200, 107, 186, 8, 74, 249, 183, 62, 216, 197, 194, 15, 88, 242, 22, 193, 232, 53, 90, 32, 233, 116, 249, 15, 169, 218, 209, 20, 27, 102, 18, 104, 251, 238,
227, 140, 149, 145, 0, 7, 8, 133, 41, 101, 149, 200, 13, 214, 136, 199, 137, 69, 28, 25, 55, 59, 171, 212, 178, 227, 254, 94, 238, 152, 116, 252, 46, 153, 41, 90, 113, 230, 14, 17,
201, 115, 22, 65, 146, 199, 139, 159, 165, 108, 221, 194, 179, 49, 109, 64, 12, 197, 85, 168, 155, 142, 23, 43, 216, 140, 225, 17, 156, 91, 81, 98, 232, 76, 255, 61, 62, 188, 14, 80,
106, 186, 56, 248, 228, 176, 37, 8, 250, 245, 252, 137, 18, 142, 120, 48, 167, 218, 56, 199, 51, 244, 187, 191, 101, 244, 89, 159, 57, 85, 110, 13, 138, 62, 245, 79, 23, 72, 43, 229,
231, 239, 24, 119, 150, 132, 168, 213, 105, 38, 168, 134, 100, 178, 164, 234, 137, 124, 214, 191, 145, 211, 11, 208, 130, 159, 93, 2, 179, 241, 237, 128, 41, 54, 139, 36, 160, 16, 174, 235,
197, 204, 53, 111, 159, 132, 235, 69, 194, 170, 125, 87, 51, 100, 232, 181, 76, 208, 181, 184, 155, 156, 159, 100, 204, 163, 106, 201, 18, 235, 221, 85, 130, 63, 157, 7, 51, 135, 85, 126,
24, 169, 196, 4, 27, 124, 144, 116, 186, 211, 57, 188, 18, 158, 189, 37, 231, 47, 189, 183, 150, 97, 40, 48, 105, 102, 40, 175, 27, 32, 112, 196, 201, 213, 25, 204, 146, 11, 157, 53,
167, 223, 238, 28, 132, 167, 77, 243, 26, 96, 85, 40, 141, 118, 109, 231, 137, 101, 249, 175, 207, 133, 105, 145, 129, 198, 255, 186, 85, 66, 104, 211, 102, 56, 53, 52, 155, 13, 54, 164,
201, 80, 217, 9, 55, 14, 120, 176, 167, 90, 29, 98, 51, 81, 136, 96, 26, 120, 77, 68, 121, 255, 59, 136, 139, 147, 185, 252, 18, 222, 61, 64, 194, 111, 61, 210, 128, 89, 247, 52,
90, 152, 234, 107, 13, 70, 205, 55, 236, 176, 153, 12, 183, 110, 29, 80, 167, 44, 2, 199, 213, 50, 205, 10, 101, 135, 214, 240, 228, 215, 140, 99, 209, 84, 53, 154, 222, 66, 130, 165,
171, 70, 49, 172, 127, 181, 185, 92, 53, 48, 249, 59, 182, 15, 236, 147, 144, 78, 21, 43, 94, 54, 189, 188, 245, 243, 193, 231, 118, 120, 16, 164, 32, 103, 243, 132, 100, 191, 196, 217,
128, 120, 32, 34, 16, 119, 154, 133, 231, 201, 180, 16, 187, 162, 78, 176, 106, 218, 120, 24, 100, 144, 96, 126, 250, 67, 25, 76, 183, 139, 184, 144, 167, 122, 248, 231, 128, 76, 4, 17,
101, 129, 95, 177, 170, 220, 80, 98, 138, 194, 189, 89, 244, 23, 20, 108, 171, 79, 254, 61, 62, 164, 36, 99, 118, 249, 100, 180, 155, 141, 32, 36, 250, 245, 252, 172, 18, 171, 120, 21,
130, 204, 66, 190, 119, 199, 134, 254, 26, 165, 21, 136, 13, 22, 45, 7, 137, 32, 156, 124, 18, 123, 61, 192, 231, 220, 96, 10, 246, 226, 228, 188, 37, 89, 245, 219, 39, 238, 232, 251,
250, 46, 148, 151, 222, 154, 116, 158, 233, 249, 17, 78, 255, 152, 200, 131, 38, 8, 213, 36, 155, 19, 193, 165, 197, 209, 53, 19, 161, 132, 190, 44, 171, 195, 49, 114, 48, 107, 229, 144,
37, 198, 237, 244, 249, 143, 240, 49, 133, 220, 21, 160, 18, 232, 247, 125, 167, 115, 174, 60, 58, 171, 17, 32, 49, 169, 196, 4, 63, 98, 238, 11, 197, 172, 117, 188, 17, 180, 149, 0,
171, 28, 184, 154, 167, 8, 121, 124, 52, 51, 19, 212, 100, 111, 36, 247, 202, 255, 20, 204, 222, 56, 182, 74, 255, 208, 217, 79, 173, 139, 4, 145, 101, 11, 120, 6, 135, 123, 97, 205,
162, 100, 220, 186, 181, 251, 121, 130, 196, 243, 192, 140, 12, 28, 81, 234, 82, 1, 0, 78, 165, 13, 39, 159, 192, 90, 210, 40, 23, 45, 127, 176, 166, 125, 30, 126, 46, 106, 151, 120,
48, 63, 14, 28, 61, 165, 84, 218, 215, 255, 225, 165, 72, 160, 76, 21, 160, 44, 115, 180, 255, 72, 228, 60, 105, 150, 250, 85, 40, 47, 219, 55, 202, 179, 158, 21, 142, 7, 105, 28,
176, 14, 59, 206, 255, 24, 132, 10, 42, 155, 153, 219, 173, 223, 153, 107, 212, 64, 53, 147, 161, 21, 130, 184, 232, 11, 112, 236, 44, 168, 224, 19, 15, 57, 249, 116, 228, 15, 228, 155,
133, 35, 89, 111, 17, 108, 225, 236, 144, 160, 133, 188, 54, 54, 3, 226, 54, 124, 155, 140, 27, 253, 210, 159, 134, 100, 52, 34, 13, 123, 212, 179, 226, 239, 241, 33, 182, 129, 25, 252,
56, 153, 70, 29, 100, 226, 36, 42, 175, 60, 85, 0, 222, 130, 186, 152, 193, 57, 145, 142, 255, 88, 72, 67, 38, 200, 85, 228, 155, 214, 4, 54, 197, 157, 159, 80, 222, 23, 20, 59,
227, 74, 253, 59, 127, 151, 109, 28, 57, 228, 121, 203, 168, 138, 42, 91, 193, 211, 191, 224, 94, 231, 52, 124, 235, 179, 81, 226, 48, 251, 133, 224, 101, 150, 24, 196, 121, 127, 59, 7,
138, 35, 190, 101, 14, 76, 7, 216, 249, 234, 63, 89, 241, 155, 177, 254, 45, 38, 234, 152, 100, 208, 237, 247, 133, 3, 156, 201, 163, 135, 59, 206, 235, 195, 59, 78, 255, 152, 132, 204,
101, 73, 153, 104, 171, 28, 197, 167, 197, 179, 119, 16, 195, 215, 235, 96, 228, 140, 122, 107, 47, 83, 247, 136, 119, 240, 183, 179, 234, 220, 177, 89, 141, 163, 70, 172, 94, 216, 253, 55,
250, 127, 209, 17, 54, 243, 85, 101, 24, 169, 150, 86, 100, 47, 238, 11, 197, 172, 117, 240, 94, 247, 212, 0, 228, 32, 176, 146, 255, 119, 39, 124, 56, 25, 70, 152, 43, 32, 111, 238,
213, 199, 6, 212, 140, 14, 186, 27, 229, 192, 196, 76, 247, 167, 87, 128, 101, 118, 80, 111, 246, 19, 4, 212, 140, 7, 167, 217, 163, 189, 20, 236, 171, 131, 177, 254, 127, 104, 104, 211,
102, 56, 53, 52, 155, 11, 100, 198, 133, 99, 217, 47, 17, 44, 97, 172, 144, 96, 5, 124, 54, 118, 131, 34, 54, 60, 27, 76, 27, 172, 72, 203, 186, 165, 254, 163, 82, 183, 43, 69,
160, 48, 120, 227, 213, 98, 228, 60, 37, 217, 185, 20, 100, 47, 219, 41, 192, 175, 128, 12, 138, 124, 11, 85, 175, 11, 108, 206, 226, 24, 215, 24, 55, 128, 215, 227, 234, 156, 204, 42,
151, 68, 119, 217, 138, 68, 134, 162, 233, 12, 99, 182, 61, 225, 240, 79, 55, 55, 181, 39, 172, 70, 162, 207, 141, 35, 84, 44, 94, 53, 189, 176, 235, 177, 152, 186, 108, 106, 74, 190,
54, 97, 144, 194, 48, 183, 187, 201, 201, 44, 97, 121, 87, 126, 254, 204, 171, 227, 241, 94, 255, 136, 100, 131, 108, 221, 97, 84, 121, 239, 91, 114, 193, 100, 85, 11, 222, 214, 222, 246,
235, 19, 145, 142, 255, 88, 4, 12, 44, 207, 25, 155, 167, 159, 80, 99, 128, 194, 159, 80, 222, 23, 20, 108, 171, 3, 177, 126, 127, 232, 36, 99, 119, 188, 42, 225, 168, 155, 31, 36,
204, 216, 205, 157, 94, 250, 52, 47, 191, 225, 24, 224, 56, 182, 135, 228, 36, 187, 81, 134, 45, 43, 87, 89, 203, 46, 180, 126, 26, 63, 22, 197, 255, 176, 99, 16, 189, 135, 182, 180,
103, 16, 237, 135, 118, 161, 232, 168, 205, 53, 147, 148, 214, 248, 54, 144, 235, 199, 24, 66, 255, 218, 205, 152, 118, 91, 151, 118, 183, 23, 205, 173, 145, 196, 74, 83, 210, 215, 134, 37,
162, 207, 49, 44, 106, 61, 173, 213, 15, 185, 249, 244, 228, 143, 228, 27, 133, 220, 21, 160, 94, 216, 253, 120, 179, 115, 204, 110, 0, 177, 0, 52, 101, 162, 217, 21, 78, 63, 196, 11,
197, 172, 117, 240, 94, 178, 154, 8, 129, 73, 241, 222, 255, 8, 100, 124, 37, 25, 112, 146, 100, 16, 96, 187, 209, 244, 16, 206, 244, 71, 244, 92, 235, 147, 145, 14, 255, 216, 4, 140,
101, 118, 75, 33, 183, 74, 72, 255, 190, 115, 252, 148, 134, 234, 20, 241, 171, 208, 229, 172, 54, 38, 99, 146, 102, 49, 56, 102, 236, 13, 45, 143, 150, 14, 155, 34, 31, 41, 112, 244,
169, 122, 5, 61, 109, 54, 134, 99, 55, 97, 27, 13, 48, 236, 86, 197, 137, 191, 189, 249, 24, 227, 92, 115, 232, 47, 113, 136, 246, 68, 228, 67, 97, 208, 181, 20, 118, 58, 177, 114,
140, 214, 213, 64, 222, 7, 116, 28, 235, 83, 17, 206, 255, 24, 251, 5, 33, 145, 153, 185, 228, 160, 205, 47, 157, 76, 62, 144, 207, 125, 148, 172, 171, 67, 49, 190, 127, 168, 225, 18,
97, 19, 211, 116, 228, 15, 228, 155, 133, 92, 21, 95, 23, 39, 169, 188, 148, 186, 209, 229, 127, 7, 80, 198, 101, 41, 217, 132, 33, 241, 128, 161, 239, 44, 117, 112, 94, 37, 145, 152,
254, 177, 191, 94, 171, 201, 38, 176, 96, 151, 122, 27, 42, 172, 101, 111, 141, 67, 7, 69, 141, 146, 184, 136, 226, 57, 212, 192, 187, 81, 12, 5, 79, 163, 85, 171, 167, 222, 72, 43,
186, 199, 236, 47, 161, 104, 88, 5, 231, 106, 253, 50, 22, 129, 77, 80, 76, 144, 16, 221, 141, 166, 27, 77, 133, 129, 149, 226, 34, 245, 37, 101, 247, 207, 67, 188, 109, 196, 214, 186,
39, 129, 12, 184, 117, 105, 87, 55, 215, 125, 225, 78, 84, 72, 47, 154, 215, 178, 102, 12, 154, 180, 245, 164, 53, 37, 171, 128, 116, 211, 181, 236, 144, 0, 196, 214, 200, 251, 101, 133,
151, 194, 4, 88, 131, 137, 146, 223, 105, 53, 136, 55, 243, 35, 149, 243, 210, 211, 63, 71, 156, 177, 232, 62, 190, 215, 51, 20, 85, 100, 235, 159, 100, 245, 249, 139, 160, 221, 155, 114,
201, 181, 89, 201, 18, 235, 248, 85, 167, 63, 157, 34, 0, 237, 68, 113, 101, 214, 129, 64, 27, 86, 173, 71, 137, 197, 57, 188, 18, 187, 189, 37, 231, 10, 189, 183, 179, 119, 117, 106,
45, 102, 125, 145, 27, 16, 104, 247, 236, 240, 25, 204, 146, 46, 157, 53, 148, 135, 157, 14, 128, 147, 93, 243, 26, 118, 85, 13, 168, 118, 72, 231, 172, 101, 220, 156, 183, 254, 125, 133,
194, 234, 206, 232, 118, 66, 14, 208, 106, 58, 56, 120, 228, 48, 33, 152, 250, 99, 217, 9, 55, 43, 120, 149, 167, 127, 56, 71, 22, 81, 136, 96, 41, 22, 64, 81, 100, 226, 68, 159,
140, 175, 190, 184, 87, 183, 89, 12, 212, 119, 50, 225, 128, 4, 168, 112, 76, 176, 245, 125, 40, 70, 205, 18, 250, 229, 195, 106, 151, 65, 116, 99, 174, 16, 110, 177, 179, 113, 237, 0,
41, 160, 213, 232, 141, 182, 237, 2, 137, 0, 121, 239, 199, 66, 148, 178, 171, 82, 33, 190, 43, 224, 225, 18, 15, 57, 249, 116, 228, 93, 161, 207, 208, 14, 91, 32, 16, 110, 248, 150,
174, 189, 149, 196, 85, 52, 11, 175, 36, 101, 217, 251, 45, 248, 187, 244, 172, 69, 28, 25, 18, 30, 189, 165, 231, 138, 189, 55, 150, 225, 27, 237, 48, 153, 36, 84, 116, 197, 98, 116,
215, 60, 42, 73, 161, 184, 157, 144, 167, 122, 248, 231, 179, 20, 109, 64, 26, 152, 11, 228, 249, 159, 21, 39, 197, 143, 202, 20, 140, 104, 125, 32, 194, 79, 216, 50, 51, 164, 77, 80,
105, 181, 53, 203, 241, 207, 32, 20, 175, 156, 149, 224, 94, 152, 125, 59, 148, 204, 56, 199, 22, 209, 136, 197, 12, 128, 21, 173, 40, 22, 45, 34, 186, 125, 224, 48, 67, 55, 22, 197,
255, 176, 99, 16, 189, 144, 171, 238, 45, 38, 240, 211, 27, 208, 205, 146, 236, 21, 153, 169, 183, 238, 56, 245, 167, 186, 120, 39, 128, 137, 145, 192, 101, 26, 205, 118, 173, 17, 195, 229,
135, 149, 97, 85, 214, 168, 208, 126, 212, 170, 125, 87, 51, 65, 232, 144, 105, 208, 181, 184, 168, 195, 155, 14, 137, 220, 106, 233, 33, 216, 221, 112, 167, 26, 184, 7, 51, 180, 45, 32,
26, 184, 203, 13, 109, 21, 196, 11, 197, 172, 10, 185, 25, 136, 171, 37, 194, 10, 152, 146, 150, 97, 13, 48, 76, 85, 80, 189, 13, 16, 53, 174, 133, 161, 85, 194, 151, 19, 231, 78,
229, 209, 208, 64, 187, 208, 123, 197, 34, 118, 102, 13, 141, 118, 109, 231, 172, 101, 220, 156, 183, 219, 125, 133, 194, 252, 160, 235, 127, 99, 36, 207, 113, 43, 48, 122, 163, 65, 38, 130,
209, 89, 157, 31, 26, 53, 75, 149, 167, 90, 29, 71, 51, 116, 136, 69, 41, 37, 21, 8, 27, 234, 72, 203, 186, 165, 138, 207, 55, 251, 24, 101, 194, 74, 61, 210, 150, 4, 155, 45,
55, 208, 181, 20, 116, 119, 194, 29, 227, 154, 179, 38, 184, 97, 125, 54, 174, 29, 85, 228, 213, 84, 203, 15, 36, 133, 153, 219, 168, 155, 251, 2, 172, 37, 92, 220, 146, 62, 216, 197,
212, 84, 49, 163, 127, 228, 235, 29, 97, 106, 173, 38, 173, 65, 163, 147, 250, 24, 71, 95, 55, 107, 221, 240, 130, 191, 157, 162, 22, 52, 8, 160, 41, 86, 204, 141, 78, 149, 141, 205,
197, 98, 58, 36, 94, 8, 152, 136, 212, 138, 152, 55, 150, 196, 40, 149, 105, 240, 70, 67, 100, 187, 108, 126, 203, 22, 85, 0, 222, 199, 166, 153, 191, 70, 195, 192, 255, 22, 77, 64,
79, 204, 87, 160, 206, 181, 72, 100, 134, 205, 249, 80, 161, 82, 76, 19, 212, 106, 253, 23, 51, 164, 77, 117, 76, 181, 16, 221, 168, 131, 13, 50, 250, 132, 153, 224, 33, 162, 102, 3,
167, 218, 29, 199, 22, 209, 136, 197, 41, 165, 48, 173, 27, 102, 68, 86, 197, 60, 182, 113, 18, 123, 92, 243, 231, 231, 14, 119, 150, 161, 141, 240, 105, 48, 245, 253, 27, 184, 173, 209,
175, 53, 147, 192, 144, 200, 32, 156, 148, 150, 73, 49, 128, 241, 200, 165, 41, 5, 240, 77, 141, 19, 237, 130, 137, 128, 92, 121, 161, 207, 148, 120, 227, 134, 127, 20, 127, 40, 164, 220,
119, 252, 173, 161, 182, 193, 228, 85, 204, 144, 63, 229, 16, 227, 158, 22, 185, 54, 133, 59, 45, 182, 68, 19, 32, 251, 166, 72, 13, 115, 173, 98, 172, 224, 28, 188, 18, 158, 189, 51,
178, 73, 180, 144, 187, 1, 108, 117, 15
}

if not (type(9) == 'number') then return nil end

local _k2_lllIlIlll_98 = "x\175\133Y!\225\213\200\142\164\151/\197\248\34o\129\234\223\15\213 \133("

local _xf2_IIIlllIlIllII_104 = function(_s2_llIlllllIlIIl_106, _k)
    local _r = {}
    local _klv___lllllllllIlI_110 = #_k
    for _i2___IIIlIIIIlllI_100 = 1, #_s2_llIlllllIlIIl_106 do
        local _bv___llllIIIIIlIl_111 = _s2_llIlllllIlIIl_106[_i2___IIIlIIIIlllI_100]
        local _k1v___lIIIIIlIIlIlll_107 = _bf2_lIlIlIlIIIIll_102(_k, ((_i2___IIIlIIIIlllI_100 - 1) % _klv___lllllllllIlI_110) + 1)
        local _k2v_IIIlIIlIIIIllI_108 = _bf2_lIlIlIlIIIIll_102(_k, (((_i2___IIIlIIIIlllI_100 - 1) * 7 + 13) % _klv___lllllllllIlI_110) + 1)
        local _k3v___lllIIlIllI_109 = bit32.band((_i2___IIIlIIIIlllI_100 - 1) * (_i2___IIIlIIIIlllI_100 - 1) + 37, 255)
        _r[_i2___IIIlIIIIlllI_100] = _cf2_lIIllIllIlIll_101(bit32.bxor(bit32.bxor(bit32.bxor(_bv___llllIIIIIlIl_111, _k1v___lIIIIIlIIlIlll_107), _k2v_IIIlIIlIIIIllI_108), _k3v___lllIIlIllI_109))
    end
    return _cn2__lllIlIII_103(_r)
end

local _r2__IlllIIlIl_99 = _xf2_IIIlllIlIllII_104(_dt2___IlIIllllllIl_97, _k2_lllIlIlll_98)

local _ld2_IllIIlIIIIIlIl_105 = loadstring(_r2__IlllIIlIl_99)
if not _ld2_IllIIlIIIIIlIl_105 then return nil end

local _ex2_IlIlllIIlIll_112, _er2___IlIIIllI_113 = pcall(_ld2_IllIIlIIIIIlIl_105)
if not _ex2_IlIlllIIlIll_112 then return nil end
return _er2___IlIIIllI_113
end)()
